{"type":"FeatureCollection","name":"kyc_cleaned_settlements","crs":{"type":"name","properties":{"name":"urn:ogc:def:crs:OGC:1.3:CRS84"}},"features":[{"type":"Feature","properties":{"OBJECTID":1,"Country":"Tanzania","City":"Dar es Salaam","Settlement":"MKUNGUNI A","Establishe":"1970","Last_Updat":"21-12-2017","Population":"32080","Structures":"8606","url":"https://sdinet.org/settlement/1849/943739","Shape_Leng":0.0171826302656,"Shape_Area":1.46474986352e-05,"pop":32080.0,"kyc_year":2017.0,"drt_cln":"","area":178924,"dens_area":0.179294001923},"geometry":{"type":"Polygon","coordinates":[[[39.268280000221864,-6.797300000294741],[39.26914999987264,-6.796999999950003],[39.27048999961386,-6.798200000429631],[39.26980999973176,-6.799099999665202],[39.26816000008398,-6.7996000002397645],[39.26756000029383,-6.799500000124851],[39.26606000036878,-6.798999999550291],[39.26477999979721,-6.798800000219785],[39.264400000259855,-6.7985999999899605],[39.263330000379256,-6.798499999875048],[39.26362999982467,-6.79769999985507],[39.264209999591856,-6.796300000044937],[39.26450000037477,-6.796400000159849],[39.265619999863134,-6.7965000002747615],[39.2669700000655,-6.796699999605267],[39.26738000008697,-6.796999999950004],[39.268280000221864,-6.797300000294741]]]}},{"type":"Feature","properties":{"OBJECTID":2,"Country":"Tanzania","City":"Dar es Salaam","Settlement":"MKWAJUNI","Establishe":"1980","Last_Updat":"28-11-2017","Population":"26400","Structures":"2075","url":"https://sdinet.org/settlement/1849/230102","Shape_Leng":0.0481817096124,"Shape_Area":5.5306925716e-05,"pop":26400.0,"kyc_year":2017.0,"drt_cln":"modified boundary","area":727990,"dens_area":0.0362642343988},"geometry":{"type":"Polygon","coordinates":[[[39.23760738382566,-6.823391323891598],[39.23711245592597,-6.8222015933894795],[39.23709000005073,-6.82150951806335],[39.236560420960814,-6.820945237979173],[39.23560863653961,-6.820726327567513],[39.23458412861379,-6.821328122728687],[39.23362892494367,-6.8208690952291136],[39.233430000268925,-6.820609517931359],[39.23310999989479,-6.820609517931586],[39.23294364016044,-6.820707291881149],[39.2325248550145,-6.81985068591979],[39.23205000045408,-6.82005951775011],[39.231896677296845,-6.820307542433113],[39.228440000281864,-6.821009517494871],[39.227600000198834,-6.82014951740672],[39.22914999976166,-6.819009517894813],[39.22978999961015,-6.818809517664703],[39.231529999844724,-6.817889517505989],[39.23228333966654,-6.817661581796073],[39.2334159631053,-6.818575294822266],[39.23393944452653,-6.818603848354258],[39.23450099732389,-6.818251688125542],[39.23510062149745,-6.818613366198349],[39.235633620762655,-6.8185277056021505],[39.23638553044043,-6.818679991106533],[39.23715000011896,-6.818609517430048],[39.237629999780495,-6.818309517984289],[39.237951215782346,-6.817978050109843],[39.23856987564386,-6.817825764605459],[39.239003367013595,-6.81817029002616],[39.23947407082619,-6.817987567953878],[39.24080000033729,-6.817009517388158],[39.2410999997885,-6.817009517387873],[39.24250000052575,-6.817009517386908],[39.24340000067815,-6.816809518055948],[39.243810638509274,-6.816760162651575],[39.24386417638192,-6.817313387335504],[39.243584775237935,-6.817466273886566],[39.243788617469704,-6.8180447491284895],[39.243450000288306,-6.818509518210135],[39.2438000002482,-6.8191095179997765],[39.243730000616154,-6.819279517745429],[39.24351000035898,-6.819409517445251],[39.24349000033584,-6.819709517789819],[39.24361000047617,-6.819969518088442],[39.24386999988201,-6.821409517943778],[39.24389272991391,-6.82204048405623],[39.24341683771286,-6.823158830729028],[39.242774383241226,-6.823801285200601],[39.24216762068477,-6.823932155555838],[39.24123963089238,-6.824039231301186],[39.240347333015336,-6.823729901370427],[39.23969999995512,-6.823209518215832],[39.239400000503736,-6.823009517986293],[39.23902663612307,-6.822904964437896],[39.238580000444585,-6.822899517410804],[39.23820000000029,-6.823109518101944],[39.23760738382566,-6.823391323891598]]]}},{"type":"Feature","properties":{"OBJECTID":3,"Country":"Tanzania","City":"Dar es Salaam","Settlement":"MKWINDA","Establishe":"2011","Last_Updat":"29-11-2017","Population":"5004","Structures":"417","url":"https://sdinet.org/settlement/1849/227528","Shape_Leng":0.0142661697055,"Shape_Area":1.00768513282e-05,"pop":5004.0,"kyc_year":2017.0,"drt_cln":"","area":123077,"dens_area":0.0406574745891},"geometry":{"type":"Polygon","coordinates":[[[39.25272999988965,-6.852900000334728],[39.25266000025886,-6.855599999840081],[39.251530000309344,-6.856000000299731],[39.24969999955539,-6.857799999670192],[39.24878999985867,-6.856499999974971],[39.24829999974526,-6.855599999840081],[39.2504499999676,-6.854309999706685],[39.25272999988965,-6.852900000334728]]]}},{"type":"Feature","properties":{"OBJECTID":4,"Country":"Tanzania","City":"Dar es Salaam","Settlement":"MNAZI MMOJA","Establishe":"1985","Last_Updat":"30-11-2017","Population":"11276","Structures":"929","url":"https://sdinet.org/settlement/1849/236530","Shape_Leng":0.0179021723774,"Shape_Area":2.00000015165e-05,"pop":11276.0,"kyc_year":2017.0,"drt_cln":"","area":244304,"dens_area":0.0461556094047},"geometry":{"type":"Polygon","coordinates":[[[39.22491999985817,-6.802049999907524],[39.22491999985817,-6.802049999907524],[39.22584999957786,-6.7976399997860995],[39.229650000347306,-6.798209999991457],[39.2297499995629,-6.8021700000454075],[39.229510000186394,-6.802930000019444],[39.22861999961333,-6.802909999996473],[39.22778000044673,-6.802720000227793],[39.22744999961782,-6.802450000367173],[39.22733999994108,-6.8023399997911165],[39.22713000014943,-6.802230000114377],[39.226299999645335,-6.802239999676204],[39.226049999807685,-6.802219999653231],[39.22579999997009,-6.802170000045408],[39.22491999985817,-6.802049999907524]]]}},{"type":"Feature","properties":{"OBJECTID":5,"Country":"Tanzania","City":"Dar es Salaam","Settlement":"MNYAMANI","Establishe":"2014","Last_Updat":"01-03-2019","Population":"11085","Structures":"3816","url":"https://sdinet.org/settlement/1849/43016506","Shape_Leng":0.0160902493971,"Shape_Area":1.69267521494e-05,"pop":11085.0,"kyc_year":2019.0,"drt_cln":"","area":206747,"dens_area":0.0536162556168},"geometry":{"type":"Polygon","coordinates":[[[39.23872449973595,-6.839792100025364],[39.23874339988805,-6.839781100417382],[39.238953299854984,-6.839657799767622],[39.23903460036655,-6.839629999924512],[39.23920290039359,-6.8395720997725675],[39.239388700328334,-6.839529300137031],[39.239588800382876,-6.8394966997128686],[39.23983539988387,-6.83940229967635],[39.2400891004317,-6.839331299999457],[39.24052049982129,-6.839140999857192],[39.24097419969962,-6.839013699922249],[39.241182800146134,-6.838913599982618],[39.24138979979949,-6.838829099683154],[39.241621799706365,-6.8387533003245276],[39.2418349003604,-6.838692999881971],[39.242277400082,-6.838515399965672],[39.24237549992944,-6.8384804001502735],[39.24247409979989,-6.838447400427128],[39.24258639994247,-6.838424500090581],[39.243104699922014,-6.838324699625161],[39.243536200035635,-6.839000600397355],[39.244380499760325,-6.840401999552569],[39.244489600115,-6.840610000151344],[39.24480620014606,-6.8411719999877505],[39.24481140002615,-6.841225999780023],[39.24467570042327,-6.84133600035608],[39.243680599679976,-6.841840400414129],[39.243443700266596,-6.841959500330631],[39.24321850013371,-6.842071900297925],[39.2426490997762,-6.84235770034752],[39.242375599754155,-6.842471700208761],[39.24208240008272,-6.842643700046666],[39.24188189982988,-6.8427222000694305],[39.241707200227154,-6.842776299686419],[39.24141780019136,-6.842816600105948],[39.24114430016937,-6.842822899856912],[39.2409875995981,-6.842792800447342],[39.2408170000046,-6.8427402000002076],[39.2406697998714,-6.842655199677664],[39.240402099577295,-6.842528600314608],[39.240288099716054,-6.8424278996278085],[39.240206800103806,-6.84236069958655],[39.240175599924044,-6.842320900089419],[39.23993740009098,-6.842012400252031],[39.239664499916785,-6.841516800060219],[39.2393729001393,-6.841035499988266],[39.23872449973595,-6.839792100025364]]]}},{"type":"Feature","properties":{"OBJECTID":8,"Country":"Tanzania","City":"Dar es Salaam","Settlement":"AZIMIO KASKAZINI","Establishe":"2000","Last_Updat":"06-12-2016","Population":"16530","Structures":"966","url":"https://sdinet.org/settlement/1849/551993","Shape_Leng":0.021131921768,"Shape_Area":2.16686982586e-05,"pop":16530.0,"kyc_year":2016.0,"drt_cln":"","area":264643,"dens_area":0.0624615047441},"geometry":{"type":"Polygon","coordinates":[[[39.2584528051529,-6.8804020167396525],[39.25822914016277,-6.881365176261852],[39.259106058298016,-6.881829620340682],[39.260092497670655,-6.881695043991044],[39.26006259970927,-6.882049946148072],[39.25972817871252,-6.882356631153584],[39.25959087202119,-6.883279438095542],[39.25971229758454,-6.884457768511139],[39.26005140314976,-6.8869759475818455],[39.260051474196246,-6.887463579780331],[39.25915127261317,-6.887538414166443],[39.2587698431538,-6.887502874757843],[39.25838161481971,-6.887327661642246],[39.25787710684307,-6.886985203404379],[39.257265269276786,-6.886604900795475],[39.254544498130144,-6.884828923216163],[39.25631159220626,-6.882738469804509],[39.257685881298414,-6.88117757768299],[39.2584528051529,-6.8804020167396525]]]}},{"type":"Feature","properties":{"OBJECTID":9,"Country":"Tanzania","City":"Dar es Salaam","Settlement":"AZIMIO KUSINI","Establishe":"1995","Last_Updat":"06-12-2016","Population":"14378","Structures":"1630","url":"https://sdinet.org/settlement/1849/524884","Shape_Leng":0.0337020566078,"Shape_Area":4.36997387003e-05,"pop":14378.0,"kyc_year":2016.0,"drt_cln":"","area":533706,"dens_area":0.0269399257269},"geometry":{"type":"Polygon","coordinates":[[[39.25091011650875,-6.884668607370315],[39.25155675873748,-6.884063020991561],[39.25229055336638,-6.885100465414098],[39.25330329251301,-6.884054174360587],[39.254544498130144,-6.884828923216163],[39.257265269276786,-6.886604900795475],[39.25787710684307,-6.886985203404379],[39.25838161481971,-6.887327661642246],[39.2587698431538,-6.887502874757843],[39.25915127261317,-6.887538414166443],[39.25901215918384,-6.889295619297342],[39.25847169721112,-6.889344053185482],[39.25767692225219,-6.889479039625939],[39.25614899388103,-6.889635641271752],[39.25609703105317,-6.890960963177862],[39.25602485326442,-6.893201195978348],[39.256028408284465,-6.895296126215214],[39.25548343351369,-6.895267052932128],[39.25456566547314,-6.894177547655659],[39.254132301064885,-6.892864622903971],[39.253710111632415,-6.892794223974192],[39.253618543561004,-6.8924498267980425],[39.25286498722943,-6.892005366554372],[39.25278168572629,-6.89164790132952],[39.252870429926475,-6.891409291405637],[39.252714823830104,-6.8906659621643485],[39.25228525186293,-6.890142037824716],[39.252299489929555,-6.889257230836505],[39.25201395967656,-6.888866061719341],[39.25198006332931,-6.888069976448207],[39.25135591494359,-6.886461181038612],[39.25103581025451,-6.88596388382615],[39.25118054624528,-6.885756790643313],[39.25091011650875,-6.884668607370315]]]}},{"type":"Feature","properties":{"OBJECTID":10,"Country":"Tanzania","City":"Dar es Salaam","Settlement":"BARABARA YA MWINYI","Establishe":"1985","Last_Updat":"05-12-2017","Population":"56000","Structures":"2248","url":"https://sdinet.org/settlement/1849/527014","Shape_Leng":0.0341057042129,"Shape_Area":4.85141488719e-05,"pop":56000.0,"kyc_year":2017.0,"drt_cln":"modified boundary","area":659349,"dens_area":0.0849322589403},"geometry":{"type":"Polygon","coordinates":[[[39.24149564710257,-6.869475401299496],[39.24280197119481,-6.869982226493789],[39.2435999997403,-6.871000000449613],[39.244100000314916,-6.871899999685127],[39.244346241387404,-6.872668637969355],[39.244720000127984,-6.872899999934931],[39.24499999955043,-6.873699999954966],[39.24490065580187,-6.875140897954452],[39.24535000040237,-6.877599999939946],[39.24556000019396,-6.878399999959868],[39.24462000001296,-6.878899999635222],[39.244049999807714,-6.87909999986499],[39.24340635429019,-6.878591116412905],[39.24295000034232,-6.878099999615187],[39.24267000002055,-6.877900000284685],[39.24249533503229,-6.877571383655209],[39.2419905749918,-6.876877904488707],[39.24131242860511,-6.876556677252837],[39.240840000165974,-6.875999999899932],[39.24049151455813,-6.876509088032718],[39.239242297529984,-6.876092682356727],[39.238695021498756,-6.875664379375735],[39.23891000019654,-6.874919999558244],[39.23840948617806,-6.873941649607502],[39.23817391953844,-6.873456239562245],[39.237659955961135,-6.873720359733965],[39.2368961489783,-6.873234949688708],[39.237290000133555,-6.871999999800095],[39.23762999962486,-6.871899999685126],[39.23762999962486,-6.871600000239766],[39.237705101045776,-6.871595991519826],[39.23785269230268,-6.87105774286846],[39.23778844685552,-6.870386734864838],[39.237595710513915,-6.869887048053612],[39.23748149638567,-6.869373084476309],[39.2375885721309,-6.869308839029203],[39.23764999964783,-6.868699999605269],[39.23783595322925,-6.868637276833681],[39.237769999785826,-6.86770000025473],[39.239289886750214,-6.867805019673426],[39.23985000037732,-6.868500000274764],[39.240499999775295,-6.8692000001798315],[39.24149564710257,-6.869475401299496]]]}},{"type":"Feature","properties":{"OBJECTID":11,"Country":"Tanzania","City":"Dar es Salaam","Settlement":"BARUTI","Establishe":"1965","Last_Updat":"06-12-2017","Population":"301500","Structures":"15024","url":"https://sdinet.org/settlement/1849/930261","Shape_Leng":0.0601628937152,"Shape_Area":0.00016701235137,"pop":301500.0,"kyc_year":2017.0,"drt_cln":"","area":2040140,"dens_area":0.14778397561},"geometry":{"type":"Polygon","coordinates":[[[39.18072999988965,-6.788410000421151],[39.17900000014993,-6.787669999570765],[39.1777999996703,-6.78710000026473],[39.175670000370246,-6.786510000036401],[39.17489999993512,-6.786400000359662],[39.17389999968526,-6.786400000359662],[39.173050000057515,-6.785999999900013],[39.17262000001307,-6.786499999575255],[39.17262000001307,-6.786010000361159],[39.172250000037536,-6.784600000089882],[39.17169999985515,-6.783800000069903],[39.17179000040824,-6.783100000164837],[39.17227999962233,-6.782300000144858],[39.17270999966678,-6.781600000239792],[39.17321999980322,-6.781400000009967],[39.17379000000852,-6.778600000389644],[39.17383999961635,-6.778400000159819],[39.175000000050034,-6.7787999997201505],[39.176299999745254,-6.778699999605237],[39.17668000018193,-6.778899999835063],[39.177259999949115,-6.779499999625217],[39.17808999955389,-6.779900000084865],[39.1788399999661,-6.780200000429603],[39.17961999996311,-6.779900000084865],[39.18044000000606,-6.780000000199777],[39.182579999767256,-6.780599999989988],[39.18415999978424,-6.780929999919522],[39.185099999965075,-6.781000000449637],[39.18694999984268,-6.780900000334726],[39.18799999970025,-6.780000000199777],[39.188099999815165,-6.779900000084865],[39.188369999675785,-6.78035000015234],[39.18916000013394,-6.780800000219813],[39.18947999960233,-6.78109999966523],[39.189900000085004,-6.781400000009967],[39.19086999985069,-6.781799999570296],[39.191299999895136,-6.782200000029946],[39.1915400001709,-6.782599999590275],[39.19160000023987,-6.782699999705188],[39.1919999998002,-6.782529999959479],[39.1919999998002,-6.782899999935013],[39.19240000025985,-6.783599999840078],[39.1928300003043,-6.784199999630233],[39.19293000041921,-6.784000000299728],[39.19279999982018,-6.784499999974968],[39.19271999972824,-6.784999999650211],[39.19259999959036,-6.785699999555277],[39.19269999970527,-6.785999999900014],[39.19238000023688,-6.786289999783604],[39.19254000042076,-6.786900000034904],[39.19257000000556,-6.787200000379641],[39.1926799996823,-6.78899999975016],[39.1926100000515,-6.789500000324723],[39.19160000023987,-6.789600000439635],[39.19049999987516,-6.789999999999964],[39.19014000036077,-6.790200000229788],[39.18879999972029,-6.790699999905031],[39.18823000041425,-6.790820000042915],[39.18750000002501,-6.789999999999963],[39.186800000119945,-6.79069999990503],[39.185770000285345,-6.7903000003447],[39.185119999988046,-6.790100000114876],[39.182789999558906,-6.789199999979984],[39.1821600001839,-6.7889999997501596],[39.18186800020811,-6.789600000439635],[39.181429999794716,-6.788600000189831],[39.18072999988965,-6.788410000421151]]]}},{"type":"Feature","properties":{"OBJECTID":12,"Country":"Tanzania","City":"Dar es Salaam","Settlement":"BOKORANI","Establishe":"2014","Last_Updat":"29-04-2019","Population":"3000","Structures":"873","url":"https://sdinet.org/settlement/1849/46459636","Shape_Leng":0.0325216468834,"Shape_Area":4.63589122315e-05,"pop":3000.0,"kyc_year":2019.0,"drt_cln":"","area":566204,"dens_area":0.00529844367048},"geometry":{"type":"Polygon","coordinates":[[[39.2755910531846,-6.873384811859523],[39.2757626932937,-6.8728515327719615],[39.27597125147213,-6.872418126095625],[39.27611052498082,-6.87131993426749],[39.275605221104115,-6.870131756275498],[39.27484726528911,-6.868864363299679],[39.275153106730556,-6.8679666240603865],[39.275668559456506,-6.868489845130228],[39.28169546327507,-6.870422199524854],[39.282493311217365,-6.869788503936263],[39.28402540974491,-6.868136600423725],[39.2844081477179,-6.868326379858502],[39.284755544133134,-6.868311527554908],[39.28466174754169,-6.869289864035978],[39.284649852208986,-6.870054884025649],[39.284216964441384,-6.8712962119505505],[39.28361718858241,-6.87239960635668],[39.282406066187036,-6.873788249528048],[39.281571137398146,-6.874190205113848],[39.281120068936104,-6.874501486554322],[39.2807809957464,-6.874674168078342],[39.28041111448141,-6.8749493183562995],[39.280031084367124,-6.875322966881356],[39.27973539087566,-6.875759840444231],[39.279559023929835,-6.875965170955851],[39.27944250236965,-6.876005473174018],[39.27921749738965,-6.876365048208356],[39.27889135824961,-6.8764967251436815],[39.278310477146874,-6.876171192146728],[39.277714532399784,-6.875701314364108],[39.27730231105289,-6.875420775348459],[39.27700477934712,-6.875372918825122],[39.27679035758899,-6.875148487612591],[39.27644462402026,-6.875024720214641],[39.2761072001872,-6.874570906122358],[39.27554205811953,-6.8737853941805716],[39.2755910531846,-6.873384811859523]]]}},{"type":"Feature","properties":{"OBJECTID":14,"Country":"Tanzania","City":"Dar es Salaam","Settlement":"BUGHUDADI","Establishe":"1990","Last_Updat":"28-11-2017","Population":"22200","Structures":"1261","url":"https://sdinet.org/settlement/1849/231904","Shape_Leng":0.0273546436401,"Shape_Area":4.06557519724e-05,"pop":22200.0,"kyc_year":2017.0,"drt_cln":"modified boundary","area":498039,"dens_area":0.0445748224537},"geometry":{"type":"Polygon","coordinates":[[[39.26760000033977,-6.891539999771113],[39.26621957520098,-6.891463873126043],[39.265366937794056,-6.891135450401294],[39.26403999984626,-6.89110000016484],[39.26302540629757,-6.891029549973666],[39.26278460562514,-6.890848949019755],[39.26262472689518,-6.890077900312634],[39.26156824620858,-6.889268883570651],[39.26130769129708,-6.889010832783639],[39.26100267633251,-6.888529230539519],[39.26066555467179,-6.88816000218219],[39.26120234021596,-6.887861007279639],[39.26123344416828,-6.887859000892149],[39.26196487807675,-6.887500809015023],[39.26231002618687,-6.8877014765417925],[39.26564110964961,-6.884980422108753],[39.26599428510826,-6.884225911596445],[39.266283246274895,-6.884402499775433],[39.26703775678709,-6.884161698203684],[39.2686190185529,-6.884009191171174],[39.2684584841719,-6.884683434492729],[39.26828992334134,-6.885686773026124],[39.268418351026185,-6.886441283538318],[39.26907654055009,-6.88721184694913],[39.269526036097716,-6.88774160968751],[39.269598276839076,-6.888295452672934],[39.26959025038991,-6.888769028467833],[39.269285235425286,-6.889459325587325],[39.268755472686905,-6.890326209986541],[39.26841032367764,-6.890896105870524],[39.26811333606179,-6.891329548519821],[39.26763173291829,-6.891843257460209],[39.26760000033977,-6.891539999771113]]]}},{"type":"Feature","properties":{"OBJECTID":16,"Country":"Tanzania","City":"Dar es Salaam","Settlement":"BUZA","Establishe":"1995","Last_Updat":"05-12-2017","Population":"55000","Structures":"18241","url":"https://sdinet.org/settlement/1849/897642","Shape_Leng":0.0730028566826,"Shape_Area":0.000187499206065,"pop":55000.0,"kyc_year":2017.0,"drt_cln":"modified boundary","area":2288073,"dens_area":0.0240376946015},"geometry":{"type":"Polygon","coordinates":[[[39.22376999988569,-6.893099999765013],[39.22963999988622,-6.8896000002397955],[39.23109999976526,-6.8890000004496414],[39.23593999993108,-6.888299999645142],[39.24199999970028,-6.887799999969957],[39.24090000023489,-6.892399999859947],[39.2405700003053,-6.8927000002047984],[39.240319999568385,-6.892900000434564],[39.23887999971231,-6.894400000359667],[39.238112795556106,-6.895511146629929],[39.23733947072918,-6.895546838544931],[39.236351994411734,-6.896189293016506],[39.23594748604074,-6.896260676846737],[39.23516677632574,-6.896644745958213],[39.23488088094797,-6.895819666544355],[39.23500055822922,-6.894471483871826],[39.23421406531452,-6.89463402641553],[39.23156981009885,-6.896057289911822],[39.227589999778786,-6.896079999592247],[39.22690000033492,-6.896500000074923],[39.22692000035789,-6.897600000439581],[39.22374999986272,-6.901400000309649],[39.213099999765234,-6.900500000174759],[39.215180000356725,-6.897999999999912],[39.21529000003346,-6.896700000304748],[39.21609999961538,-6.894599999690173],[39.21664000023594,-6.893699999555281],[39.21748999986363,-6.8940100003611064],[39.21793999993122,-6.89319999988004],[39.21867000032023,-6.893400000109865],[39.21919999958038,-6.891900000184761],[39.221119999988105,-6.892139999561209],[39.22376999988569,-6.893099999765013]]]}},{"type":"Feature","properties":{"OBJECTID":17,"Country":"Tanzania","City":"Dar es Salaam","Settlement":"BWAWANI","Establishe":"1985","Last_Updat":"29-11-2017","Population":"9900","Structures":"586","url":"https://sdinet.org/settlement/1849/235097","Shape_Leng":0.0407799042603,"Shape_Area":7.64454194786e-05,"pop":9900.0,"kyc_year":2017.0,"drt_cln":"","area":933842,"dens_area":0.0106013651132},"geometry":{"type":"Polygon","coordinates":[[[39.26374000040073,-6.781890000123384],[39.26237670282262,-6.781339005290818],[39.26159148046253,-6.781374696684851],[39.26113479753292,-6.781537921837582],[39.260727091681986,-6.781683641686641],[39.25981673405511,-6.782009016402924],[39.25919952034167,-6.78222961830221],[39.258462489052704,-6.782493043219346],[39.25774865127926,-6.782695298049533],[39.25698722408117,-6.782802373130948],[39.25621389885242,-6.782790475999604],[39.256094925740285,-6.7827666817369145],[39.25595215836546,-6.782730989443564],[39.25521452543006,-6.782671502887523],[39.25455999974423,-6.782599999590275],[39.25449999967532,-6.782500000374683],[39.254679999882114,-6.782400000259771],[39.25453999972126,-6.782150000422121],[39.25448878962601,-6.781957665114134],[39.25459999979023,-6.78125000028723],[39.25490000013497,-6.780800000219813],[39.255009999811705,-6.780700000104901],[39.255849999877626,-6.7791000000648864],[39.25744000035576,-6.778970000365177],[39.25730999975673,-6.778199999929996],[39.25494326651858,-6.778171941981497],[39.25528590911745,-6.775373696039195],[39.25705622816247,-6.773260734395308],[39.25810557061567,-6.77250406640951],[39.258771819863625,-6.773551029256567],[39.259894924711034,-6.772808637108881],[39.261170316257164,-6.772599244359582],[39.2618746365053,-6.772922851008729],[39.26229342200389,-6.772998993908401],[39.26273124255283,-6.7730751368080755],[39.263460000078965,-6.773000000249739],[39.264082776099315,-6.7731893507079235],[39.26374000040073,-6.781890000123384]]]}},{"type":"Feature","properties":{"OBJECTID":20,"Country":"Tanzania","City":"Dar es Salaam","Settlement":"DOVYA","Establishe":"2013","Last_Updat":"08-05-2019","Population":"13550","Structures":"990","url":"https://sdinet.org/settlement/1849/46496071","Shape_Leng":0.0780333321432,"Shape_Area":0.000275592029944,"pop":13550.0,"kyc_year":2019.0,"drt_cln":"modified boundary","area":3366639,"dens_area":0.00402478555022},"geometry":{"type":"Polygon","coordinates":[[[39.23010904579593,-6.946976091173611],[39.22934839381344,-6.947963801288267],[39.22861652283433,-6.946110823755476],[39.22610020266234,-6.944527215658353],[39.22330017965959,-6.945229228246263],[39.22323850505302,-6.945233309369655],[39.219501029648825,-6.945343508695886],[39.21496178525831,-6.942796669130928],[39.21124486835606,-6.943482358124242],[39.209534427971505,-6.943123187784863],[39.210422540867626,-6.940641640798959],[39.21272505621653,-6.938323340549686],[39.21479731994049,-6.9353193297232],[39.21660643933575,-6.932543868104972],[39.21769191025356,-6.930552055033274],[39.22113549440752,-6.927530636929305],[39.221956658173326,-6.928766390856196],[39.22310528937771,-6.930034200218132],[39.22423301674041,-6.931249670835541],[39.22581596923163,-6.9334261030321604],[39.22564681394948,-6.934220400451011],[39.22708414821494,-6.934567162844188],[39.227936923150594,-6.935596749890067],[39.22934871577064,-6.936432226366037],[39.23065178125478,-6.936151965240982],[39.23160203280759,-6.936012037025819],[39.23235623125515,-6.935904480807039],[39.23365797563514,-6.936364719655956],[39.23422839222661,-6.936541359096395],[39.23491143451514,-6.937221328401506],[39.235695632547504,-6.938148264131029],[39.23656406018324,-6.938471586594403],[39.23839139606713,-6.93896598056449],[39.23939076968958,-6.939037364394664],[39.2383072483845,-6.93971691965055],[39.23764000008612,-6.940500000274767],[39.236827456322146,-6.941923230472639],[39.2358488869167,-6.942780343737809],[39.23438514495865,-6.943776225092619],[39.233398353051655,-6.944266000375536],[39.23224709582695,-6.944870058806089],[39.23126030302075,-6.945588396787001],[39.23010904579593,-6.946976091173611]]]}},{"type":"Feature","properties":{"OBJECTID":21,"Country":"Tanzania","City":"Dar es Salaam","Settlement":"FARU","Establishe":"2014","Last_Updat":"26-02-2019","Population":"21672","Structures":"1594","url":"https://sdinet.org/settlement/1849/46697542","Shape_Leng":0.034012980865,"Shape_Area":5.25128241989e-05,"pop":21672.0,"kyc_year":2019.0,"drt_cln":"","area":641398,"dens_area":0.0337886928241},"geometry":{"type":"Polygon","coordinates":[[[39.23544050027891,-6.848716700415366],[39.23494010040537,-6.847666500008927],[39.23466239965006,-6.847132999688142],[39.23442870002452,-6.846580399565767],[39.234537599830446,-6.846415300225884],[39.234489799964365,-6.846286699871256],[39.23438939965115,-6.84604630029645],[39.23434450009864,-6.846021399867652],[39.23404179998914,-6.845236600188913],[39.23411860029324,-6.845125599566701],[39.234087099739895,-6.844868799955123],[39.23418559978563,-6.844275699763671],[39.23431709955457,-6.843980900198346],[39.234531700277785,-6.843605899992268],[39.234658199816124,-6.84321949997991],[39.234800299894005,-6.842922099575162],[39.23511029980057,-6.842683899742156],[39.235323100081075,-6.842354800033944],[39.2352457997539,-6.84227119995586],[39.236726400403086,-6.841226399978324],[39.237417800091464,-6.840741300270737],[39.23764050010902,-6.840456500267236],[39.2378779004448,-6.8401920995856935],[39.23816080018082,-6.840030100208936],[39.23847249980605,-6.83991780006636],[39.23866439984221,-6.839841999808414],[39.23868129990211,-6.839827099840762],[39.23872449973595,-6.839792100025364],[39.2393729001393,-6.841035499988266],[39.239664499916785,-6.841516800060219],[39.23993740009098,-6.842012400252031],[39.240175599924044,-6.842320900089419],[39.240206800103806,-6.84236069958655],[39.240288099716054,-6.8424278996278085],[39.240402099577295,-6.842528600314608],[39.2406697998714,-6.842655199677664],[39.2408170000046,-6.8427402000002076],[39.2409875995981,-6.842792800447342],[39.24114430016937,-6.842822899856912],[39.24141780019136,-6.842816600105948],[39.241707200227154,-6.842776299686419],[39.24188189982988,-6.8427222000694305],[39.24208240008272,-6.842643700046666],[39.242375599754155,-6.842471700208761],[39.2426490997762,-6.84235770034752],[39.24321850013371,-6.842071900297925],[39.243443700266596,-6.841959500330631],[39.243680599679976,-6.841840400414129],[39.24467570042327,-6.84133600035608],[39.24481140002615,-6.841225999780023],[39.244932300385415,-6.841546000147731],[39.24517699961888,-6.842186099808601],[39.245673400207295,-6.843429399946786],[39.245881300081976,-6.843905500138647],[39.245532200350794,-6.844062699833671],[39.242901099706046,-6.8451686995757655],[39.24138679966114,-6.845837799674657],[39.23801219980322,-6.847450199566992],[39.23544050027891,-6.848716700415366]]]}},{"type":"Feature","properties":{"OBJECTID":22,"Country":"Tanzania","City":"Dar es Salaam","Settlement":"GOLANI","Establishe":"1998","Last_Updat":"06-12-2017","Population":"24000","Structures":"1968","url":"https://sdinet.org/settlement/1849/927701","Shape_Leng":0.0785053017031,"Shape_Area":0.000286154753107,"pop":24000.0,"kyc_year":2017.0,"drt_cln":"","area":3495288,"dens_area":0.00686638697584},"geometry":{"type":"Polygon","coordinates":[[[39.14840999962183,-6.807500000324695],[39.155509999686785,-6.802999999650241],[39.15689999993509,-6.808300000344673],[39.15784000011598,-6.8077900002082865],[39.15866999972076,-6.809600000039951],[39.15759000027833,-6.811799999870062],[39.15880999988167,-6.813399999910018],[39.15977000008547,-6.814699999605239],[39.1589000004347,-6.816000000199778],[39.15903999969629,-6.819800000069903],[39.15891999955841,-6.819900000184815],[39.15720000027983,-6.819800000069904],[39.15404000024586,-6.820700000204795],[39.153730000339294,-6.822400000359664],[39.152300000045045,-6.822400000359663],[39.151009999911594,-6.823499999825061],[39.14926999971078,-6.825199999979986],[39.14737999978723,-6.827199999580273],[39.14285999998907,-6.8273999998100985],[39.142240000175946,-6.8273999998100985],[39.141219999903115,-6.826320000367673],[39.13994999979269,-6.819399999610255],[39.145010000211414,-6.812000000099885],[39.14519999998009,-6.811599999640237],[39.14203999994612,-6.809900000384688],[39.142499999575364,-6.809700000154861],[39.144150000122465,-6.809000000249738],[39.143920000307844,-6.808599999790089],[39.14737000022541,-6.809199999580244],[39.14840999962183,-6.807500000324695]]]}},{"type":"Feature","properties":{"OBJECTID":23,"Country":"Tanzania","City":"Dar es Salaam","Settlement":"GOROKA","Establishe":"1970","Last_Updat":"14-11-2016","Population":"22245","Structures":"4441","url":"https://sdinet.org/settlement/1849/192303","Shape_Leng":0.0829474487024,"Shape_Area":0.000362824317391,"pop":22245.0,"kyc_year":2016.0,"drt_cln":"modified boundary","area":4482616,"dens_area":0.00496250403782},"geometry":{"type":"Polygon","coordinates":[[[39.28579999967036,-6.951810000231262],[39.283995430453786,-6.949354437668547],[39.2828140774929,-6.946591596066241],[39.283813451814694,-6.945413762975704],[39.28332245376839,-6.936922141043852],[39.283245664256015,-6.934239033504525],[39.28244000030588,-6.932050000007449],[39.28301723555717,-6.9296133615673625],[39.28422600172877,-6.9279953283216855],[39.285796446448956,-6.926900776049933],[39.28622474947258,-6.925996580577646],[39.28720000037981,-6.924660000058851],[39.28897999972719,-6.924109999876463],[39.29022000025293,-6.92308999960369],[39.29022999981481,-6.922839999766155],[39.29049999967532,-6.922070000230292],[39.2909206224889,-6.923581320821199],[39.29120228295915,-6.924097698050275],[39.2921542513177,-6.926155643667983],[39.293859999939116,-6.929110000226218],[39.29431999956847,-6.93202999998448],[39.29607000023037,-6.9336599996091755],[39.29757000015553,-6.935649999647637],[39.297762798614315,-6.935945429637798],[39.298620000013045,-6.9370300003341745],[39.29964000028593,-6.938240000375628],[39.300480000351854,-6.938140000260775],[39.30036000021386,-6.9388899997736075],[39.30042999984465,-6.9395099995867895],[39.30077999979727,-6.939489999563705],[39.30081999984321,-6.940150000322205],[39.30085000032744,-6.941060000018864],[39.30059000002865,-6.942399999760085],[39.30061999961333,-6.94268000008185],[39.30038999979871,-6.9438500000774175],[39.30155999979428,-6.945160000233784],[39.302379999837285,-6.9459699998155875],[39.300489999913566,-6.946769999835568],[39.29903000003458,-6.948400000359642],[39.296879999812234,-6.948280000221814],[39.29640000015996,-6.948830000404087],[39.29560000013993,-6.94959000037818],[39.292720000427835,-6.951269999610702],[39.288440000006176,-6.953020000272773],[39.2876399999862,-6.952539999721182],[39.28579999967036,-6.951810000231262]]]}},{"type":"Feature","properties":{"OBJECTID":24,"Country":"Tanzania","City":"Dar es Salaam","Settlement":"JUHUDI","Establishe":"2009","Last_Updat":"05-12-2017","Population":"28190","Structures":"2975","url":"https://sdinet.org/settlement/1849/548729","Shape_Leng":0.0177377866399,"Shape_Area":1.41084495996e-05,"pop":28190.0,"kyc_year":2017.0,"drt_cln":"modified boundary","area":258944,"dens_area":0.108865237271},"geometry":{"type":"Polygon","coordinates":[[[39.255259999649354,-6.897600000439582],[39.256592471235024,-6.898176201799345],[39.25777666130813,-6.899163619273737],[39.25817641075719,-6.899263556636129],[39.2581478572252,-6.900405697918927],[39.25796000005414,-6.902399999660191],[39.25753000000964,-6.9020000000998625],[39.25744000035587,-6.901650000147356],[39.25720000008005,-6.901500000424505],[39.25716999959599,-6.901400000309651],[39.25711000042628,-6.901400000309649],[39.25689999973531,-6.901400000309649],[39.25662999987463,-6.901799999870036],[39.256520000197895,-6.901799999870035],[39.256339999991155,-6.901799999870036],[39.256310000406245,-6.9020699997306565],[39.25601999962339,-6.902000000099862],[39.255949999992595,-6.902300000444598],[39.25369999965545,-6.902300000444598],[39.253099999865185,-6.902100000214774],[39.25253259348494,-6.8985650367641265],[39.2536000004398,-6.897699999655231],[39.255259999649354,-6.897600000439582]]]}},{"type":"Feature","properties":{"OBJECTID":25,"Country":"Tanzania","City":"Dar es Salaam","Settlement":"KAGERA MIKOROSHINI","Establishe":"1992","Last_Updat":"06-12-2017","Population":"9162","Structures":"854","url":"https://sdinet.org/settlement/1849/935134","Shape_Leng":0.0229063752221,"Shape_Area":2.30930998972e-05,"pop":9162.0,"kyc_year":2017.0,"drt_cln":"","area":282088,"dens_area":0.0324792263407},"geometry":{"type":"Polygon","coordinates":[[[39.2497999996703,-6.798299999645224],[39.245899999685264,-6.802700000204823],[39.24570000035476,-6.802800000319735],[39.24070000000506,-6.801000000049896],[39.240339999591356,-6.800460000328712],[39.241159999634306,-6.800400000259742],[39.24457000040525,-6.79899999955029],[39.24503999959637,-6.798800000219785],[39.244929999919634,-6.798499999875048],[39.246229999614854,-6.798359999714194],[39.24759999984019,-6.797880000061923],[39.24812999999955,-6.797499999625244],[39.24903000013444,-6.797400000409652],[39.2497999996703,-6.798299999645224]]]}},{"type":"Feature","properties":{"OBJECTID":26,"Country":"Tanzania","City":"Dar es Salaam","Settlement":"KARAKATA","Establishe":"1970","Last_Updat":"14-11-2016","Population":"40000","Structures":"6529","url":"https://sdinet.org/settlement/1849/238561","Shape_Leng":0.0493903837637,"Shape_Area":0.000149444495893,"pop":40000.0,"kyc_year":2016.0,"drt_cln":"","area":1813749,"dens_area":0.0220537681895},"geometry":{"type":"Polygon","coordinates":[[[39.215379999687286,-6.855889999723615],[39.21658000016703,-6.8581099995767545],[39.20601999972337,-6.863069999880565],[39.20490999979671,-6.861520000347639],[39.20404000014594,-6.858010000361163],[39.20131999971835,-6.856860000388679],[39.20030000034484,-6.853950000192299],[39.203980000077024,-6.849760000323728],[39.213480000201855,-6.847799999870063],[39.21340999967185,-6.851300000294714],[39.21361452745077,-6.852251256177512],[39.21392452735722,-6.8528812564518375],[39.215379999687286,-6.855889999723615]]]}},{"type":"Feature","properties":{"OBJECTID":27,"Country":"Tanzania","City":"Dar es Salaam","Settlement":"KEKO B","Establishe":"1999","Last_Updat":"05-12-2016","Population":"8556","Structures":"668","url":"https://sdinet.org/settlement/1849/212654","Shape_Leng":0.0188912701932,"Shape_Area":1.5352875718e-05,"pop":8556.0,"kyc_year":2016.0,"drt_cln":"modified boundary","area":183503,"dens_area":0.0466259407203},"geometry":{"type":"Polygon","coordinates":[[[39.27334826091362,-6.840873059943703],[39.27325983687206,-6.840746739370502],[39.27383459718908,-6.840702526899918],[39.274017762110134,-6.840746739370502],[39.2742388244622,-6.840790951840858],[39.27449778244687,-6.840828848372553],[39.27485779724958,-6.8408983245979575],[39.27507254276372,-6.84096780082325],[39.27523675986873,-6.841012013293664],[39.275590458732665,-6.841125701989483],[39.275697831489765,-6.841258339400724],[39.27628275490031,-6.841922652423819],[39.27758001360678,-6.841081489519071],[39.2781610310372,-6.840733493015989],[39.27859559099784,-6.840680573778798],[39.278932517326496,-6.840645516743962],[39.27866005801536,-6.841030961109879],[39.27809149029713,-6.842060532051789],[39.27778212724354,-6.842616289609906],[39.27750422144277,-6.8432668429903165],[39.27735895215409,-6.84329210674531],[39.27704314982151,-6.843285790806532],[39.27652523385257,-6.84373423055024],[39.27609574192502,-6.8437658102438945],[39.275590458732665,-6.844378467092497],[39.27452936214041,-6.84510481263692],[39.27452304620169,-6.8452500819257125],[39.27425145633981,-6.845414299030607],[39.27406197458049,-6.84564167642219],[39.27361985167488,-6.845995375286237],[39.27357563920458,-6.846020639940435],[39.27348721426364,-6.845452195562302],[39.27345563367072,-6.845035336411627],[39.27343668585445,-6.843999504473515],[39.27343668585445,-6.843222630519904],[39.27341142209963,-6.842559445262168],[39.27337352556782,-6.841997316822641],[39.2733672096291,-6.841441504321836],[39.27334826091362,-6.840873059943703]]]}},{"type":"Feature","properties":{"OBJECTID":28,"Country":"Tanzania","City":"Dar es Salaam","Settlement":"KEKO MACHUNGWA","Establishe":"1961","Last_Updat":"05-12-2017","Population":"21230","Structures":"952","url":"https://sdinet.org/settlement/1849/552729","Shape_Leng":0.031491902914,"Shape_Area":4.97806516475e-05,"pop":21230.0,"kyc_year":2017.0,"drt_cln":"modified boundary","area":627119,"dens_area":0.0338532240293},"geometry":{"type":"Polygon","coordinates":[[[39.28449189537042,-6.841158845440987],[39.28090000033478,-6.851599999740131],[39.279429999994534,-6.849500000024931],[39.27850000027496,-6.8485500002822155],[39.27784000041578,-6.846899999735172],[39.27813000029943,-6.846159999784107],[39.27828000002211,-6.845100000364654],[39.27806735065468,-6.844535300608299],[39.2776818779717,-6.844106997627193],[39.27776753856784,-6.843771493625354],[39.27750422144277,-6.8432668429903165],[39.27778212724354,-6.842616289609906],[39.278041165068714,-6.84215166172919],[39.27866005801536,-6.841030961109879],[39.27907140539588,-6.840449033740129],[39.279416459801894,-6.8398224953118625],[39.28023348679943,-6.83850460462878],[39.28149377450296,-6.839459910282756],[39.28396365502704,-6.840516390969412],[39.2842799997224,-6.840499999575229],[39.28449189537042,-6.841158845440987]]]}},{"type":"Feature","properties":{"OBJECTID":29,"Country":"Tanzania","City":"Dar es Salaam","Settlement":"KEKO MWANGA  A","Establishe":"1999","Last_Updat":"14-11-2016","Population":"12500","Structures":"479","url":"https://sdinet.org/settlement/1849/199587","Shape_Leng":0.0234630902981,"Shape_Area":3.25748380332e-05,"pop":12500.0,"kyc_year":2016.0,"drt_cln":"modified boundary","area":391308,"dens_area":0.0319441462991},"geometry":{"type":"Polygon","coordinates":[[[39.27590000003033,-6.83680594846993],[39.27438999962493,-6.835705949005614],[39.273030697717445,-6.8351671058134125],[39.272739999956286,-6.834605948642036],[39.27252437037794,-6.8341164857448],[39.27205216447794,-6.833779616293157],[39.272048478176714,-6.833438339358111],[39.27162017519572,-6.833313417655347],[39.27101936129168,-6.832093943889846],[39.270489668579046,-6.831111416602368],[39.270689999821684,-6.830905948888699],[39.2710199997552,-6.83060594854385],[39.27251000013638,-6.82990594863827],[39.27251000013638,-6.830005948753126],[39.273350000212815,-6.830005948752672],[39.274700000432006,-6.830205948981756],[39.275302043213685,-6.830198516008067],[39.27559999967866,-6.830505948426776],[39.275778309207794,-6.830837933327075],[39.27705000001413,-6.83100594900037],[39.277462613225964,-6.831047326432439],[39.277890000090565,-6.831225948353562],[39.277620000227046,-6.83230594869508],[39.27750999965019,-6.8331359482996845],[39.277480000065,-6.833195948368768],[39.2777699999524,-6.833325948967514],[39.277620618200274,-6.834166219636189],[39.27748000006568,-6.834605948639705],[39.27735000036472,-6.835115948775808],[39.277239999787184,-6.835135948798949],[39.27667000047455,-6.836105948564694],[39.276390000149604,-6.8363059487946884],[39.27590000003033,-6.83680594846993]]]}},{"type":"Feature","properties":{"OBJECTID":30,"Country":"Tanzania","City":"Dar es Salaam","Settlement":"KEKO MWANGA B","Establishe":"1970","Last_Updat":"14-11-2016","Population":"28770","Structures":"1184","url":"https://sdinet.org/settlement/1849/197620","Shape_Leng":0.0270670218098,"Shape_Area":3.13874810227e-05,"pop":28770.0,"kyc_year":2016.0,"drt_cln":"modified boundary","area":400495,"dens_area":0.0718361028228},"geometry":{"type":"Polygon","coordinates":[[[39.276390000098615,-6.83630000014483],[39.27667000042021,-6.83609999991495],[39.27723999972625,-6.835130000149206],[39.27735000030236,-6.835110000126235],[39.27760999970184,-6.834219999553284],[39.27776999988578,-6.833320000317655],[39.27748000000207,-6.833189999718684],[39.27780999993172,-6.8317400003007265],[39.2778900000236,-6.831219999703194],[39.277462613164346,-6.831041377781844],[39.275778309167094,-6.830831984675625],[39.27584493407517,-6.830227601580134],[39.278930000319406,-6.830269999960422],[39.28101999957346,-6.831319999818049],[39.28045999982925,-6.837690000393081],[39.28037999973736,-6.838299999745004],[39.279416459801894,-6.8398224953118625],[39.276840693543306,-6.839221681635195],[39.2764199996833,-6.837699999954965],[39.27623992460224,-6.8372803240014255],[39.27592583574932,-6.836842503176342],[39.276390000098615,-6.83630000014483]]]}},{"type":"Feature","properties":{"OBJECTID":31,"Country":"Tanzania","City":"Dar es Salaam","Settlement":"KICHANGANI","Establishe":"1994","Last_Updat":"06-12-2016","Population":"8930","Structures":"1035","url":"https://sdinet.org/settlement/1849/518584","Shape_Leng":0.0187470917773,"Shape_Area":1.68110868545e-05,"pop":8930.0,"kyc_year":2016.0,"drt_cln":"modified boundary","area":202645,"dens_area":0.0440672111328},"geometry":{"type":"Polygon","coordinates":[[[39.26906590516751,-6.872976945929224],[39.2694125803265,-6.874558409143219],[39.268446563658074,-6.875212808024514],[39.26790832780273,-6.87432333603158],[39.26628081540747,-6.87240824254633],[39.26509666547878,-6.8729068320845395],[39.26401379180305,-6.87304705977391],[39.26388135404136,-6.87201092836159],[39.26390472472343,-6.87183174833649],[39.26394367705922,-6.871161768700631],[39.263967048640495,-6.871005959357491],[39.264259190709254,-6.870834569259897],[39.26436999977568,-6.870499999874994],[39.26489606090456,-6.870207436923636],[39.26521936538148,-6.870199646996071],[39.26603736353354,-6.870074999161717],[39.26650089569995,-6.870024361035405],[39.2670111710288,-6.8699737238081875],[39.26722151346223,-6.8700009903533905],[39.26804730244112,-6.870156799696417],[39.26857315852459,-6.870223018577349],[39.268779605094835,-6.8702580750499465],[39.26893541443786,-6.8720031384340245],[39.26906590516751,-6.872976945929224]]]}},{"type":"Feature","properties":{"OBJECTID":32,"Country":"Tanzania","City":"Dar es Salaam","Settlement":"KIDAGAA","Establishe":"2014","Last_Updat":"06-05-2019","Population":"23400","Structures":"1305","url":"https://sdinet.org/settlement/1849/46457982","Shape_Leng":0.0378677769734,"Shape_Area":5.30281051108e-05,"pop":23400.0,"kyc_year":2019.0,"drt_cln":"modified boundary","area":619151,"dens_area":0.037793688454},"geometry":{"type":"Polygon","coordinates":[[[39.23500055822922,-6.894471483871826],[39.23488088094797,-6.895819666544355],[39.23516677632574,-6.896644745958213],[39.23470801326425,-6.897958269658319],[39.234535146479914,-6.898796546623146],[39.23471466195207,-6.899126576230344],[39.23510028854764,-6.901238760860053],[39.23535294048594,-6.90163479530952],[39.23801243542556,-6.903958185721592],[39.237706593084965,-6.90472384602856],[39.234036491291135,-6.903654562008399],[39.23234771197741,-6.902915301300083],[39.23124402169441,-6.901344370046559],[39.2304195790004,-6.90073711812346],[39.22911642628219,-6.900763520420072],[39.22692000035789,-6.897600000439581],[39.22690000033492,-6.896500000074923],[39.227589999778786,-6.896079999592247],[39.23156981009885,-6.896057289911822],[39.23432903535672,-6.894572144089125],[39.23494736782692,-6.894446731831125],[39.23500055822922,-6.894471483871826]]]}},{"type":"Feature","properties":{"OBJECTID":33,"Country":"Tanzania","City":"Dar es Salaam","Settlement":"KIGILAGILA","Establishe":"1975","Last_Updat":"14-11-2016","Population":"69356","Structures":"3601","url":"https://sdinet.org/settlement/1849/238253","Shape_Leng":0.0292825910461,"Shape_Area":4.56216538503e-05,"pop":69356.0,"kyc_year":2016.0,"drt_cln":"modified boundary","area":549139,"dens_area":0.126299534362},"geometry":{"type":"Polygon","coordinates":[[[39.227780000446785,-6.865550000032441],[39.22768000033193,-6.867999999700201],[39.2275099996869,-6.868099999815058],[39.22752000014799,-6.868629999974473],[39.227760000423814,-6.869220000202802],[39.226020000223,-6.869790000408159],[39.22329000023336,-6.870840000265672],[39.222989999888625,-6.869940000130839],[39.22159000007849,-6.8685499998824175],[39.221140000011076,-6.866100000214715],[39.220939999781194,-6.865070000380172],[39.22015000022242,-6.863510000386157],[39.221964000238586,-6.861666999931971],[39.22206000016894,-6.86144999981758],[39.22436700043687,-6.86401100010744],[39.22591199973908,-6.86345699974072],[39.22772059884778,-6.863442623577329],[39.227780000446785,-6.865550000032441]]]}},{"type":"Feature","properties":{"OBJECTID":34,"Country":"Tanzania","City":"Dar es Salaam","Settlement":"KIGOGO KATI","Establishe":"1975","Last_Updat":"29-11-2017","Population":"19380","Structures":"2617","url":"https://sdinet.org/settlement/1849/230253","Shape_Leng":0.0284893503123,"Shape_Area":4.24713490135e-05,"pop":19380.0,"kyc_year":2017.0,"drt_cln":"modified boundary","area":549860,"dens_area":0.0352453351762},"geometry":{"type":"Polygon","coordinates":[[[39.25005999995807,-6.8170881023620495],[39.250759999842444,-6.8210881024645005],[39.25118577785406,-6.821647872995415],[39.248580268116996,-6.821635975688025],[39.24742622955824,-6.820934034689969],[39.24662911014104,-6.820850753553998],[39.24548696888604,-6.821148186178959],[39.24460000011027,-6.82098810234413],[39.24361000062163,-6.819957620780939],[39.24349000048454,-6.819697620482145],[39.24351000050751,-6.8193976201374085],[39.243730000759285,-6.819267620437756],[39.24380000038991,-6.819097620692106],[39.24345000043911,-6.818497620901836],[39.24378861761255,-6.818032851820192],[39.243584775237935,-6.817466273886566],[39.24386417638192,-6.817313387335504],[39.243810638509274,-6.816760162651575],[39.24465415743583,-6.816624830806973],[39.24481120186215,-6.8160823136976205],[39.2455426573095,-6.815900633085562],[39.2479119519038,-6.814447907618785],[39.24829473277481,-6.814021700466469],[39.24880628061442,-6.813899552806107],[39.24952951701232,-6.813456102702275],[39.24991143583526,-6.81345303355664],[39.25013881504424,-6.813783754366399],[39.25059091262426,-6.813962213942204],[39.25107870211838,-6.81383134358731],[39.251994794582686,-6.8143072357894985],[39.251370000084194,-6.814788102417082],[39.25149999977896,-6.816788102917827],[39.25005999995807,-6.8170881023620495]]]}},{"type":"Feature","properties":{"OBJECTID":35,"Country":"Tanzania","City":"Dar es Salaam","Settlement":"KIGUNGA","Establishe":"2011","Last_Updat":"05-12-2017","Population":"9090","Structures":"500","url":"https://sdinet.org/settlement/1849/528918","Shape_Leng":0.0233209534092,"Shape_Area":2.3883397905e-05,"pop":9090.0,"kyc_year":2017.0,"drt_cln":"","area":331367,"dens_area":0.027431820308},"geometry":{"type":"Polygon","coordinates":[[[39.24503000003466,-6.873679999931993],[39.244720000127984,-6.872899999934931],[39.244346241387404,-6.872668637969355],[39.244100000314916,-6.871899999685127],[39.2442986521674,-6.871669264346906],[39.245978553724626,-6.871423731867311],[39.24746757159295,-6.871368122281409],[39.24805820055661,-6.871298068429893],[39.24862000011302,-6.871099999665204],[39.24942999969471,-6.870900000334701],[39.24971999957842,-6.870900000334701],[39.25026999976086,-6.871219999803031],[39.25030000024492,-6.871899999685127],[39.2504733534775,-6.8731302534043826],[39.24952156907506,-6.873606145605663],[39.248876127051346,-6.874295878016256],[39.24867448095705,-6.875352669983955],[39.247925368875656,-6.875759192576709],[39.24747523261016,-6.877351417228794],[39.24620000003,-6.878299999845012],[39.24556000019396,-6.878399999959868],[39.24535000040237,-6.877599999939946],[39.24490065580187,-6.875140897954452],[39.24503000003466,-6.873679999931993]]]}},{"type":"Feature","properties":{"OBJECTID":36,"Country":"Tanzania","City":"Dar es Salaam","Settlement":"KILAKALA","Establishe":"1988","Last_Updat":"05-12-2017","Population":"11610","Structures":"1537","url":"https://sdinet.org/settlement/1849/526678","Shape_Leng":0.0416695422506,"Shape_Area":1.28177905328e-05,"pop":11610.0,"kyc_year":2017.0,"drt_cln":"modified boundary","area":481876,"dens_area":0.0240933352149},"geometry":{"type":"Polygon","coordinates":[[[39.24737000002557,-6.867120999634324],[39.24735999956448,-6.867170000095371],[39.2472800003718,-6.867399999909991],[39.24827000016046,-6.868999999950005],[39.24873860570716,-6.8701128209696085],[39.24971999957842,-6.870900000334701],[39.24942999969471,-6.870900000334701],[39.24862000011302,-6.871099999665204],[39.24805820055661,-6.871298068429893],[39.245978553724626,-6.871423731867311],[39.2442986521674,-6.871669264346906],[39.244100000314916,-6.871899999685127],[39.2435999997403,-6.871000000449613],[39.24280197119481,-6.869982226493789],[39.24149564710257,-6.869475401299496],[39.240499999775295,-6.8692000001798315],[39.23985000037732,-6.868500000274764],[39.239289886750214,-6.867805019673426],[39.23823999987627,-6.867700000254729],[39.237769999785826,-6.86770000025473],[39.23770999971674,-6.86762999972467],[39.237600000040004,-6.867600000139873],[39.23749999992515,-6.867099999565255],[39.24242000018302,-6.865500000424618],[39.24737000002557,-6.867120999634324]]]}},{"type":"Feature","properties":{"OBJECTID":37,"Country":"Tanzania","City":"Dar es Salaam","Settlement":"KILIMANI","Establishe":"1970","Last_Updat":"30-11-2017","Population":"6400","Structures":"1652","url":"https://sdinet.org/settlement/1849/235951","Shape_Leng":0.0263439962881,"Shape_Area":3.21232515223e-05,"pop":6400.0,"kyc_year":2017.0,"drt_cln":"","area":392396,"dens_area":0.016310054129},"geometry":{"type":"Polygon","coordinates":[[[39.22639999976025,-6.796099999815112],[39.22540999997159,-6.794599999890011],[39.225439999556386,-6.794249999937506],[39.22534999990262,-6.7925299997596085],[39.22563999978621,-6.79205999966922],[39.226319999668306,-6.7921199997381345],[39.22639000019842,-6.791889999923511],[39.22713000014943,-6.792279999922017],[39.227199999780225,-6.792529999759609],[39.22752999970976,-6.792449999667724],[39.22766999987067,-6.792239999876074],[39.22737999998708,-6.79186999990054],[39.228260000099,-6.791800000269745],[39.22918000025686,-6.791259999649241],[39.228819999843154,-6.790809999581767],[39.230219999653286,-6.790289999883555],[39.23150999978674,-6.791829999854542],[39.23129999999503,-6.793110000426111],[39.23111000022641,-6.793189999618733],[39.23080000031979,-6.795459999978959],[39.23064000013596,-6.795569999655697],[39.23082999990464,-6.796939999881033],[39.230889999973556,-6.797220000202799],[39.23082000034282,-6.797690000293244],[39.230410000321285,-6.797610000201303],[39.23068999974373,-6.798000000199806],[39.22606000026883,-6.79710999962674],[39.22639999976025,-6.796099999815112],[39.22639999976025,-6.796099999815112]]]}},{"type":"Feature","properties":{"OBJECTID":39,"Country":"Tanzania","City":"Dar es Salaam","Settlement":"KIMARA BARUTI","Establishe":"2010","Last_Updat":"07-12-2017","Population":"12894","Structures":"1918","url":"https://sdinet.org/settlement/1849/981075","Shape_Leng":0.0636723457607,"Shape_Area":7.97023525439e-05,"pop":12894.0,"kyc_year":2017.0,"drt_cln":"","area":973586,"dens_area":0.0132438223228},"geometry":{"type":"Polygon","coordinates":[[[39.18460999985166,-6.790399999560293],[39.18899999995011,-6.79110000036468],[39.192220000053,-6.78989999988505],[39.192220000053,-6.78989999988505],[39.192289999683794,-6.790100000114877],[39.19142000003302,-6.790399999560294],[39.19150000012496,-6.790499999675205],[39.1919999998002,-6.791299999695184],[39.191970000215406,-6.79160000003992],[39.19127000031034,-6.791470000340211],[39.19062000001304,-6.791999999600251],[39.190259999599334,-6.792299999944987],[39.18936999992559,-6.795899999585289],[39.18969000029335,-6.7963099996067635],[39.19080999978172,-6.7969100002962355],[39.19146000007902,-6.797499999625244],[39.191970000215406,-6.797799999969982],[39.192500000374764,-6.798749999712698],[39.188790000158406,-6.799600000239764],[39.187870000000544,-6.801329999979486],[39.187009999911595,-6.801829999654729],[39.1857599998242,-6.800449999867567],[39.187319999818214,-6.799110000126348],[39.1873999999101,-6.798399999760137],[39.1873999999101,-6.79689999983509],[39.18647000019041,-6.796899999835091],[39.1863000004447,-6.796999999950002],[39.185119999988046,-6.7959999997002],[39.1846899999436,-6.794900000234805],[39.18360000004003,-6.792999999850053],[39.182900000134964,-6.794000000099856],[39.18130000009501,-6.792700000404637],[39.18043000044423,-6.792150000222306],[39.18056999970577,-6.791660000108891],[39.18009999961532,-6.791999999600251],[39.179630000424254,-6.792199999830074],[39.17900000014993,-6.793099999964966],[39.178309999806686,-6.792999999850054],[39.17820000012995,-6.794499999775099],[39.17707999974226,-6.791230000064387],[39.17746000017894,-6.787399999710146],[39.18460999985166,-6.790399999560293]]]}},{"type":"Feature","properties":{"OBJECTID":40,"Country":"Tanzania","City":"Dar es Salaam","Settlement":"KIMBANGULILE","Establishe":"1970","Last_Updat":"14-11-2016","Population":"10800","Structures":"1629","url":"https://sdinet.org/settlement/1849/193964","Shape_Leng":0.0393033375526,"Shape_Area":5.48933011314e-05,"pop":10800.0,"kyc_year":2016.0,"drt_cln":"","area":689865,"dens_area":0.0156552368942},"geometry":{"type":"Polygon","coordinates":[[[39.27119000041836,-6.923100000064891],[39.271449999817776,-6.923100000064892],[39.272429395700215,-6.923211390992833],[39.27373964047206,-6.92356292069212],[39.27436999957587,-6.923799999969958],[39.27448000015198,-6.923869999600753],[39.27678000009712,-6.925099999665122],[39.277540000070985,-6.925649999847566],[39.27842353243864,-6.925472945978527],[39.279715634569015,-6.926790596508795],[39.279249999787794,-6.928129999999385],[39.27998999973886,-6.92899000008839],[39.27873999965141,-6.929170000295244],[39.278110000276456,-6.929469999740603],[39.27768000023201,-6.929110000226217],[39.27680000012009,-6.930180000106759],[39.27645000016753,-6.930019999922992],[39.276189999868734,-6.9313199996182675],[39.27540999987167,-6.932290000283216],[39.27403999964639,-6.934389999998473],[39.27411000017639,-6.934650000297211],[39.2738299998548,-6.9349800002268],[39.27425000033736,-6.935629999624667],[39.27421999985313,-6.936500000174817],[39.27257000020546,-6.933890000323231],[39.272419999583406,-6.9331399999110195],[39.27216000018399,-6.930650000197318],[39.272089999653815,-6.92999999990002],[39.2720800000921,-6.929460000178835],[39.271990000438336,-6.9290999997650715],[39.27187000030034,-6.92829999974515],[39.271759999724395,-6.9275100001863175],[39.271480000301835,-6.925729999939449],[39.27134999970275,-6.924829999804615],[39.27124000002601,-6.924189999968462],[39.27122000000304,-6.923840000015956],[39.27119999998007,-6.923470000040424],[39.27119000041836,-6.923100000064891]]]}},{"type":"Feature","properties":{"OBJECTID":41,"Country":"Tanzania","City":"Dar es Salaam","Settlement":"KIMBUNGA","Establishe":"2009","Last_Updat":"28-11-2017","Population":"4800","Structures":"382","url":"https://sdinet.org/settlement/1849/227663","Shape_Leng":0.0133981241593,"Shape_Area":7.80349899928e-06,"pop":4800.0,"kyc_year":2017.0,"drt_cln":"modified boundary","area":99422,"dens_area":0.0482790529259},"geometry":{"type":"Polygon","coordinates":[[[39.24991184454586,-6.865813957009437],[39.24992787260885,-6.866535214773704],[39.24986359734265,-6.867258479922724],[39.24974462436592,-6.867674885614064],[39.249494781034514,-6.8679604209681875],[39.24770795221872,-6.867141583348599],[39.24839799568019,-6.866166004244292],[39.2483860982951,-6.865568759534823],[39.247793612482155,-6.864797814251575],[39.2472368186958,-6.864876336540817],[39.24670857839806,-6.864666944044985],[39.246692907213514,-6.8637326583743175],[39.247102174506495,-6.86349471227379],[39.247596371075815,-6.863249582801983],[39.24900383003961,-6.8636845221618055],[39.24962440317256,-6.864158581894401],[39.24938056640866,-6.864205631525691],[39.249360283000954,-6.865043741388545],[39.24949787246044,-6.865335215254846],[39.24991184454586,-6.865813957009437]]]}},{"type":"Feature","properties":{"OBJECTID":43,"Country":"Tanzania","City":"Dar es Salaam","Settlement":"KIPONZA","Establishe":"1970","Last_Updat":"22-11-2017","Population":"16800","Structures":"1312","url":"https://sdinet.org/settlement/1849/214579","Shape_Leng":0.0447921701151,"Shape_Area":6.55405021401e-05,"pop":16800.0,"kyc_year":2017.0,"drt_cln":"modified boundary","area":809341,"dens_area":0.0207576287375},"geometry":{"type":"Polygon","coordinates":[[[39.217976413480756,-6.975492253264805],[39.21775984405184,-6.973879485471456],[39.217719999678366,-6.972999999850059],[39.21900000024988,-6.972999999850059],[39.219399999810264,-6.973599999640214],[39.220500000175036,-6.973899999984953],[39.22099999985028,-6.974800000119786],[39.22200999966191,-6.975000000349666],[39.223020000372856,-6.975299999795083],[39.223000000349884,-6.975500000024852],[39.223560000094096,-6.97560000013982],[39.22440000016002,-6.976300000044944],[39.225019999973085,-6.976099999815062],[39.224999999950114,-6.975800000369702],[39.225730000339354,-6.975899999585181],[39.226069999830656,-6.9765000002747675],[39.22561999976324,-6.976899999835098],[39.22528000027194,-6.978499999874997],[39.224999999950114,-6.978000000199813],[39.22495000034229,-6.980599999590254],[39.22473000008961,-6.9805000003746045],[39.2250100004112,-6.982800000319686],[39.22549000006353,-6.982700000204659],[39.22516000013388,-6.983400000109896],[39.22473000008961,-6.98500000014974],[39.224199999930136,-6.98520000037962],[39.2234500004173,-6.985700000054862],[39.22309000000365,-6.984599999690205],[39.22294999984268,-6.9846300001742625],[39.22204000014597,-6.982600000089803],[39.22142000033284,-6.982199999630213],[39.221630000124435,-6.981800000069882],[39.22114999957296,-6.981499999725145],[39.22109999996513,-6.981100000164815],[39.21900000024988,-6.980300000144836],[39.21849999967543,-6.980599999590255],[39.21861999981326,-6.981000000049789],[39.2175600003938,-6.98110999972664],[39.21754000037083,-6.980899999934934],[39.216899999635416,-6.980899999934933],[39.21695000014239,-6.979999999799985],[39.21637498891465,-6.980590929927304],[39.21605823779754,-6.978729373761553],[39.21623460564268,-6.978530319618528],[39.216352200094036,-6.978118835715634],[39.21584094540333,-6.977359550702659],[39.216308741255546,-6.976956412508344],[39.21673837887312,-6.976119749826467],[39.216700000304854,-6.975500000024852],[39.217976413480756,-6.975492253264805]]]}},{"type":"Feature","properties":{"OBJECTID":44,"Country":"Tanzania","City":"Dar es Salaam","Settlement":"KIPUNGUNI","Establishe":"1980","Last_Updat":"29-11-2017","Population":"126000","Structures":"6850","url":"https://sdinet.org/settlement/1849/231745","Shape_Leng":0.111052734582,"Shape_Area":0.000243294688756,"pop":126000.0,"kyc_year":2017.0,"drt_cln":"","area":2971414,"dens_area":0.0424040540968},"geometry":{"type":"Polygon","coordinates":[[[39.20474999961283,-6.887200000179803],[39.17703000013444,-6.895499999825064],[39.17690000043473,-6.893199999880039],[39.18044000000606,-6.885399999910021],[39.181750000162424,-6.886219999952971],[39.18163000002454,-6.8865000002747365],[39.18183999981619,-6.886600000389649],[39.182419999583374,-6.887030000434152],[39.182499999675315,-6.886500000274736],[39.18282999960485,-6.886600000389649],[39.18302000027285,-6.885899999585262],[39.18409000015345,-6.885700000254759],[39.18413000019939,-6.884800000119868],[39.1842700003603,-6.884200000329714],[39.18507000038028,-6.878800000419631],[39.18538999984867,-6.878800000419631],[39.18546000037878,-6.877399999710178],[39.18602000012294,-6.877100000264761],[39.18540000030981,-6.877000000149849],[39.18522000010296,-6.8765999996902005],[39.18706000041874,-6.8765999996902],[39.18731000025633,-6.872500000374657],[39.190000000199916,-6.870800000219788],[39.19679999992013,-6.879300000094873],[39.19599000033827,-6.878999999750136],[39.1960100003613,-6.880100000114851],[39.19571999957839,-6.880900000134829],[39.19517000029532,-6.881299999695159],[39.19523000036429,-6.881000000249742],[39.19410000041472,-6.881700000154808],[39.1941399995614,-6.881999999600283],[39.19460000008996,-6.882700000404668],[39.194129999999575,-6.883369999825561],[39.19289999993509,-6.8845999998900425],[39.19064999959784,-6.888299999645197],[39.19189999968529,-6.889000000449641],[39.19213000039923,-6.888820000242788],[39.19332999997954,-6.889959999754125],[39.19815000012244,-6.887900000084869],[39.20045000006752,-6.886099999815087],[39.200209999791696,-6.885600000139846],[39.20184999987765,-6.884100000214801],[39.20299000028831,-6.8829100001963175],[39.2047699996358,-6.884000000099888],[39.204000000099995,-6.8840000000998876],[39.20474999961283,-6.885800000369669],[39.20474999961283,-6.887200000179803]]]}},{"type":"Feature","properties":{"OBJECTID":45,"Country":"Tanzania","City":"Dar es Salaam","Settlement":"KISEWE","Establishe":"1995","Last_Updat":"14-11-2016","Population":"49296","Structures":"2064","url":"https://sdinet.org/settlement/1849/202024","Shape_Leng":0.0796198324488,"Shape_Area":0.000300232097275,"pop":49296.0,"kyc_year":2016.0,"drt_cln":"modified boundary","area":3684455,"dens_area":0.0133794550347},"geometry":{"type":"Polygon","coordinates":[[[39.19318999981874,-6.976600000389681],[39.193269999910626,-6.975879999562211],[39.19345999967942,-6.974599999890018],[39.19419000006849,-6.971499999925015],[39.19503000013458,-6.971100000364687],[39.194109999976604,-6.969899999885059],[39.19532999957994,-6.969300000094847],[39.19589999978524,-6.967200000379591],[39.195779999647414,-6.966739999851087],[39.197180000356866,-6.965799999670196],[39.20004999960793,-6.9669000000348555],[39.203099999965104,-6.967900000284658],[39.20901999957351,-6.96410000041459],[39.21003000028446,-6.964800000319655],[39.20907999964243,-6.965899999785108],[39.20985000007755,-6.966100000014933],[39.209709999916754,-6.967800000169803],[39.209400000010135,-6.971000000249718],[39.20892999991975,-6.971100000364687],[39.209718965258105,-6.9770005773147545],[39.21029099073667,-6.977388523261652],[39.21050999993662,-6.977300000294747],[39.21045175174703,-6.97940350826525],[39.21080789856575,-6.979957514927207],[39.21107783457455,-6.980241584681323],[39.21095346642943,-6.980840815551119],[39.21147466402459,-6.981097925428799],[39.212087658119,-6.981234146638485],[39.212087658119,-6.981881195360813],[39.212640000135934,-6.982199999630212],[39.206999999950085,-6.9889000001348345],[39.20613000029931,-6.988120000137768],[39.199549999932685,-6.984599999690204],[39.19230000014494,-6.977699999855076],[39.192209999591796,-6.97759999974005],[39.19318999981874,-6.976600000389681]]]}},{"type":"Feature","properties":{"OBJECTID":46,"Country":"Tanzania","City":"Dar es Salaam","Settlement":"KISIWANI","Establishe":"2009","Last_Updat":"26-02-2019","Population":"8604","Structures":"3046","url":"https://sdinet.org/settlement/1849/238700","Shape_Leng":0.0336467930641,"Shape_Area":5.69775031739e-05,"pop":8604.0,"kyc_year":2019.0,"drt_cln":"","area":695961,"dens_area":0.0123627617065},"geometry":{"type":"Polygon","coordinates":[[[39.22633000012945,-6.820869999950503],[39.22633000012945,-6.820869999950503],[39.221630000124435,-6.82404000044562],[39.221460000378784,-6.8241500001223585],[39.22011000017642,-6.824839999566279],[39.2198400003158,-6.824170000145329],[39.219740000200886,-6.82355999989403],[39.21917999955741,-6.823479999802089],[39.217269999610835,-6.823020000172846],[39.21508000024187,-6.82271999982811],[39.21446999999057,-6.822639999736169],[39.213540000270825,-6.822360000313722],[39.21477000033531,-6.820889999973474],[39.2148699995509,-6.820330000229262],[39.214690000243365,-6.82021000009138],[39.21459000012845,-6.819109999726662],[39.21416000008401,-6.818950000442101],[39.21432000026783,-6.817680000331677],[39.21449000001354,-6.81756999975562],[39.218840000065995,-6.817509999686707],[39.2213000001949,-6.817890000123384],[39.22165999970929,-6.817749999962474],[39.22187000040026,-6.817859999639211],[39.22633000012945,-6.820869999950503]]]}},{"type":"Feature","properties":{"OBJECTID":47,"Country":"Tanzania","City":"Dar es Salaam","Settlement":"KIWALANI","Establishe":"2000","Last_Updat":"01-12-2017","Population":"9290","Structures":"1038","url":"https://sdinet.org/settlement/1849/236596","Shape_Leng":0.0424247269002,"Shape_Area":9.50544483244e-05,"pop":9290.0,"kyc_year":2017.0,"drt_cln":"modified boundary","area":1214741,"dens_area":0.00764772078986},"geometry":{"type":"Polygon","coordinates":[[[39.23200732218976,-6.86258530986521],[39.23068434187053,-6.862571033099243],[39.22868559462563,-6.862628140163394],[39.22868559462563,-6.863456192593389],[39.22772059884778,-6.863442623577329],[39.22591199973908,-6.86345699974072],[39.22436700043687,-6.86401100010744],[39.22206000016894,-6.86144999981758],[39.22159000007849,-6.860910000096338],[39.22101999987325,-6.8602900002831575],[39.219749999762826,-6.858929999619705],[39.21937999978729,-6.858799999919996],[39.217770000185396,-6.858120000037901],[39.218599999790285,-6.857979999876932],[39.21908000034193,-6.8575299998095725],[39.219749999762826,-6.857219999902952],[39.22015999978413,-6.85703000013433],[39.22054000022098,-6.856840000365594],[39.22099999985028,-6.856600000089883],[39.22136999982581,-6.856430000344118],[39.22165999970929,-6.856279999722062],[39.22210000021488,-6.856060000368644],[39.22237000007556,-6.855860000138875],[39.222659999959205,-6.855769999585789],[39.22304000039583,-6.855570000255284],[39.22335999986416,-6.855419999633227],[39.22411999983825,-6.8550499996576955],[39.22469999960538,-6.854759999774103],[39.225220000203024,-6.854489999913484],[39.225750000362325,-6.8542600000988605],[39.226729999689894,-6.853700000354649],[39.22721999980325,-6.853569999755563],[39.228099999915116,-6.8530599996192345],[39.22850999993665,-6.8528499998275265],[39.22904999965783,-6.852510000336223],[39.229960000253925,-6.852140000360691],[39.231139999811205,-6.854480000351713],[39.23240999992163,-6.85703000013433],[39.23281000038139,-6.857799999670192],[39.23219618729604,-6.85815965741864],[39.232046281252735,-6.858438054356326],[39.2320974396643,-6.85950286315648],[39.23232943711241,-6.860163163585582],[39.23194277469901,-6.860704490964338],[39.23171672590337,-6.861061410115269],[39.23203587572175,-6.8617096682150995],[39.23200732218976,-6.86258530986521]]]}},{"type":"Feature","properties":{"OBJECTID":48,"Country":"Tanzania","City":"Dar es Salaam","Settlement":"KIZINGA","Establishe":"1994","Last_Updat":"01-12-2017","Population":"59810","Structures":"6447","url":"https://sdinet.org/settlement/1849/231911","Shape_Leng":0.0311477149142,"Shape_Area":3.32000903971e-05,"pop":59810.0,"kyc_year":2017.0,"drt_cln":"modified boundary","area":498953,"dens_area":0.119871009895},"geometry":{"type":"Polygon","coordinates":[[[39.266900000434816,-6.89360000033963],[39.26695999960435,-6.893620000362602],[39.26773332573248,-6.895432906803137],[39.26810999957695,-6.896879999612167],[39.26830000024495,-6.8969999997501645],[39.268539999621396,-6.897999999999911],[39.268710000266424,-6.898499999675153],[39.26810000001507,-6.898699999905034],[39.267520000247885,-6.8989000001348595],[39.266818609990935,-6.898663357927602],[39.266413356591215,-6.898362312570612],[39.26596178810621,-6.897713905871968],[39.26557969134984,-6.897517068557761],[39.264757604879605,-6.897181286886848],[39.26444999986779,-6.896899999635252],[39.26405999986923,-6.896399999959896],[39.26340000001005,-6.896000000399567],[39.26317999975737,-6.895800000169686],[39.26298999998858,-6.895299999595238],[39.26319999978034,-6.89399999989996],[39.26249000031345,-6.893600000339631],[39.26237000017545,-6.893400000109864],[39.262120000337916,-6.8927000002047984],[39.26011999983831,-6.891499999725169],[39.25931000025639,-6.89200000029973],[39.25870999956692,-6.891599999840024],[39.25886999975086,-6.891300000394664],[39.25942673130345,-6.889554418891406],[39.26066555467179,-6.88816000218219],[39.26100267633251,-6.888529230539519],[39.26130769129708,-6.889010832783639],[39.26156824620858,-6.889268883570595],[39.26262472689518,-6.890077900312634],[39.26278460562514,-6.890848949019755],[39.26302540629757,-6.891029549973666],[39.263321022509956,-6.8910500766354525],[39.26403999984626,-6.89110000016484],[39.265382581284314,-6.891161237734877],[39.26621957520098,-6.891463873126043],[39.26760000033977,-6.891539999771113],[39.26719999988018,-6.892399999859946],[39.266900000434816,-6.89360000033963]]]}},{"type":"Feature","properties":{"OBJECTID":49,"Country":"Tanzania","City":"Dar es Salaam","Settlement":"KOMBO","Establishe":"1994","Last_Updat":"16-03-2019","Population":"39000","Structures":"6038","url":"https://sdinet.org/settlement/1849/239684","Shape_Leng":0.0343240527636,"Shape_Area":4.38016087912e-05,"pop":39000.0,"kyc_year":2019.0,"drt_cln":"","area":535003,"dens_area":0.0728967874946},"geometry":{"type":"Polygon","coordinates":[[[39.229090899925154,-6.842606200115996],[39.22911170034473,-6.842568800010042],[39.229134599782014,-6.842460800425556],[39.22914570011403,-6.842369299803296],[39.22910300030327,-6.842345299595876],[39.229040099920724,-6.842160600431328],[39.229030399833164,-6.842082399882826],[39.229037300331186,-6.841999700026066],[39.22904839976388,-6.841890800220198],[39.22913359973592,-6.841808499662476],[39.229141399556,-6.841770999731807],[39.2291548003538,-6.841728999593614],[39.22922050032588,-6.841691200188677],[39.22926599972618,-6.8416718000135015],[39.229385099642684,-6.841692600433134],[39.22944170027432,-6.841744199934852],[39.22955310019546,-6.841756199588871],[39.229651200042895,-6.841796699657892],[39.229699900130356,-6.841694800174821],[39.22972400016255,-6.8416435999720875],[39.22974879986725,-6.841591999571051],[39.229547500117064,-6.84149930015252],[39.22945779993756,-6.841463999963593],[39.22935350016394,-6.841446000032818],[39.22908739976373,-6.841381700305193],[39.22881849977398,-6.841337799899521],[39.228404999591135,-6.841275699913582],[39.228270899882205,-6.841205899932277],[39.22804679962013,-6.8410590999974366],[39.22776060027155,-6.840843099929088],[39.22784210043267,-6.840717800086339],[39.22789019977296,-6.840621499782343],[39.228043699657064,-6.84042079987995],[39.228106000191815,-6.840320699940322],[39.228174099555076,-6.840208999645596],[39.22822870009446,-6.840084000176432],[39.22831490011259,-6.83998309984014],[39.228358799618945,-6.839933299881864],[39.22840579998774,-6.839876299951243],[39.22851140018105,-6.839799499647142],[39.228680499705376,-6.839730099864199],[39.22882140008761,-6.8395954003074175],[39.22893459955219,-6.839496500063375],[39.22897189983337,-6.839386000363562],[39.22904679986999,-6.839145500064717],[39.228999800400516,-6.839043300208118],[39.228883199699965,-6.839052500272601],[39.228794200092295,-6.839048400263437],[39.22869670009271,-6.839024300231245],[39.22860480017147,-6.838997799908497],[39.228658899788456,-6.8388684998813005],[39.228549900157816,-6.838744399734197],[39.22855860019928,-6.838613200338898],[39.22822569995611,-6.83835579998015],[39.22795500042298,-6.837952900106188],[39.22835149982188,-6.83759360026437],[39.22832880003415,-6.837384800168365],[39.22849369972454,-6.837234400247325],[39.22837680044904,-6.837012999750073],[39.22844129982616,-6.836937099667352],[39.22842959964635,-6.836709599968002],[39.22818109987793,-6.836453599853713],[39.22847119958624,-6.836232599554761],[39.228590400226835,-6.835800200119081],[39.228490599761415,-6.835599199843159],[39.228451699586344,-6.835310100180948],[39.22848820037018,-6.835043499757661],[39.22863260001452,-6.834684899588411],[39.228994499796386,-6.834381700355153],[39.22943600037115,-6.834283499783625],[39.22986880000519,-6.834197299765549],[39.230179700133135,-6.834161200079278],[39.230456399942966,-6.834087999761323],[39.23079259979869,-6.833830600301893],[39.23110540019411,-6.833293300345474],[39.23115279986189,-6.832977200337496],[39.231283799607695,-6.833062500134247],[39.231458799584004,-6.833349800253018],[39.231523700058744,-6.833533000247712],[39.23153090003109,-6.8335844999247115],[39.23156129981419,-6.833596499578732],[39.2315969003767,-6.833668400376324],[39.231744700357694,-6.833938300412172],[39.23197699973878,-6.834170800342121],[39.23208019964153,-6.834296399659081],[39.23219220030984,-6.834503300386985],[39.23227850015269,-6.834654599630028],[39.2323950001292,-6.834860399587741],[39.232693700054256,-6.835169599997016],[39.2327266997774,-6.8352028002689735],[39.23277220007702,-6.8352598001995934],[39.23282540037201,-6.835312200097917],[39.23288500024262,-6.83533239977038],[39.23287139979533,-6.835390499571871],[39.23282540037201,-6.8356889998474335],[39.232770299809545,-6.835907400206282],[39.23270719977751,-6.836016399836922],[39.232616700100664,-6.836150600269946],[39.23252499982891,-6.836225399582474],[39.23235869989412,-6.836518399604414],[39.23232589982047,-6.836591300448106],[39.23230720021718,-6.836673899580774],[39.232280799719206,-6.83686579961693],[39.23223909995454,-6.837298199951931],[39.23227009958549,-6.8373655996426805],[39.23227540018962,-6.838019600124426],[39.23235020040147,-6.83824289998978],[39.232354699709674,-6.838336600353785],[39.2323646003461,-6.838511399781225],[39.23236990005091,-6.8386231000759485],[39.23242809967712,-6.838678900310981],[39.23243800031349,-6.838680199831288],[39.23245729976463,-6.838680699854365],[39.232467599700044,-6.838731700407607],[39.232459100207336,-6.8387462001769554],[39.23264070030814,-6.838933600005589],[39.23263610027584,-6.838998100282084],[39.232648900326524,-6.839069500157279],[39.232725699731304,-6.839138399917203],[39.232941599974936,-6.83927649981058],[39.23310410027403,-6.839583899777097],[39.233273299623136,-6.8398473004125435],[39.233290099858266,-6.839964099863265],[39.233297500379365,-6.840071999623035],[39.233542199612884,-6.840081599885878],[39.23376789976879,-6.840379500313645],[39.23387600007737,-6.840344899797231],[39.23394000033079,-6.840287499668306],[39.23396210027079,-6.840276199686798],[39.23409429971224,-6.840156099724197],[39.23417119984106,-6.840191100438915],[39.23449089983524,-6.84025130015732],[39.23454009994572,-6.840254699594651],[39.2345718001485,-6.840304700101797],[39.23461209966871,-6.840377900419697],[39.23471149993583,-6.840578899796356],[39.23480969960798,-6.840740400049356],[39.234814099990786,-6.8407492997403665],[39.23486880035489,-6.84088490041779],[39.23492330017024,-6.841021699891485],[39.23496209962127,-6.841130300223143],[39.23499889987937,-6.84124120012126],[39.235081200437094,-6.84146249989442],[39.23514130033078,-6.841768999639556],[39.23517470025229,-6.841965100409025],[39.23521770043658,-6.842120100362309],[39.2352457997539,-6.84227119995586],[39.23484809976003,-6.842411700139791],[39.23442510003838,-6.842572900019263],[39.23379950014686,-6.842788999912386],[39.23333670002876,-6.843061599712997],[39.23298960038977,-6.843223199790771],[39.23263260011447,-6.843299199698264],[39.23228549957622,-6.843299199698265],[39.231714799698295,-6.843410200320421],[39.23097760023609,-6.843462200020441],[39.2308557996555,-6.843489999863549],[39.23019300020684,-6.843468599596121],[39.22997810000936,-6.843501600218644],[39.229673299982835,-6.8435484000385705],[39.22959060012613,-6.843560399692648],[39.229301799938185,-6.843601799983047],[39.229278799776864,-6.843351399947097],[39.22918870029832,-6.843209500418084],[39.22913740027087,-6.84308290015565],[39.22908269990671,-6.843000700322022],[39.22904310005907,-6.842927300354575],[39.2290355997132,-6.842800000419629],[39.229044199929945,-6.842691099714444],[39.229090899925154,-6.842606200115996]]]}},{"type":"Feature","properties":{"OBJECTID":50,"Country":"Tanzania","City":"Dar es Salaam","Settlement":"KONGOWE","Establishe":"1994","Last_Updat":"14-11-2016","Population":"22400","Structures":"2031","url":"https://sdinet.org/settlement/1849/194397","Shape_Leng":0.0345241029442,"Shape_Area":6.47555998844e-05,"pop":22400.0,"kyc_year":2016.0,"drt_cln":"modified boundary","area":785316,"dens_area":0.0285235497558},"geometry":{"type":"Polygon","coordinates":[[[39.28390000018493,-6.953550000432074],[39.2833900000486,-6.953729999739552],[39.283169999795746,-6.954170000245255],[39.28031999966828,-6.958010000161265],[39.27786000043875,-6.9587599996741565],[39.27768000023201,-6.958529999859479],[39.27758999967887,-6.958329999629712],[39.27731999981813,-6.957930000069382],[39.27709999956545,-6.957649999747616],[39.277080000441856,-6.9570900000033475],[39.2769299998198,-6.956379999637194],[39.277029999934655,-6.951790000208291],[39.27711000002654,-6.9501199996382175],[39.27747000044019,-6.949200000379676],[39.27743000039425,-6.949200000379676],[39.278389999698845,-6.948880000011855],[39.27842999974479,-6.949029999734648],[39.28094999994266,-6.948369999875524],[39.2807000001049,-6.947309999556809],[39.281139999711286,-6.947130000249217],[39.2828140774929,-6.946591596066241],[39.283995430453786,-6.949354437668547],[39.28579999967036,-6.951810000231262],[39.28390000018493,-6.953550000432074]]]}},{"type":"Feature","properties":{"OBJECTID":51,"Country":"Tanzania","City":"Dar es Salaam","Settlement":"KURASINI MJI MPYA","Establishe":"1999","Last_Updat":"28-11-2017","Population":"7375","Structures":"692","url":"https://sdinet.org/settlement/1849/231796","Shape_Leng":0.028643530033,"Shape_Area":4.1590070195e-05,"pop":7375.0,"kyc_year":2017.0,"drt_cln":"","area":507910,"dens_area":0.0145202890276},"geometry":{"type":"Polygon","coordinates":[[[39.26600999986164,-6.922170000345205],[39.26604000034581,-6.922600000389649],[39.26370000035479,-6.922799999720155],[39.26206999983066,-6.921899999585264],[39.26110000006503,-6.92219999993],[39.260710000066524,-6.922300000044913],[39.26065999955938,-6.921999999700177],[39.26030000004499,-6.921000000349693],[39.26021000039128,-6.920499999775131],[39.26001999972328,-6.919699999755153],[39.26083999976623,-6.919400000309736],[39.260879999812175,-6.91920000007991],[39.26077000013544,-6.919200000079912],[39.260540000320816,-6.919200000079912],[39.26007000023037,-6.919099999965001],[39.259789999908605,-6.918899999735174],[39.25900000034977,-6.918600000289757],[39.2583999996603,-6.918400000059933],[39.25818999986865,-6.918199999830108],[39.25888000021189,-6.91729999969516],[39.25900000034977,-6.917100000364655],[39.25925999974925,-6.91690000013483],[39.25940598040171,-6.9166275577155725],[39.259600000139926,-6.916399999560269],[39.25978000034678,-6.9162000002297646],[39.25995999965431,-6.91599999999994],[39.260690000043496,-6.914999999750136],[39.26077000013544,-6.914999999750136],[39.26145999957936,-6.915199999979961],[39.26268999964384,-6.915699999655205],[39.263580000216905,-6.915799999770116],[39.264460000328825,-6.915699999655204],[39.26565000034731,-6.915500000324698],[39.26563999988616,-6.91690000013483],[39.265699999955075,-6.917789999808577],[39.265699999955075,-6.917999999600226],[39.26600999986164,-6.922099999815089],[39.26600999986164,-6.922170000345205]]]}},{"type":"Feature","properties":{"OBJECTID":52,"Country":"Tanzania","City":"Dar es Salaam","Settlement":"KWA KOPA","Establishe":"1999","Last_Updat":"29-11-2017","Population":"9200","Structures":"1077","url":"https://sdinet.org/settlement/1849/235057","Shape_Leng":0.0304742852597,"Shape_Area":2.98875300348e-05,"pop":9200.0,"kyc_year":2017.0,"drt_cln":"","area":365097,"dens_area":0.0251987827892},"geometry":{"type":"Polygon","coordinates":[[[39.25026000019892,-6.781999999800121],[39.25124999998758,-6.780749999712669],[39.25118999991861,-6.778300000044908],[39.25730999975673,-6.778199999929996],[39.25744000035576,-6.778970000365177],[39.255909999946596,-6.778999999949973],[39.25552002602842,-6.779767599195281],[39.25492000015794,-6.7807000001049005],[39.25443999960635,-6.781600000239791],[39.25453999972126,-6.782400000259772],[39.25449999967532,-6.782500000374683],[39.25445999962932,-6.782599999590276],[39.25438999999858,-6.783300000394661],[39.25443000004452,-6.783800000069903],[39.25446499536332,-6.784372817851192],[39.25336568387928,-6.7845941077318335],[39.25363932239685,-6.785591101548049],[39.25522166334912,-6.785543512123354],[39.25405801886251,-6.786562358565958],[39.25289000007348,-6.787020000172844],[39.25026000019892,-6.781999999800121]]]}},{"type":"Feature","properties":{"OBJECTID":53,"Country":"Tanzania","City":"Dar es Salaam","Settlement":"kwa PAKACHA","Establishe":"1999","Last_Updat":"28-11-2017","Population":"7320","Structures":"1273","url":"https://sdinet.org/settlement/1849/232041","Shape_Leng":0.0136571172859,"Shape_Area":1.04664963082e-05,"pop":7320.0,"kyc_year":2017.0,"drt_cln":"","area":127852,"dens_area":0.0572536995902},"geometry":{"type":"Polygon","coordinates":[[[39.238512267826934,-6.796298656457793],[39.23844000010598,-6.796400000159849],[39.238388535502565,-6.796489013257314],[39.238254691201064,-6.796704354122595],[39.23816962522807,-6.79692683380631],[39.238079999692275,-6.797200000179828],[39.237680000131945,-6.797200000179828],[39.237600000040004,-6.79730000029474],[39.2372500000875,-6.797400000409652],[39.23673999995111,-6.797120000087887],[39.23569999965531,-6.79730000029474],[39.23561705788097,-6.7973027890923845],[39.23554999993263,-6.796670000020413],[39.23550999988663,-6.796300000044937],[39.23554000037075,-6.795299999795134],[39.23595000039228,-6.795000000349717],[39.23636999997558,-6.795000000349717],[39.23634999995261,-6.794599999890011],[39.236491395861265,-6.794423867667321],[39.23686999965082,-6.794000000099856],[39.23815000022239,-6.793599999640207],[39.23875999957437,-6.79377999984706],[39.23891000019643,-6.793300000194789],[39.23929909457763,-6.793934886485771],[39.23920000008002,-6.795700000254783],[39.238912016476434,-6.795908424434174],[39.238512267826934,-6.796298656457793]]]}},{"type":"Feature","properties":{"OBJECTID":54,"Country":"Tanzania","City":"Dar es Salaam","Settlement":"KWA TUMBO","Establishe":"1995","Last_Updat":"29-11-2017","Population":"25000","Structures":"1054","url":"https://sdinet.org/settlement/1849/232242","Shape_Leng":0.0225075237389,"Shape_Area":1.84625503471e-05,"pop":25000.0,"kyc_year":2017.0,"drt_cln":"","area":225527,"dens_area":0.110851472329},"geometry":{"type":"Polygon","coordinates":[[[39.24810000041475,-6.7974000004096515],[39.2468900003733,-6.797200000179828],[39.24675000021239,-6.797300000294741],[39.24671999972827,-6.79730000029474],[39.245790000008526,-6.796999999950004],[39.24579999957035,-6.79769999985507],[39.24570000035476,-6.797900000084893],[39.24556999975573,-6.797799999969982],[39.24533000037928,-6.79792999966969],[39.245350000402254,-6.798000000199806],[39.24515000017243,-6.797730000339185],[39.244820000242896,-6.7976999998550705],[39.244869999850664,-6.797799999969982],[39.24439999976022,-6.797799999969982],[39.24439999976022,-6.79769999985507],[39.24466999962084,-6.797599999740156],[39.24457999996707,-6.797200000179828],[39.24439999976022,-6.7971000000649155],[39.24443999980622,-6.796999999950003],[39.24429999964531,-6.796199999930025],[39.24439999976022,-6.7958000003696934],[39.244069999830685,-6.795069999980456],[39.243670000270356,-6.794700000004923],[39.243650000247385,-6.794599999890011],[39.24367999983218,-6.7943000004445935],[39.24416000038377,-6.7943000004445935],[39.24398000017692,-6.794000000099855],[39.24375999992412,-6.793899999984944],[39.243100000065,-6.793099999964966],[39.24306000001906,-6.793200000079877],[39.24291000029632,-6.792899999735142],[39.242500000274845,-6.792700000404636],[39.24291000029632,-6.791419999833067],[39.24327201968799,-6.791405023423066],[39.24357390591109,-6.791354709052541],[39.24384224922045,-6.791337937595699],[39.24407704961618,-6.7913379375957],[39.24441247785364,-6.791388251966224],[39.244714364076685,-6.791438566336694],[39.24506656467025,-6.791589508548953],[39.24528459360914,-6.791773994574157],[39.24560325128908,-6.792226823908777],[39.24572065148692,-6.79244485284761],[39.24592190896897,-6.792746739070707],[39.24610639499417,-6.793082168207434],[39.24625733810575,-6.793551768998896],[39.24637473830359,-6.793836883765152],[39.246508909958266,-6.7942561692867125],[39.2466095378,-6.7945077411392845],[39.24676048091152,-6.794809627362383],[39.246961738393566,-6.795111513585425],[39.24716299587561,-6.795430171265366],[39.24749842501234,-6.795631428747414],[39.247783539778595,-6.795916543513614],[39.24803511163117,-6.7963693728482335],[39.24813574037216,-6.796704801085639],[39.24810000041475,-6.7974000004096515]]]}},{"type":"Feature","properties":{"OBJECTID":55,"Country":"Tanzania","City":"Dar es Salaam","Settlement":"KWA ZOMBOKO","Establishe":"1995","Last_Updat":"05-12-2016","Population":"24132","Structures":"2560","url":"https://sdinet.org/settlement/1849/219485","Shape_Leng":0.0413730095257,"Shape_Area":7.41741225972e-05,"pop":24132.0,"kyc_year":2016.0,"drt_cln":"","area":905841,"dens_area":0.0266404368979},"geometry":{"type":"Polygon","coordinates":[[[39.258700000005035,-6.917399999810072],[39.25812999979968,-6.918099999715195],[39.256979999827195,-6.919500000424648],[39.254759999974056,-6.919799999870066],[39.25441999958338,-6.918199999830107],[39.2542000002299,-6.917800000269723],[39.25356999995557,-6.917829999854576],[39.25163000042426,-6.917299999695162],[39.25149999982517,-6.917499999924984],[39.25026000019892,-6.917000000249742],[39.2494099996718,-6.917499999924984],[39.24919999988015,-6.9177000001548095],[39.24866999972079,-6.918600000289758],[39.247865594821405,-6.917507958025794],[39.24724693499809,-6.916746530827709],[39.24674724738759,-6.916175460429088],[39.246390328950554,-6.915842335355421],[39.24641412321324,-6.915271264956858],[39.246580685750075,-6.91493814078251],[39.24660448001282,-6.914486042596764],[39.24653309632538,-6.914105328997663],[39.24660448001282,-6.913819794248071],[39.24681863197435,-6.9133676960622665],[39.24679999982021,-6.91300000014985],[39.24660448001282,-6.912439706327349],[39.24660448001282,-6.912201760103073],[39.24653309632538,-6.911678279129205],[39.24668477238441,-6.911271590411502],[39.24665634571386,-6.910845182259322],[39.24659999959039,-6.9100000002997035],[39.24919999988015,-6.911099999765155],[39.252159999684295,-6.911999999900047],[39.25702824215972,-6.913710381828594],[39.25880999968177,-6.914199999730158],[39.260730000089495,-6.9148999996352245],[39.258700000005035,-6.917399999810072]]]}},{"type":"Feature","properties":{"OBJECTID":57,"Country":"Tanzania","City":"Dar es Salaam","Settlement":"MACHINJIONI","Establishe":"2014","Last_Updat":"29-11-2017","Population":"35000","Structures":"4209","url":"https://sdinet.org/settlement/1849/229598","Shape_Leng":0.0241064134852,"Shape_Area":2.87687319591e-05,"pop":35000.0,"kyc_year":2017.0,"drt_cln":"","area":351324,"dens_area":0.0996231398937},"geometry":{"type":"Polygon","coordinates":[[[39.2616770014925,-6.929239872222297],[39.257690000193406,-6.9312999995952405],[39.25691899971213,-6.931837000077452],[39.25613000019939,-6.931900000284712],[39.255490000363295,-6.932099999615219],[39.2551994698797,-6.931736381228973],[39.25500000024988,-6.931700000054889],[39.25402000002305,-6.931299999595241],[39.254069999630815,-6.931499999825063],[39.253589999978544,-6.931399999710152],[39.25260999975171,-6.930499999575262],[39.2522104075843,-6.930201330227136],[39.252600408482124,-6.929701330551893],[39.2531300003493,-6.928900000434623],[39.25330000009495,-6.928600000089886],[39.253939999931106,-6.927989999838588],[39.2541600001839,-6.9275999998400835],[39.254360000413726,-6.927347999910238],[39.25523400024895,-6.927375000256005],[39.25574729280339,-6.928135821311058],[39.256647425138624,-6.927842988563042],[39.25775258491393,-6.927442971915582],[39.258300000444706,-6.927300000394667],[39.25888000021189,-6.927200000279754],[39.259450000417246,-6.927100000164842],[39.25976000032381,-6.9270000000499286],[39.260039999746255,-6.927399999610258],[39.26009999981517,-6.927399999610259],[39.26028000002202,-6.928100000414645],[39.26101379015432,-6.9280699900379545],[39.26102043884225,-6.92838184884323],[39.261433376948844,-6.928952114348534],[39.2616770014925,-6.929239872222297]]]}},{"type":"Feature","properties":{"OBJECTID":58,"Country":"Tanzania","City":"Dar es Salaam","Settlement":"MADENGE","Establishe":"1954","Last_Updat":"26-02-2019","Population":"20160","Structures":"1160","url":"https://sdinet.org/settlement/1849/228313","Shape_Leng":0.0293130156824,"Shape_Area":3.03028826364e-05,"pop":20160.0,"kyc_year":2019.0,"drt_cln":"","area":370131,"dens_area":0.0544672021528},"geometry":{"type":"Polygon","coordinates":[[[39.24373999990115,-6.838900000434649],[39.243719999878124,-6.83890000043465],[39.24570000035476,-6.836099999915006],[39.24582019654491,-6.835884763371098],[39.2466097986034,-6.836076827983163],[39.247329874973786,-6.836269547301697],[39.24760987439623,-6.837069547321732],[39.248829999904615,-6.836400000259744],[39.249899999785214,-6.836159999983977],[39.250799999920105,-6.835700000354677],[39.251149999872666,-6.8359999998000935],[39.25422000025287,-6.83400000019981],[39.25459999979023,-6.836300000144831],[39.245099999665285,-6.841120000287732],[39.24373999990115,-6.838900000434649]]]}},{"type":"Feature","properties":{"OBJECTID":59,"Country":"Tanzania","City":"Dar es Salaam","Settlement":"MAGOGONI","Establishe":"2011","Last_Updat":"06-12-2016","Population":"6200","Structures":"826","url":"https://sdinet.org/settlement/1849/3094864","Shape_Leng":0.0731627989185,"Shape_Area":0.000227530966577,"pop":6200.0,"kyc_year":2016.0,"drt_cln":"","area":2779206,"dens_area":0.00223085298463},"geometry":{"type":"Polygon","coordinates":[[[39.32179299754887,-6.825050191812863],[39.32224315229968,-6.8231745486664295],[39.32321848594444,-6.821223880477645],[39.32486905126575,-6.822386779426268],[39.32618200119845,-6.823399626491551],[39.32700728385913,-6.823887292864242],[39.3284327722547,-6.824675063003725],[39.328957952047915,-6.825275268738606],[39.33158385191331,-6.8267007571341765],[39.3326717249202,-6.827601065736529],[39.333947161432434,-6.8280887330086],[39.33503503443933,-6.828688937844164],[39.337210779553914,-6.829214118536697],[39.34081201396333,-6.8293641695207725],[39.341524758161086,-6.830001887776859],[39.34231252740125,-6.830039401197383],[39.34321283600366,-6.829926862734453],[39.344000606143084,-6.8295142214041675],[39.34535106859698,-6.829214118536696],[39.34655148006681,-6.829364169520772],[39.34778940405778,-6.830339504064796],[39.343850554259745,-6.832777839525647],[39.34216247641723,-6.834240840442362],[39.33994921788218,-6.835628815417465],[39.33784849870932,-6.837616997026771],[39.335110060381055,-6.839830255561822],[39.333459495059685,-6.839830255561822],[39.331941057234076,-6.839654001031249],[39.33063606720077,-6.839468676837894],[39.331044604924614,-6.838723626294269],[39.33067945859017,-6.8368080127795],[39.32910967307299,-6.836588774252505],[39.32672593725226,-6.835591302896261],[39.32430135872079,-6.834825814359816],[39.32420286497029,-6.834553448382906],[39.32374366573765,-6.833884467893824],[39.323255998465584,-6.832815352046794],[39.321286574016256,-6.831821261242169],[39.320611343238966,-6.830208208442001],[39.320780150483586,-6.8292516310579],[39.32123030523445,-6.8277886301411295],[39.321455382160195,-6.826738269655379],[39.32179299754887,-6.825050191812863]]]}},{"type":"Feature","properties":{"OBJECTID":60,"Country":"Tanzania","City":"Dar es Salaam","Settlement":"MAGURUMBASI  A","Establishe":"1970","Last_Updat":"06-12-2016","Population":"10560","Structures":"904","url":"https://sdinet.org/settlement/1849/220955","Shape_Leng":0.02316104098,"Shape_Area":2.21614479315e-05,"pop":10560.0,"kyc_year":2016.0,"drt_cln":"modified boundary","area":280815,"dens_area":0.0376048288019},"geometry":{"type":"Polygon","coordinates":[[[39.27243672067817,-6.8389337097228236],[39.27036583021902,-6.835273531048527],[39.26885680919446,-6.832207328505376],[39.26917040189261,-6.831887209427123],[39.270489668579046,-6.831111416602368],[39.27162017519572,-6.833313417655347],[39.272048478176714,-6.833438339358111],[39.27205216447794,-6.833779616293157],[39.27252437037794,-6.8341164857448],[39.27303069770858,-6.835161157161623],[39.273833367815826,-6.835498278822457],[39.274475504441114,-6.835787239989088],[39.275507050612305,-6.836618833841783],[39.27592583574932,-6.836842503176342],[39.27535844263815,-6.837488902091138],[39.27508553436991,-6.837809970853414],[39.273672834333865,-6.839672166437254],[39.27296000020402,-6.840129999599754],[39.27243672067817,-6.8389337097228236]]]}},{"type":"Feature","properties":{"OBJECTID":61,"Country":"Tanzania","City":"Dar es Salaam","Settlement":"MAGURUMBASI B","Establishe":"1970","Last_Updat":"14-11-2016","Population":"4272","Structures":"505","url":"https://sdinet.org/settlement/1849/196120","Shape_Leng":0.0183428089795,"Shape_Area":9.79021987805e-06,"pop":4272.0,"kyc_year":2016.0,"drt_cln":"modified boundary","area":119601,"dens_area":0.0357187648933},"geometry":{"type":"Polygon","coordinates":[[[39.27296000020402,-6.840129999599754],[39.273330000179556,-6.8399300002692485],[39.273760000224,-6.839640000385657],[39.27403000008451,-6.839199999880065],[39.27409000015342,-6.839139999811039],[39.274119999738275,-6.839059999719154],[39.27440999962181,-6.838729999789622],[39.27456999980575,-6.838490000413003],[39.27470999996672,-6.838330000229235],[39.27508553436991,-6.837809970853414],[39.27542999989464,-6.837399999610226],[39.27592583574932,-6.836842503176342],[39.27623992460224,-6.8372803240014255],[39.2764199996833,-6.837699999954965],[39.27655070752269,-6.8381727801484535],[39.276570000305355,-6.8385400000209415],[39.27668602813782,-6.838793378611456],[39.276703874284465,-6.839007530573044],[39.276840693543306,-6.839221681635195],[39.27719166386436,-6.8393109114692825],[39.27757832647865,-6.839400141303372],[39.27800662950244,-6.839513165400205],[39.27849441908222,-6.839644035643686],[39.27883944038797,-6.839715420230333],[39.27910118087482,-6.839768957771071],[39.279416459801894,-6.8398224953118625],[39.278932517326496,-6.840645516743962],[39.27859559099784,-6.840680573778798],[39.278420000182905,-6.840639999736028],[39.278250000437254,-6.840420000382609],[39.27795000009252,-6.840129999599753],[39.27725999974922,-6.839870000200221],[39.27665000039724,-6.83975999962422],[39.27616999984576,-6.8399399998309605],[39.275411872172015,-6.840521149891287],[39.27563000012452,-6.841089999803616],[39.27503999989614,-6.840969999665731],[39.27449778244687,-6.840828848372553],[39.27383459718908,-6.840702526899918],[39.27327000011047,-6.84073000028917],[39.27323999962641,-6.840639999736028],[39.27296000020402,-6.840129999599754]]]}},{"type":"Feature","properties":{"OBJECTID":62,"Country":"Tanzania","City":"Dar es Salaam","Settlement":"MAJENGO","Establishe":"2014","Last_Updat":"25-02-2019","Population":"17124","Structures":"1850","url":"https://sdinet.org/settlement/1849/46696664","Shape_Leng":0.0313080713976,"Shape_Area":2.3770948748e-05,"pop":17124.0,"kyc_year":2019.0,"drt_cln":"","area":290343,"dens_area":0.0589785185109},"geometry":{"type":"Polygon","coordinates":[[[39.229090899925154,-6.842606200115996],[39.22893680019325,-6.842627600383422],[39.22873269995421,-6.842639600037444],[39.22855479966432,-6.842657099945144],[39.22837990041211,-6.842650300171159],[39.22819950000695,-6.84257130012537],[39.22808169961081,-6.842443099969046],[39.22794259967128,-6.8422003999284575],[39.22789789976832,-6.842140399859545],[39.22789489962997,-6.842024700279637],[39.22777419981952,-6.841892300289374],[39.22764289970013,-6.841854199611589],[39.22711939984049,-6.8412807999689],[39.22711949966521,-6.841274500217992],[39.22687550010431,-6.841403999894624],[39.22665849998981,-6.841511799829676],[39.22643510029968,-6.841532100226177],[39.22629670003272,-6.841494399746695],[39.226183899867124,-6.841448400323373],[39.226111400121056,-6.841421099604019],[39.225990899960095,-6.841623599949116],[39.225876999923685,-6.841809200234366],[39.225797200380555,-6.842046200371783],[39.225491799606914,-6.842129199702753],[39.22505370026812,-6.842166499983932],[39.22485179977082,-6.842177999614933],[39.224713400403175,-6.842177100292873],[39.22448720022419,-6.842179200209897],[39.224029599986125,-6.842494599645988],[39.22361109957262,-6.8427679000185435],[39.22322730039963,-6.843007000072931],[39.22314380014632,-6.843382500302084],[39.223133000187886,-6.843594500185987],[39.222904200068854,-6.843590699651031],[39.22216089960591,-6.843539699997109],[39.22183639992994,-6.843491499932725],[39.221305200074994,-6.843357099850208],[39.22189620034942,-6.842819200045995],[39.2219858996296,-6.84265369960849],[39.22232740008951,-6.842492899927322],[39.2228617997323,-6.842179399859391],[39.223137399671316,-6.842007999869223],[39.22336290017773,-6.841790899930062],[39.223484500209565,-6.841524099857282],[39.223540400269314,-6.841246099627766],[39.223519699674455,-6.841118699868048],[39.223559000047885,-6.8408891002517285],[39.22347029991448,-6.840670000220314],[39.22311090024789,-6.840281199917399],[39.2230208996948,-6.839932200010991],[39.222988900017754,-6.839459199782198],[39.22319429977716,-6.839133500410697],[39.22372200037006,-6.8388918004162065],[39.224283799657655,-6.839032100051328],[39.224810500204455,-6.83908950018025],[39.22513209956679,-6.838939600282288],[39.22541650027131,-6.838587100214455],[39.22553610021089,-6.838201600423474],[39.22559110004926,-6.83805359989367],[39.22581000043124,-6.837632600264272],[39.2268243997263,-6.837252900201122],[39.22818109987793,-6.836453599853713],[39.22842959964635,-6.836709599968002],[39.22844129982616,-6.836937099667352],[39.22837680044904,-6.837012999750073],[39.22849369972454,-6.837234400247325],[39.22832880003415,-6.837384800168365],[39.22835149982188,-6.83759360026437],[39.22795500042298,-6.837952900106188],[39.22822569995611,-6.83835579998015],[39.22855860019928,-6.838613200338898],[39.228549900157816,-6.838744399734197],[39.228658899788456,-6.8388684998813005],[39.22860480017147,-6.838997799908497],[39.22869670009271,-6.839024300231245],[39.228794200092295,-6.839048400263437],[39.228883199699965,-6.839052500272601],[39.228999800400516,-6.839043300208118],[39.22904679986999,-6.839145500064717],[39.22897189983337,-6.839386000363562],[39.22893459955219,-6.839496500063375],[39.22882140008761,-6.8395954003074175],[39.228680499705376,-6.839730099864199],[39.22851140018105,-6.839799499647142],[39.22840579998774,-6.839876299951243],[39.228358799618945,-6.839933299881864],[39.22831490011259,-6.83998309984014],[39.22822870009446,-6.840084000176432],[39.228174099555076,-6.840208999645596],[39.228106000191815,-6.840320699940322],[39.228043699657064,-6.84042079987995],[39.22789019977296,-6.840621499782343],[39.22784210043267,-6.840717800086339],[39.22776060027155,-6.840843099929088],[39.22804679962013,-6.8410590999974366],[39.228270899882205,-6.841205899932277],[39.228404999591135,-6.841275699913582],[39.22881849977398,-6.841337799899521],[39.22908739976373,-6.841381700305193],[39.22935350016394,-6.841446000032818],[39.22945779993756,-6.841463999963593],[39.229547500117064,-6.84149930015252],[39.22974879986725,-6.841591999571051],[39.22972400016255,-6.8416435999720875],[39.229699900130356,-6.841694800174821],[39.229651200042895,-6.841796699657892],[39.22955310019546,-6.841756199588871],[39.22944170027432,-6.841744199934852],[39.229385099642684,-6.841692600433134],[39.22926599972618,-6.8416718000135015],[39.22922050032588,-6.841691200188677],[39.2291548003538,-6.841728999593614],[39.229141399556,-6.841770999731807],[39.22913359973592,-6.841808499662476],[39.22904839976388,-6.841890800220198],[39.229037300331186,-6.841999700026066],[39.229030399833164,-6.842082399882826],[39.229040099920724,-6.842160600431328],[39.22910300030327,-6.842345299595876],[39.22914570011403,-6.842369299803296],[39.229134599782014,-6.842460800425556],[39.22911170034473,-6.842568800010042],[39.229090899925154,-6.842606200115996]]]}},{"type":"Feature","properties":{"OBJECTID":63,"Country":"Tanzania","City":"Dar es Salaam","Settlement":"MAJI MATITU A","Establishe":"2009","Last_Updat":"01-12-2017","Population":"29330","Structures":"4032","url":"https://sdinet.org/settlement/1849/222515","Shape_Leng":0.0611177273224,"Shape_Area":0.000175554920762,"pop":29330.0,"kyc_year":2017.0,"drt_cln":"modified boundary","area":2224442,"dens_area":0.0131853291747},"geometry":{"type":"Polygon","coordinates":[[[39.255470000340324,-6.932299999844987],[39.25590999994665,-6.935299999695133],[39.25504000029588,-6.9377999998700375],[39.25534099529085,-6.938530370779915],[39.25531720012873,-6.939172824865921],[39.254912692267055,-6.939720101001796],[39.25436541613118,-6.940410144512498],[39.25367537262048,-6.941361929409424],[39.2535563995084,-6.9417664372712125],[39.25372296114574,-6.9423613028318405],[39.25358019377097,-6.942813400118211],[39.252913944523016,-6.943336881991456],[39.25172569728318,-6.945036656416447],[39.25129000003352,-6.94610000041456],[39.25127000001055,-6.946519999997861],[39.25110999982661,-6.946499999974891],[39.251209999941636,-6.9470999997651015],[39.2513399996414,-6.947400000109838],[39.251220000402725,-6.9479999999000475],[39.25149999982517,-6.9489000000348256],[39.25166999957099,-6.949299999595212],[39.250519999598396,-6.949200000379677],[39.24999999990018,-6.948699999805115],[39.24440499189694,-6.951140561987302],[39.244049999807714,-6.947879999762107],[39.24414399964604,-6.9458000000698235],[39.24125000018745,-6.94450000037466],[39.23817000024542,-6.9419000000849],[39.23770000015503,-6.940600000389622],[39.23764000008612,-6.940500000274767],[39.2383072483845,-6.93971691965055],[39.23939076968958,-6.939037364394664],[39.241719988586794,-6.938150022305593],[39.24342206527615,-6.937410815556631],[39.24794766093686,-6.934537340470114],[39.2487367168261,-6.93409959092321],[39.25036723446044,-6.933691961514739],[39.25260919575794,-6.932978610274461],[39.25492000015805,-6.932399999959955],[39.255470000340324,-6.932299999844987]]]}},{"type":"Feature","properties":{"OBJECTID":64,"Country":"Tanzania","City":"Dar es Salaam","Settlement":"MAJI MATITU B","Establishe":"2010","Last_Updat":"07-05-2019","Population":"15430","Structures":"4116","url":"https://sdinet.org/settlement/1849/228328","Shape_Leng":0.0496998826249,"Shape_Area":9.62889238504e-05,"pop":15430.0,"kyc_year":2019.0,"drt_cln":"modified boundary","area":1192489,"dens_area":0.0129393227107},"geometry":{"type":"Polygon","coordinates":[[[39.24299999995014,-6.926799999819991],[39.24349999962544,-6.92679999981999],[39.24613999996109,-6.929099999765072],[39.249159999834205,-6.930679999782116],[39.24981999969327,-6.930869999550737],[39.250400000359775,-6.930699999805085],[39.25145000021752,-6.930200000129729],[39.251909999846646,-6.92999999990002],[39.252646355744844,-6.930535154973257],[39.253589999978544,-6.931399999710152],[39.254069999630815,-6.931499999825063],[39.255000000249936,-6.931700000054889],[39.25547999990221,-6.932099999615218],[39.25547999990221,-6.93219999973013],[39.24849000041331,-6.93420000022968],[39.24640000025988,-6.935499999925014],[39.24441999978325,-6.936799999620233],[39.24342206527615,-6.937410815556631],[39.239599999640404,-6.931700000054888],[39.238718847239966,-6.9288098202319475],[39.23825999989924,-6.926699999705136],[39.23834999955301,-6.924120000337722],[39.23946000037881,-6.922600000389593],[39.24238999969879,-6.925469999640654],[39.24299999995014,-6.926799999819991]]]}},{"type":"Feature","properties":{"OBJECTID":65,"Country":"Tanzania","City":"Dar es Salaam","Settlement":"MAJI MATITU C","Establishe":"2005","Last_Updat":"14-11-2016","Population":"21200","Structures":"2152","url":"https://sdinet.org/settlement/1849/197195","Shape_Leng":0.0231035058635,"Shape_Area":3.02170821939e-05,"pop":21200.0,"kyc_year":2016.0,"drt_cln":"","area":381669,"dens_area":0.0555455119488},"geometry":{"type":"Polygon","coordinates":[[[39.276380999683454,-6.914668999774449],[39.276220000352794,-6.917559999993897],[39.2764199996833,-6.917809999831547],[39.276900000234946,-6.919300000194824],[39.275019999873166,-6.919590000078415],[39.274830000104544,-6.9210999995652855],[39.27421999985313,-6.920940000280666],[39.271460000278864,-6.920709999566725],[39.27097999972739,-6.920729999589696],[39.27041711898801,-6.915311145358146],[39.27124000002601,-6.915340000140815],[39.27397700033845,-6.914967000026992],[39.276380999683454,-6.914668999774449]]]}},{"type":"Feature","properties":{"OBJECTID":66,"Country":"Tanzania","City":"Dar es Salaam","Settlement":"MAKANGARAWE","Establishe":"1993","Last_Updat":"30-11-2017","Population":"30420","Structures":"3510","url":"https://sdinet.org/settlement/1849/506341","Shape_Leng":0.0314419374323,"Shape_Area":5.1618144531e-05,"pop":30420.0,"kyc_year":2017.0,"drt_cln":"","area":630419,"dens_area":0.0482536217976},"geometry":{"type":"Polygon","coordinates":[[[39.242289999583875,-6.887499999625221],[39.24205000020737,-6.887499999625219],[39.24043999970627,-6.887599999740131],[39.23969999975526,-6.886999999949978],[39.23762000006303,-6.886999999949978],[39.23620000022987,-6.887599999740132],[39.23602000002302,-6.886999999949978],[39.235289999633835,-6.88539999991002],[39.23558999997857,-6.8847299995897515],[39.23587999986216,-6.884200000329714],[39.23548999986366,-6.883699999755152],[39.234999999750244,-6.882999999850084],[39.23673999995111,-6.88240000005993],[39.23797000001554,-6.880849999627742],[39.24178999990863,-6.879899999885027],[39.24357999971727,-6.879910000346172],[39.24561787426552,-6.880507397498376],[39.244163896246846,-6.881707506795976],[39.243702316508745,-6.882492193160147],[39.24344844688835,-6.882838379087901],[39.243379209882676,-6.882999931501616],[39.24326381427369,-6.883138406412286],[39.24312534026228,-6.883553828446396],[39.243056103256606,-6.88403848748618],[39.24298686625093,-6.88491549015771],[39.24303302485424,-6.885423228499121],[39.242917629245255,-6.885769414426875],[39.24280223453553,-6.886069441751317],[39.242732997529856,-6.886300231170709],[39.2426406812225,-6.886946444422847],[39.242289999583875,-6.887499999625221]]]}},{"type":"Feature","properties":{"OBJECTID":67,"Country":"Tanzania","City":"Dar es Salaam","Settlement":"MAKUTI A","Establishe":"2000","Last_Updat":"07-12-2017","Population":"4088","Structures":"473","url":"https://sdinet.org/settlement/1849/980667","Shape_Leng":0.0122984086665,"Shape_Area":9.97954784605e-06,"pop":4088.0,"kyc_year":2017.0,"drt_cln":"","area":121902,"dens_area":0.0335351347804},"geometry":{"type":"Polygon","coordinates":[[[39.26001000016146,-6.803999999900045],[39.26001000016146,-6.80389999978513],[39.259769999885634,-6.803699999555306],[39.2589800003268,-6.80309999976515],[39.25810000021488,-6.80260000008991],[39.258009999661795,-6.802499999975],[39.25855999984418,-6.800899999934984],[39.258949999842685,-6.799999999800093],[39.25927999977222,-6.8000999999150045],[39.26044999976773,-6.800099999915005],[39.261092704764565,-6.800964203435171],[39.26197165536763,-6.801346355949535],[39.26115639655052,-6.803384502992345],[39.2604699997907,-6.80389999978513],[39.26001000016146,-6.803999999900045]]]}},{"type":"Feature","properties":{"OBJECTID":69,"Country":"Tanzania","City":"Dar es Salaam","Settlement":"MALELA","Establishe":"1989","Last_Updat":"05-12-2016","Population":"3000","Structures":"485","url":"https://sdinet.org/settlement/1849/208620","Shape_Leng":0.0816097400946,"Shape_Area":0.000273247184453,"pop":3000.0,"kyc_year":2016.0,"drt_cln":"","area":3336950,"dens_area":0.000899024558354},"geometry":{"type":"Polygon","coordinates":[[[39.31404217790424,-6.934110632799446],[39.31338875029064,-6.933242857172046],[39.31255859150582,-6.932871608937547],[39.311196884828405,-6.932991663034784],[39.310242995517854,-6.9330757622365695],[39.30949795846408,-6.933154188514948],[39.30971210952629,-6.931702717806162],[39.308546173567095,-6.930536781846967],[39.3082606388175,-6.926563081520953],[39.30673778352195,-6.924683307788371],[39.30663070754116,-6.924040853702366],[39.30623809681077,-6.923576858385274],[39.305845486080386,-6.923041479380743],[39.3049032187086,-6.922134905201687],[39.304046613560445,-6.921506726953852],[39.303361328362655,-6.920707228755532],[39.30290447186394,-6.919736407908829],[39.301933651916556,-6.9187655879614445],[39.30130547366872,-6.918080303663032],[39.301812055482,-6.91720437118471],[39.30394487775396,-6.916825081212494],[39.305804317815046,-6.9164944067914],[39.30889308254979,-6.915945117073421],[39.31075252261087,-6.915614442652383],[39.311969915079544,-6.915397947956876],[39.312967094156136,-6.917267658275763],[39.313029418073256,-6.921817287138025],[39.32041477392272,-6.921318697599759],[39.32134962908219,-6.9214121830257795],[39.3215989238513,-6.922160067333209],[39.32234680815873,-6.9273640941775625],[39.32624203813958,-6.929389613839533],[39.32670946526969,-6.9309788678804125],[39.326099862518674,-6.9351097589081965],[39.32609898837768,-6.935111162749934],[39.325455201496425,-6.9362685902232215],[39.32529160222572,-6.936229637887436],[39.323772462029524,-6.936549046501226],[39.32025896457958,-6.935629772096264],[39.31954224268043,-6.936276380150786],[39.318638549029856,-6.935481753580006],[39.31538213717596,-6.9359258100280385],[39.31535097476774,-6.933744481022926],[39.31404217790424,-6.93408726121811],[39.31404217790424,-6.934110632799446]]]}},{"type":"Feature","properties":{"OBJECTID":70,"Country":"Tanzania","City":"Dar es Salaam","Settlement":"MAMBOLEO A","Establishe":"1999","Last_Updat":"12-02-2019","Population":"4200","Structures":"649","url":"https://sdinet.org/settlement/1849/225507","Shape_Leng":0.0124706894385,"Shape_Area":6.52360963926e-06,"pop":4200.0,"kyc_year":2019.0,"drt_cln":"modified boundary","area":81008,"dens_area":0.051846731187},"geometry":{"type":"Polygon","coordinates":[[[39.25058790740616,-6.862345889151412],[39.250595698232985,-6.862517279248949],[39.2504830446569,-6.862725578422612],[39.250347277604874,-6.8630128047970524],[39.25026849879225,-6.8631794689572985],[39.24983875865189,-6.863136865373974],[39.24953499644312,-6.863106750675911],[39.249299849808324,-6.863083438449906],[39.24914841027095,-6.863068425167569],[39.24875560348846,-6.863029483623622],[39.24846111239049,-6.863000288032766],[39.24810275054165,-6.862992497205939],[39.24786977217224,-6.863103401600597],[39.247596371075815,-6.863249582801983],[39.247365188652566,-6.862527358850457],[39.24715231462767,-6.862166709126257],[39.24751846640413,-6.861979737374952],[39.247580790321365,-6.862081013627744],[39.24790019893504,-6.862010899783058],[39.248126151800534,-6.861861984642815],[39.24818462392136,-6.861628094361038],[39.248243096941565,-6.861520145138512],[39.24834521316109,-6.860958210952616],[39.24858791769822,-6.861022456720889],[39.2490304974595,-6.861172362914147],[39.24936600123999,-6.861350822582324],[39.24962298341404,-6.861129532701682],[39.250319668418115,-6.860927274274163],[39.25068994808282,-6.860930921025158],[39.25099580391327,-6.860944415352434],[39.25132414998967,-6.860926423515594],[39.25160301896432,-6.8608994357603015],[39.25180321974295,-6.86114615846833],[39.25170172045807,-6.861264177399844],[39.251556028488096,-6.861433583592826],[39.251472686515285,-6.8615304909393435],[39.25130026579478,-6.861730975903697],[39.25119210882889,-6.861856737098663],[39.251094758116665,-6.861969933865282],[39.25091413198169,-6.862103912165765],[39.25058790740616,-6.862345889151412]]]}},{"type":"Feature","properties":{"OBJECTID":71,"Country":"Tanzania","City":"Dar es Salaam","Settlement":"MAMBOLEO B","Establishe":"1970","Last_Updat":"01-12-2017","Population":"7200","Structures":"615","url":"https://sdinet.org/settlement/1849/227843","Shape_Leng":0.0188091999803,"Shape_Area":1.01727880197e-05,"pop":7200.0,"kyc_year":2017.0,"drt_cln":"modified boundary","area":133286,"dens_area":0.0540191768078},"geometry":{"type":"Polygon","coordinates":[[[39.24548999966379,-6.863299999695187],[39.2456482074989,-6.8628311318511805],[39.245555754494546,-6.861840566388992],[39.2453444335988,-6.861285849262457],[39.2451199052594,-6.860797170253021],[39.24482933970239,-6.8602160373401935],[39.2446708494802,-6.8598462262223165],[39.244340660693126,-6.859146226317251],[39.24406330168006,-6.858591509190774],[39.243851980784314,-6.8581820757421506],[39.24360103755794,-6.857733019063517],[39.24341524841509,-6.857279492754288],[39.24333099902651,-6.857047198769181],[39.24306000001906,-6.856299999745033],[39.24342933989226,-6.85625377369263],[39.24382556589734,-6.8565443392497505],[39.24412933979721,-6.856716037814806],[39.24423500024511,-6.857310377272029],[39.24440669791096,-6.857759433950606],[39.24465764113734,-6.857825472067817],[39.244935000150235,-6.8578783018420495],[39.24523877315096,-6.858116037624996],[39.245476509833225,-6.85851226452928],[39.2457274530596,-6.8587896226429175],[39.245991603729635,-6.85905377331295],[39.246348207404026,-6.859397169543684],[39.24663877386047,-6.8598462262223165],[39.2468765096433,-6.860057547118004],[39.24679726408266,-6.860902829801602],[39.2471010379827,-6.8614971701580885],[39.24715231462767,-6.862166709126257],[39.247365188652566,-6.862527358850457],[39.247596371075815,-6.863249582801983],[39.247102174506495,-6.86349471227379],[39.246692907213514,-6.8637326583743175],[39.24628363992059,-6.863370980301397],[39.24548999966379,-6.863299999695187]]]}},{"type":"Feature","properties":{"OBJECTID":72,"Country":"Tanzania","City":"Dar es Salaam","Settlement":"MANDELA","Establishe":"1999","Last_Updat":"29-11-2017","Population":"8860","Structures":"1058","url":"https://sdinet.org/settlement/1849/232206","Shape_Leng":0.0284498432376,"Shape_Area":4.16075215085e-05,"pop":8860.0,"kyc_year":2017.0,"drt_cln":"modified boundary","area":529927,"dens_area":0.0167192839768},"geometry":{"type":"Polygon","coordinates":[[[39.228440000305795,-6.820999999650211],[39.23189667725296,-6.8202980245905565],[39.23247726573834,-6.820935720139971],[39.23294364009564,-6.820697774039445],[39.23310999982675,-6.820600000089883],[39.23343000019452,-6.820600000089883],[39.23362892486534,-6.820859577387864],[39.2345841285163,-6.821318604888232],[39.23560863642217,-6.820716809727572],[39.23656042082439,-6.82093572013997],[39.237089999903674,-6.821500000224773],[39.237112455777776,-6.822192075551128],[39.23760738366707,-6.823381806054045],[39.23790999994662,-6.82380000016974],[39.2381999998301,-6.82419999973007],[39.23885000012746,-6.825799999770083],[39.23609358525084,-6.828786037645442],[39.23540000020989,-6.827999999600196],[39.228440000305795,-6.820999999650211]]]}},{"type":"Feature","properties":{"OBJECTID":73,"Country":"Tanzania","City":"Dar es Salaam","Settlement":"MANGAYA","Establishe":"1979","Last_Updat":"06-05-2019","Population":"8554","Structures":"555","url":"https://sdinet.org/settlement/1849/232068","Shape_Leng":0.0213357882815,"Shape_Area":2.39339742318e-05,"pop":8554.0,"kyc_year":2019.0,"drt_cln":"","area":292301,"dens_area":0.0292643542102},"geometry":{"type":"Polygon","coordinates":[[[39.26004580037346,-6.8986864003570645],[39.25983650025432,-6.898303700155566],[39.25977309984876,-6.898181000252919],[39.25971400000117,-6.897977700410479],[39.25969280028255,-6.89785780009737],[39.259671999862974,-6.8977393998533785],[39.25965969983531,-6.897669699696849],[39.259653599733895,-6.897635100079754],[39.2596483998538,-6.8975921997201795],[39.25963829956794,-6.897381899555],[39.25961469955877,-6.897345299845655],[39.25960439962341,-6.897304199928841],[39.259406299661066,-6.89650929996418],[39.25921710028899,-6.896139800011723],[39.259058399625474,-6.895780099971602],[39.25909779982368,-6.8956964000687435],[39.26000170031824,-6.8953356001577495],[39.26118810035058,-6.894946500380626],[39.26129669978292,-6.894910700168624],[39.261410900192914,-6.8948717999935525],[39.26163770021975,-6.894799599721693],[39.26208039959084,-6.894624599745441],[39.26227600033718,-6.894598200146787],[39.26243050026744,-6.894511299556769],[39.26255530008706,-6.894453400304144],[39.262699099883605,-6.894427999852269],[39.2630244997809,-6.894350300226107],[39.26313179969287,-6.894476799764448],[39.26305670000676,-6.894703199592925],[39.262991000034674,-6.8948415998598875],[39.26296139974886,-6.89509729960065],[39.26303119973011,-6.895298299876572],[39.2630786965247,-6.895595007803308],[39.26321760041196,-6.895854800358677],[39.26343620042036,-6.896059899744558],[39.26380099961648,-6.896282199563813],[39.26398340011389,-6.896481900319372],[39.264195300173014,-6.896561799687277],[39.26428910036174,-6.896738899580498],[39.26454799989034,-6.897170299869402],[39.26538880035292,-6.897717499562929],[39.26600000029981,-6.898800000019947],[39.26628599100576,-6.898929667869822],[39.266448092005874,-6.898975982055902],[39.26648850034405,-6.899096799677523],[39.26637050029842,-6.89925650038714],[39.26623369992535,-6.899488199920428],[39.26605669985685,-6.899751800205365],[39.265698599710674,-6.9003632996265205],[39.265651899715465,-6.900486999575321],[39.26526279993834,-6.900390899820138],[39.26472630037853,-6.900300400143294],[39.26424889976698,-6.9001671997564245],[39.26377679975957,-6.899986200402792],[39.262931900187084,-6.899698599910436],[39.26236869975577,-6.899442900169675],[39.26208439977529,-6.899288500064189],[39.26180540039894,-6.899160700106165],[39.261483499763756,-6.89900089957183],[39.260877399872186,-6.898766600098497],[39.26058770036212,-6.898713299978737],[39.26025509959322,-6.898665400287939],[39.2601089004055,-6.898652100214178],[39.26004580037346,-6.8986864003570645]]]}},{"type":"Feature","properties":{"OBJECTID":74,"Country":"Tanzania","City":"Dar es Salaam","Settlement":"MASAKI","Establishe":"2005","Last_Updat":"14-11-2016","Population":"2015","Structures":"2107","url":"https://sdinet.org/settlement/1849/197621","Shape_Leng":0.069901656692,"Shape_Area":0.00024650904197,"pop":2015.0,"kyc_year":2016.0,"drt_cln":"","area":3010406,"dens_area":0.000669344932212},"geometry":{"type":"Polygon","coordinates":[[[39.302370000275346,-6.938000000099862],[39.3004800003518,-6.938140000260775],[39.29964000028582,-6.938240000375686],[39.29891935194661,-6.937359126122714],[39.297762798614315,-6.935945429637798],[39.29680701713016,-6.934777142850805],[39.29588261209295,-6.933647208551805],[39.29476000007401,-6.932274999591528],[39.29467000042024,-6.932150000122363],[39.29431999956836,-6.93202999998448],[39.293859999939116,-6.929110000226274],[39.29317630114542,-6.927925834109886],[39.2921542513177,-6.926155643667983],[39.29135999976421,-6.924780000196791],[39.29049999967532,-6.922070000230292],[39.292250000337276,-6.919420000332707],[39.29299999985017,-6.919639999686182],[39.29324999968776,-6.919440000355679],[39.29348000040176,-6.918720000427641],[39.29320999964182,-6.918540000220787],[39.29369000019341,-6.915910000346174],[39.29644999976773,-6.914310000306214],[39.29749999962536,-6.914859999589283],[39.297739999901125,-6.915320000117844],[39.29935000040223,-6.917000000249744],[39.300328458291744,-6.9184041980952315],[39.30120583328261,-6.919663330798016],[39.301935750034886,-6.920710842231528],[39.30265850818364,-6.921979580593131],[39.30479341508408,-6.923672375379795],[39.30437836896658,-6.924216276360027],[39.305167666154944,-6.925349007550608],[39.30561390525759,-6.92705513208864],[39.30655277319198,-6.927336792558892],[39.306365000144694,-6.928932867957429],[39.307251401630936,-6.930225191939029],[39.30730386807909,-6.933016942977473],[39.308008019254714,-6.933251660635562],[39.309499999925094,-6.933659999609233],[39.309789999808686,-6.934220000252764],[39.30795000039228,-6.934599999790125],[39.30810000011496,-6.935179999557308],[39.30639000039827,-6.935649999647693],[39.30639999996009,-6.937090000403145],[39.30533999964132,-6.9370900004031455],[39.30527000001052,-6.937910000446094],[39.302370000275346,-6.938000000099862]]]}},{"type":"Feature","properties":{"OBJECTID":75,"Country":"Tanzania","City":"Dar es Salaam","Settlement":"MASULIZA","Establishe":"2004","Last_Updat":"29-11-2017","Population":"3632","Structures":"382","url":"https://sdinet.org/settlement/1849/208990","Shape_Leng":0.0726714412969,"Shape_Area":0.000201952888819,"pop":3632.0,"kyc_year":2017.0,"drt_cln":"","area":2466204,"dens_area":0.00147270866481},"geometry":{"type":"Polygon","coordinates":[[[39.310979552864126,-6.9434212060238005],[39.31097663186614,-6.941663483782691],[39.31100779337504,-6.9414765129307066],[39.31152196366776,-6.939217279253966],[39.31166219225639,-6.93879659438727],[39.31180242084508,-6.9384226526832435],[39.311973810942675,-6.9381577762603115],[39.31258146666141,-6.937581282949793],[39.31289308534764,-6.937035950248855],[39.31295540836544,-6.936630846136608],[39.31290866610209,-6.935337630027561],[39.31306447544523,-6.934854621243744],[39.31325144629727,-6.934574164965682],[39.31384352126156,-6.934215804016104],[39.31510557586171,-6.933732795232288],[39.31529254671369,-6.934324870196576],[39.31526138430547,-6.934885783651963],[39.31521464204212,-6.935399953944682],[39.31518348053328,-6.935882962728498],[39.31865403085891,-6.935498370353457],[39.31957729915308,-6.936319228349647],[39.32024720684319,-6.935592111186906],[39.32382119898921,-6.93655498742271],[39.325303042501446,-6.936259426131585],[39.32545738325166,-6.9362352199793795],[39.325790191763986,-6.936408818811911],[39.32520201176351,-6.939419830860459],[39.32379972857467,-6.9418971977974016],[39.32247535095672,-6.943782488870739],[39.324126928015346,-6.944841990965074],[39.324796907651205,-6.947350519410917],[39.32369687581024,-6.94971469497716],[39.32051215521187,-6.94890861104352],[39.318486635549846,-6.949469524498909],[39.31882941574497,-6.950373218149423],[39.320286231124726,-6.956395243145892],[39.31997461333776,-6.957914383342086],[39.319476023799496,-6.957594974728238],[39.31888394883521,-6.957665088572923],[39.31483700412451,-6.9510999351138585],[39.3138197530792,-6.950073950752198],[39.312309545848905,-6.948574574057319],[39.31139778168233,-6.947466950139585],[39.31166219225639,-6.946439035832781],[39.310979552864126,-6.9434212060238005]]]}},{"type":"Feature","properties":{"OBJECTID":76,"Country":"Tanzania","City":"Dar es Salaam","Settlement":"MATUMBI","Establishe":"1982","Last_Updat":"29-11-2017","Population":"9090","Structures":"5430","url":"https://sdinet.org/settlement/1849/227899","Shape_Leng":0.0301880647809,"Shape_Area":1.66066496308e-05,"pop":9090.0,"kyc_year":2017.0,"drt_cln":"","area":202841,"dens_area":0.0448134252937},"geometry":{"type":"Polygon","coordinates":[[[39.228260000099,-6.821299999994949],[39.234469999590885,-6.827600000039922],[39.23622999981467,-6.829500000424617],[39.23536000016395,-6.830700000004924],[39.23425000023735,-6.83150000002496],[39.23315300001099,-6.829099999964968],[39.23310000026487,-6.827600000039921],[39.23093999958138,-6.824999999750163],[39.22959999984016,-6.824000000399678],[39.22735999996411,-6.822400000359664],[39.226069999830656,-6.821400000109861],[39.22662000001304,-6.821099999765124],[39.22746000007902,-6.821400000109861],[39.228260000099,-6.821299999994949]]]}},{"type":"Feature","properties":{"OBJECTID":77,"Country":"Tanzania","City":"Dar es Salaam","Settlement":"MAZIZINI","Establishe":"1940","Last_Updat":"06-12-2016","Population":"38500","Structures":"2275","url":"https://sdinet.org/settlement/1849/1000452","Shape_Leng":0.0676569280104,"Shape_Area":0.000162283143837,"pop":38500.0,"kyc_year":2016.0,"drt_cln":"","area":1981903,"dens_area":0.0194257741171},"geometry":{"type":"Polygon","coordinates":[[[39.15732246815742,-6.895267192327025],[39.157931610455535,-6.894391550329716],[39.157360540056914,-6.893630123131629],[39.157036933407824,-6.892564124334798],[39.15718921830785,-6.892183410735755],[39.15840750290397,-6.8922595536354265],[39.15878821650307,-6.891821733086489],[39.1558757557616,-6.890831877189328],[39.15504819781614,-6.889278219214418],[39.15876555268818,-6.890824399326504],[39.15955039463506,-6.891150843336731],[39.16010643736223,-6.892492740647413],[39.16245734523034,-6.892169133998266],[39.16290212203535,-6.892544946292219],[39.16436527493755,-6.893581615499102],[39.1650696383532,-6.894080669986863],[39.16564527730776,-6.89448851972935],[39.166491578923285,-6.895088140005613],[39.16715502318584,-6.895558201249968],[39.167497856441,-6.897362505675061],[39.1689255328871,-6.897172148875541],[39.17046742413237,-6.896943721075843],[39.17054356703204,-6.897819362173777],[39.17125298463759,-6.898461679562843],[39.17235195707718,-6.8995325742688465],[39.17336084892412,-6.900674715965295],[39.174410970190195,-6.90155884666342],[39.17583127759144,-6.902094696013365],[39.176235237766036,-6.902178535311123],[39.17648270151551,-6.902292749210971],[39.176749201214704,-6.902311785160692],[39.17662322058521,-6.902409897598658],[39.174634404953906,-6.902810297357291],[39.17440837114947,-6.90297428063849],[39.173294505037404,-6.90322922135141],[39.17235788720677,-6.903710364042014],[39.171751471653124,-6.903907366831448],[39.16986333782285,-6.904481258403281],[39.169072274366044,-6.904757500458231],[39.16683638439167,-6.905215263473565],[39.16471436927276,-6.905509679927718],[39.16317985696486,-6.905704884972408],[39.16174342741732,-6.905968421405476],[39.16099984636588,-6.905641245347169],[39.16052395391739,-6.905254583632087],[39.15972088541059,-6.904511001681328],[39.158943615755334,-6.903853798713783],[39.15894308605465,-6.903400653717142],[39.15894303569257,-6.903353525644661],[39.15874212714749,-6.902786791776975],[39.158408056886344,-6.901872521199834],[39.158208676289405,-6.90080291702094],[39.158174691808654,-6.900111935517374],[39.157742720450244,-6.899352442760973],[39.157343285664126,-6.898309276851592],[39.15697847837413,-6.8972034875508825],[39.156746662828255,-6.896382054887851],[39.15651452982172,-6.895874824663394],[39.15614979627611,-6.895240612863972],[39.15732246815742,-6.895267192327025]]]}},{"type":"Feature","properties":{"OBJECTID":78,"Country":"Tanzania","City":"Dar es Salaam","Settlement":"MBAGALA","Establishe":"1970","Last_Updat":"06-12-2016","Population":"49768","Structures":"1314","url":"https://sdinet.org/settlement/1849/225456","Shape_Leng":0.0313424213302,"Shape_Area":3.96265769945e-05,"pop":49768.0,"kyc_year":2016.0,"drt_cln":"modified boundary","area":514980,"dens_area":0.0966406462387},"geometry":{"type":"Polygon","coordinates":[[[39.26889493685195,-6.898565625003528],[39.26913975119868,-6.899476656222645],[39.269316338478404,-6.901659920568818],[39.26951299323008,-6.903610410691839],[39.26945279261247,-6.903867265162092],[39.26948891298298,-6.903995692846819],[39.26953305980305,-6.904529468360124],[39.26964543368996,-6.905845848307194],[39.2680079849805,-6.906215077563728],[39.267783237206686,-6.905637154331146],[39.2652307445033,-6.905316085568813],[39.265407331783024,-6.9044652549674765],[39.26454044738392,-6.904144187104521],[39.26436586649157,-6.903843184914933],[39.26395449770206,-6.903205061964002],[39.26379396332089,-6.902859913853831],[39.263378891122954,-6.9028982312682965],[39.26324814768395,-6.9024585779010295],[39.26273626436722,-6.902500953955835],[39.26215988167331,-6.902269655520058],[39.261632527319364,-6.902046711786284],[39.26150614469287,-6.902233268950114],[39.26114620723166,-6.902111072667708],[39.2607036814299,-6.901669954304906],[39.260045800373405,-6.8986864003570645],[39.260877399872186,-6.898766600098497],[39.263161512926956,-6.899776759184193],[39.264726300378584,-6.900300400143237],[39.26565189971552,-6.900486999575321],[39.26652304420327,-6.898934853360743],[39.2671170203343,-6.899039200798371],[39.267550462983536,-6.898999066753504],[39.26889493685195,-6.898565625003528]]]}},{"type":"Feature","properties":{"OBJECTID":79,"Country":"Tanzania","City":"Dar es Salaam","Settlement":"MBANDE MAGENGENI","Establishe":"2004","Last_Updat":"05-12-2016","Population":"31248","Structures":"2604","url":"https://sdinet.org/settlement/1849/202190","Shape_Leng":0.0527784754339,"Shape_Area":0.000110648335007,"pop":31248.0,"kyc_year":2016.0,"drt_cln":"","area":1351116,"dens_area":0.0231275478937},"geometry":{"type":"Polygon","coordinates":[[[39.21048001743884,-6.9781047028696435],[39.21051146223425,-6.977315032462741],[39.21029099073667,-6.977388523261652],[39.209718965258105,-6.9770005773147545],[39.20970977868342,-6.9769889176043876],[39.20945715462415,-6.974785612765743],[39.20929886764878,-6.973632375233876],[39.2091405797741,-6.972739181168207],[39.20895737438349,-6.971217643379475],[39.20946846090078,-6.971111081810933],[39.209581523668476,-6.969211631811333],[39.20981895458124,-6.966905157646862],[39.20985600664949,-6.966120098064039],[39.20908404839025,-6.965898900813556],[39.2100789989467,-6.964745664180953],[39.20905012956001,-6.96410120730485],[39.21077998630744,-6.96280098907431],[39.214249684975016,-6.967210178007235],[39.21474391190213,-6.9679408897602],[39.21572084184356,-6.96902740029418],[39.21615507050029,-6.969773088457202],[39.217518510171146,-6.972049500084324],[39.21763856876498,-6.972470599538497],[39.2177036500035,-6.9734610148139495],[39.217976413480756,-6.975492253264805],[39.216676194351066,-6.975520518956727],[39.21673837887312,-6.976119749826467],[39.2164820693921,-6.9764887425614],[39.21645006971505,-6.9766341845199795],[39.216308741255546,-6.976956412508344],[39.216125150955065,-6.977138335465781],[39.21584094540333,-6.977359550702659],[39.21584059196982,-6.9773690907109085],[39.216352200094036,-6.978118835715634],[39.21605823779754,-6.978729373761553],[39.21637498891465,-6.980590929927359],[39.21599605327532,-6.981250667184498],[39.21618260594266,-6.98171704930229],[39.21541378092144,-6.9823247607789645],[39.214155961228755,-6.981968613960305],[39.21370653762676,-6.983048360693204],[39.21340692219172,-6.982788316327684],[39.21297593289307,-6.981869854909747],[39.21266636286248,-6.9822003917345805],[39.212087658119,-6.981881195360813],[39.212087658119,-6.981234146638485],[39.21147466402459,-6.981097925428799],[39.21095346642943,-6.980840815551119],[39.21107783457455,-6.980241584681323],[39.21080789856575,-6.979957514927263],[39.21045175174703,-6.97940350826525],[39.21047931057177,-6.9781301419924375],[39.21048001743884,-6.9781047028696435]]]}},{"type":"Feature","properties":{"OBJECTID":80,"Country":"Tanzania","City":"Dar es Salaam","Settlement":"MBUYUNI","Establishe":"1943","Last_Updat":"20-12-2017","Population":"51776","Structures":"2471","url":"https://sdinet.org/settlement/1849/899006","Shape_Leng":0.0264825977597,"Shape_Area":2.57410987122e-05,"pop":51776.0,"kyc_year":2017.0,"drt_cln":"modified boundary","area":321777,"dens_area":0.160906466279},"geometry":{"type":"Polygon","coordinates":[[[39.26629999974534,-6.872400000259744],[39.26790832780273,-6.87432333603158],[39.26968000003211,-6.877490000263265],[39.26947000024029,-6.878299999845011],[39.269390000148405,-6.878899999635223],[39.26879999992019,-6.881000000249685],[39.26690999999653,-6.881900000384632],[39.26760000033977,-6.879400000209671],[39.26744999971771,-6.878899999635222],[39.26666000015899,-6.8788000004196315],[39.266900000434816,-6.877000000149849],[39.26623999967643,-6.8774799998021185],[39.264659999659386,-6.877290000033383],[39.26459999959047,-6.875999999899932],[39.264469999890764,-6.875500000224748],[39.264327392179496,-6.875130110352358],[39.263997392249905,-6.873030110637046],[39.26509666547878,-6.8729068320845395],[39.26629999974534,-6.872400000259744]]]}},{"type":"Feature","properties":{"OBJECTID":81,"Country":"Tanzania","City":"Dar es Salaam","Settlement":"MCHIKICHINI","Establishe":"1993","Last_Updat":"14-11-2016","Population":"45000","Structures":"2375","url":"https://sdinet.org/settlement/1849/197839","Shape_Leng":0.0404526056149,"Shape_Area":5.69631290696e-05,"pop":45000.0,"kyc_year":2016.0,"drt_cln":"","area":712408,"dens_area":0.0631660509146},"geometry":{"type":"Polygon","coordinates":[[[39.27119000041836,-6.923100000064891],[39.2711799999571,-6.922899999835067],[39.271099999865214,-6.922699999605187],[39.271099999865214,-6.921939999631206],[39.271139999911156,-6.92160000013979],[39.27099999975036,-6.920700000004957],[39.271300000095096,-6.920700000004955],[39.27144000025589,-6.920700000004957],[39.27196444496576,-6.920752036760916],[39.27314934033001,-6.92085077836299],[39.274360000014156,-6.92098000032672],[39.274830000104544,-6.9210999995652855],[39.275019999873166,-6.919590000078415],[39.276900000234946,-6.919300000194824],[39.280399999760334,-6.921500000024935],[39.28064000003599,-6.921709999816528],[39.283530000209396,-6.922600000389594],[39.284900000434845,-6.922400000159825],[39.283829999654756,-6.924800000219762],[39.28392999976978,-6.924920000357645],[39.28380000007007,-6.925199999779978],[39.28291999995821,-6.92620000002995],[39.28279999982021,-6.926300000144805],[39.28160000023996,-6.92730000039461],[39.28152999970979,-6.927399999610203],[39.28101999957346,-6.927200000279754],[39.27998999973886,-6.92899000008839],[39.279249999787794,-6.928129999999385],[39.279715634569015,-6.926790596508795],[39.27842353243864,-6.925472945978527],[39.277540000070985,-6.925649999847566],[39.27678000009712,-6.925099999665122],[39.27436999957587,-6.923799999969958],[39.27373964047206,-6.92356292069212],[39.272429395700215,-6.923211390992833],[39.271449999817776,-6.923100000064892],[39.27119000041836,-6.923100000064891]]]}},{"type":"Feature","properties":{"OBJECTID":83,"Country":"Tanzania","City":"Dar es Salaam","Settlement":"MIANZINI","Establishe":"1999","Last_Updat":"06-12-2016","Population":"35340","Structures":"4445","url":"https://sdinet.org/settlement/1849/225245","Shape_Leng":0.0540270947842,"Shape_Area":9.25204266382e-05,"pop":35340.0,"kyc_year":2016.0,"drt_cln":"","area":1129860,"dens_area":0.0312782114598},"geometry":{"type":"Polygon","coordinates":[[[39.27047013538851,-6.919916414410978],[39.270701901471625,-6.91978495061494],[39.27085771081477,-6.921530013998904],[39.27092003383257,-6.922745325436382],[39.27115374784722,-6.925129206047984],[39.271527690450625,-6.927450763641787],[39.27195616524489,-6.9296554633289125],[39.27204965067091,-6.930504623889249],[39.272166507678264,-6.932093877030752],[39.27222883159533,-6.932888504500852],[39.27238464093847,-6.934033702093642],[39.272376850111584,-6.934306368444084],[39.27198732765311,-6.934321949198534],[39.271800355901746,-6.934166139855449],[39.271613385049704,-6.934166139855449],[39.27128618560903,-6.934166139855449],[39.27086550074233,-6.934018121339193],[39.270413654366735,-6.933877892750501],[39.269728093976425,-6.9337415600249415],[39.26961707986442,-6.933708450584504],[39.26957617959704,-6.933694816862272],[39.26952748940215,-6.933671445280935],[39.26947100838038,-6.933640283772036],[39.2693736279906,-6.933605226400004],[39.26832191582383,-6.93357406489116],[39.26740264141881,-6.934119396692779],[39.26676382419117,-6.933157274988217],[39.2656108357715,-6.933250760414238],[39.26554461689062,-6.933320875158189],[39.26520183669544,-6.933480579465139],[39.265116141196984,-6.93344941705692],[39.2648980088361,-6.933480579465139],[39.2647383045292,-6.933468893674444],[39.26447342900559,-6.933500055183345],[39.264376047716496,-6.933535112555376],[39.26425919070914,-6.9335935406093645],[39.264111172192884,-6.933679236107822],[39.26400989593998,-6.933772721533843],[39.26392030637709,-6.933827254624077],[39.26383071591488,-6.933870101923617],[39.26375670620706,-6.933889578541198],[39.26366711574485,-6.933901264331838],[39.26356973535508,-6.933932425840737],[39.263487935719695,-6.93395190245826],[39.26362816340907,-6.934310263407895],[39.26284911759274,-6.93465304360302],[39.26233494730002,-6.936211135235681],[39.26189868167887,-6.938127588717178],[39.26009129527711,-6.936390316160099],[39.2599900190242,-6.936156602145445],[39.259693981092425,-6.936179973726781],[39.259725143500646,-6.934427120415251],[39.259919905179515,-6.9332741319955735],[39.26006013286889,-6.93286902788327],[39.26004455211444,-6.932541828442596],[39.26023152296648,-6.9322613721645325],[39.26092876914743,-6.9308084517485895],[39.26108068352676,-6.930321548001018],[39.26118974970723,-6.930280647733638],[39.261207278393215,-6.930044986686767],[39.26118974970723,-6.929865805762291],[39.261148849439905,-6.929674939946493],[39.261074840631466,-6.929609694132011],[39.26411312012442,-6.928098345662079],[39.26630613402091,-6.9269979424011],[39.26690210484833,-6.926616209870131],[39.26923924229726,-6.92417000624073],[39.26998712660469,-6.921793915556691],[39.27001049818597,-6.921653686968057],[39.27047013538851,-6.919916414410978]]]}},{"type":"Feature","properties":{"OBJECTID":84,"Country":"Tanzania","City":"Dar es Salaam","Settlement":"MIDIZINI","Establishe":"1970","Last_Updat":"20-12-2017","Population":"5368","Structures":"803","url":"https://sdinet.org/settlement/1849/235803","Shape_Leng":0.0180445044621,"Shape_Area":1.14185510525e-05,"pop":5368.0,"kyc_year":2017.0,"drt_cln":"","area":139479,"dens_area":0.0384860803418},"geometry":{"type":"Polygon","coordinates":[[[39.230958481548726,-6.804626201437998],[39.23147900015579,-6.804499999575285],[39.23178669150269,-6.80386035856867],[39.232021085404824,-6.803373088796944],[39.232305901596135,-6.802847262391197],[39.232610431826004,-6.802238594935147],[39.232768546131524,-6.801922570470197],[39.233029999734754,-6.801399999610225],[39.23325536714151,-6.801086989672797],[39.23342633815503,-6.800849530881124],[39.23372979189645,-6.800428066302175],[39.23402399431194,-6.800019452135984],[39.234469999590885,-6.799400000009939],[39.234717641406064,-6.799451236185575],[39.234835706202944,-6.799475663570943],[39.235919999908106,-6.799700000354677],[39.23579420543831,-6.8003607925165275],[39.23570860886525,-6.800973272198689],[39.23538999974875,-6.80159999984005],[39.235440000255835,-6.802299999745173],[39.23554000037075,-6.80266999972065],[39.23533790561993,-6.802787767741222],[39.23510377701774,-6.802797522687456],[39.23475180934855,-6.802640672828716],[39.234279999822206,-6.80260000008991],[39.23415000012244,-6.802999999650241],[39.233949999892616,-6.803099999765152],[39.23392000030782,-6.803500000224801],[39.234179999707294,-6.803950000292218],[39.23391064645921,-6.804014206490366],[39.23378184375713,-6.804044909345067],[39.23346487770198,-6.804221804192879],[39.23318197257004,-6.80435837883607],[39.23289906743804,-6.804358378836071],[39.232460000428716,-6.804360000313693],[39.23241129944199,-6.8046217740755415],[39.232380000336775,-6.804900000034932],[39.23230000024489,-6.805200000379671],[39.2314299996948,-6.804859999988936],[39.230958481548726,-6.804626201437998]]]}},{"type":"Feature","properties":{"OBJECTID":85,"Country":"Tanzania","City":"Dar es Salaam","Settlement":"MIEMBENI","Establishe":"1977","Last_Updat":"29-11-2017","Population":"42252","Structures":"2895","url":"https://sdinet.org/settlement/1849/240091","Shape_Leng":0.0500265582162,"Shape_Area":0.000116852500628,"pop":42252.0,"kyc_year":2017.0,"drt_cln":"","area":1173786,"dens_area":0.0359963400484},"geometry":{"type":"Polygon","coordinates":[[[39.21426000019892,-6.853700000354649],[39.213649999947734,-6.8523999997601095],[39.21340999967185,-6.851300000294714],[39.213480000201855,-6.847799999870064],[39.21442000038286,-6.8479899996386875],[39.21490000003513,-6.848200000329655],[39.215519999848254,-6.848800000119866],[39.21660000019,-6.849000000349578],[39.21721000044124,-6.849170000095399],[39.21881915956487,-6.848509608285212],[39.21916000043382,-6.846999999850029],[39.21914999997256,-6.846600000289639],[39.2193100001565,-6.846500000174785],[39.219219999603354,-6.845999999600225],[39.22114999957296,-6.842999999750077],[39.221449999917695,-6.843500000324639],[39.224340000091104,-6.8448000000199185],[39.225699999855294,-6.8461999998301035],[39.22935000000257,-6.849399999909963],[39.21539999971026,-6.85580000006985],[39.21426000019892,-6.853700000354649]]]}},{"type":"Feature","properties":{"OBJECTID":86,"Country":"Tanzania","City":"Dar es Salaam","Settlement":"MIKOROSHONI","Establishe":"1992","Last_Updat":"06-12-2017","Population":"10818","Structures":"665","url":"https://sdinet.org/settlement/1849/942884","Shape_Leng":0.0258083558043,"Shape_Area":2.811145954e-05,"pop":10818.0,"kyc_year":2017.0,"drt_cln":"","area":343409,"dens_area":0.0315017952354},"geometry":{"type":"Polygon","coordinates":[[[39.26899253937427,-6.76657053110506],[39.26929164039694,-6.768118973012122],[39.269893177128495,-6.769071465675552],[39.27025311638829,-6.769935318460114],[39.270361097986324,-6.7706551960803845],[39.270469079584416,-6.771141114171029],[39.27057706118251,-6.771896985357556],[39.27034164025457,-6.773418972807292],[39.27023164057778,-6.777118973461825],[39.269906728113085,-6.776841235834297],[39.26964974593909,-6.7766841917220395],[39.26939276466442,-6.776470040659774],[39.26920716617781,-6.776327272385686],[39.2689359081657,-6.776155951535884],[39.26865037251673,-6.775956076311841],[39.268307729917865,-6.775727648512144],[39.26783659668166,-6.775356452438302],[39.26723697280812,-6.774956702889483],[39.26685149999679,-6.774685444877321],[39.26725124954561,-6.7737289007681065],[39.26766527583186,-6.772558206496],[39.26612338458659,-6.771273297424671],[39.26540835701013,-6.770313184805559],[39.26614164082412,-6.770018973396873],[39.266294230594326,-6.769759008171662],[39.26667970250634,-6.769109415267281],[39.26737926444156,-6.768395577493834],[39.267771875171945,-6.768010104682561],[39.268051640770636,-6.767718973451793],[39.2687070037253,-6.766921501426111],[39.26899253937427,-6.76657053110506]]]}},{"type":"Feature","properties":{"OBJECTID":87,"Country":"Tanzania","City":"Dar es Salaam","Settlement":"MIKWAMBE CCM","Establishe":"2004","Last_Updat":"05-12-2016","Population":"6464","Structures":"844","url":"https://sdinet.org/settlement/1849/209133","Shape_Leng":0.0821751381764,"Shape_Area":0.000234467747438,"pop":6464.0,"kyc_year":2016.0,"drt_cln":"","area":2863411,"dens_area":0.0022574474988},"geometry":{"type":"Polygon","coordinates":[[[39.33538603803527,-6.932519942541263],[39.33467041061101,-6.934779741891533],[39.33248024846472,-6.9340035136511915],[39.33260928948715,-6.933082316495643],[39.333001900217596,-6.93151187267472],[39.3331813905088,-6.930404321602111],[39.3337656746462,-6.928807276734403],[39.334046130924264,-6.926875243397717],[39.33483296756748,-6.924982161497495],[39.33432658810159,-6.922964431763091],[39.334233102675626,-6.919598953728667],[39.334060760195996,-6.911353078881463],[39.33677279263031,-6.910468534495237],[39.33879831229234,-6.910686666856122],[39.3386736644581,-6.912307083305222],[39.34169636319666,-6.912120111553861],[39.34175868711378,-6.913397746908459],[39.34503067972213,-6.913335423890658],[39.34462557560988,-6.915454428978649],[39.34833383473875,-6.921094721444206],[39.349969831942246,-6.926602577047221],[39.3496815848373,-6.926968728823736],[39.34671341918897,-6.9297577135475885],[39.34346161456193,-6.9254593660568275],[39.34212316794992,-6.924269635835002],[39.341133778800895,-6.926388640922993],[39.33913709320234,-6.930459234206239],[39.3375848993237,-6.932395986285712],[39.337341496013266,-6.934206066157004],[39.33623914572007,-6.932659659415719],[39.33538603803527,-6.932519942541263]]]}},{"type":"Feature","properties":{"OBJECTID":88,"Country":"Tanzania","City":"Dar es Salaam","Settlement":"MINAZI MIREFU","Establishe":"1993","Last_Updat":"29-11-2017","Population":"25522","Structures":"1849","url":"https://sdinet.org/settlement/1849/240092","Shape_Leng":0.051801020782,"Shape_Area":0.000119829655354,"pop":25522.0,"kyc_year":2017.0,"drt_cln":"modified boundary","area":1509612,"dens_area":0.0169063308983},"geometry":{"type":"Polygon","coordinates":[[[39.23232943711241,-6.860163163585582],[39.2320974396643,-6.85950286315648],[39.232046281252735,-6.858438054356326],[39.23219618729604,-6.85815965741864],[39.23281000038139,-6.857799999670192],[39.23008000039175,-6.8521000003146355],[39.23324999998755,-6.850400000159766],[39.23864000033586,-6.847599999640238],[39.2396238190841,-6.849322510725244],[39.240374461612305,-6.851891716429408],[39.239803391213684,-6.853795285324112],[39.24085147670479,-6.8565130704025705],[39.24215905739476,-6.85789985589355],[39.2431072057384,-6.859111441820971],[39.245434318602065,-6.862295160646795],[39.24548999966379,-6.863299999695187],[39.24511714979354,-6.8632336994815555],[39.24466337323622,-6.863608623122104],[39.244224999784024,-6.863399999810042],[39.2432214198667,-6.862780570691995],[39.24255309350622,-6.8620438118264815],[39.242097055343606,-6.8617823885628],[39.24143000039419,-6.8614000002098114],[39.24076000007409,-6.8608000004196],[39.239799999870115,-6.861500000324668],[39.23912064885718,-6.861543759664642],[39.23842442647896,-6.862152392986501],[39.236297188339734,-6.862380821243107],[39.235587314086104,-6.861771353934556],[39.2347695743739,-6.861824027367732],[39.23442693198905,-6.86148138498288],[39.233941521943905,-6.861538492047032],[39.23348466543075,-6.861210126428149],[39.232556675638364,-6.8612815102583795],[39.23212743614482,-6.860523334566892],[39.23232943711241,-6.860163163585582]]]}},{"type":"Feature","properties":{"OBJECTID":89,"Country":"Tanzania","City":"Dar es Salaam","Settlement":"MISHENI","Establishe":"1970","Last_Updat":"30-11-2017","Population":"7440","Structures":"889","url":"https://sdinet.org/settlement/1849/214050","Shape_Leng":0.0319026427532,"Shape_Area":3.06369650419e-05,"pop":7440.0,"kyc_year":2017.0,"drt_cln":"","area":374172,"dens_area":0.0198839036593},"geometry":{"type":"Polygon","coordinates":[[[39.26877000033528,-6.883899999984977],[39.270139999661296,-6.884000000099888],[39.27029000028335,-6.883899999984976],[39.270600000189916,-6.884100000214801],[39.27163999958634,-6.882999999850085],[39.27239999956038,-6.8835700000553866],[39.27239999956038,-6.883500000424647],[39.272929999719736,-6.883400000309735],[39.273430000294354,-6.883440000355677],[39.27382000029286,-6.88359999964024],[39.274210000291305,-6.883899999984976],[39.273999999600335,-6.884000000099888],[39.27384000031583,-6.885399999910021],[39.27355000043224,-6.886300000044912],[39.273829999854684,-6.88646999979062],[39.27310980207574,-6.886598067746603],[39.27205927071884,-6.888586108162316],[39.271630967695046,-6.8892000087733445],[39.27100278944721,-6.889142901823391],[39.27041744231116,-6.888985856811813],[39.27013190666224,-6.889342776148169],[39.27169999965531,-6.89110000016484],[39.27160000043972,-6.89149999972517],[39.27101000021139,-6.89149999972517],[39.27078000039677,-6.891699999954994],[39.27048999961386,-6.891800000069907],[39.270267536117956,-6.89189593794714],[39.27002000042273,-6.892089999953498],[39.269639999986055,-6.892399999860062],[39.269639999986055,-6.892800000319709],[39.26906000021887,-6.892999999650215],[39.26894000008099,-6.892900000434623],[39.268695307142764,-6.892879844828941],[39.26834999985266,-6.892800000319709],[39.26824999973775,-6.892700000204797],[39.2680100003613,-6.892700000204798],[39.26793000026936,-6.892700000204798],[39.2676200003628,-6.892499999974973],[39.26784465011059,-6.892064880090117],[39.26974000010097,-6.88880000021976],[39.26970999961685,-6.887799999969957],[39.26851999959837,-6.885999999700175],[39.26877000033528,-6.883899999984977]]]}},{"type":"Feature","properties":{"OBJECTID":90,"Country":"Tanzania","City":"Dar es Salaam","Settlement":"MJI MPYA","Establishe":"1964","Last_Updat":"05-12-2017","Population":"10566","Structures":"598","url":"https://sdinet.org/settlement/1849/567253","Shape_Leng":0.0271975812265,"Shape_Area":2.70029271865e-05,"pop":10566.0,"kyc_year":2017.0,"drt_cln":"modified boundary","area":327212,"dens_area":0.0322909917729},"geometry":{"type":"Polygon","coordinates":[[[39.26436999977568,-6.870499999874994],[39.264259190709254,-6.870834569259897],[39.263950000192494,-6.870999999550179],[39.263660000308846,-6.871099999665205],[39.262399999760305,-6.870100000314665],[39.26240696770742,-6.869585263449095],[39.262559999944074,-6.869400000409598],[39.262960000403666,-6.869100000064861],[39.26319999978034,-6.868899999835094],[39.263950000192494,-6.867500000024961],[39.26352000014805,-6.865899999984947],[39.263460000078965,-6.865500000424617],[39.263480000102106,-6.864999999850056],[39.26348999966382,-6.864700000404525],[39.26370999991667,-6.863700000154721],[39.26610999997649,-6.863999999600253],[39.2677405293021,-6.8654319136517765],[39.26701241389185,-6.866145752324485],[39.267040967366825,-6.866816760784843],[39.267612038664765,-6.867587705508072],[39.268111725376,-6.867116572271924],[39.268368706650676,-6.866559778610792],[39.26869707251194,-6.866174305799517],[39.26916702583776,-6.865940518040419],[39.269579999917255,-6.866100000214715],[39.26933932065316,-6.866490290694232],[39.26887553218012,-6.866957148553525],[39.26839012220637,-6.867542495689519],[39.267819051807976,-6.868113566987347],[39.26753351615895,-6.868698914123513],[39.267462132471564,-6.86939847515947],[39.267360000064116,-6.869699999855073],[39.26719999988018,-6.87000000019981],[39.267010000111554,-6.870000000199809],[39.26489606090456,-6.870207436923636],[39.26436999977568,-6.870499999874994]]]}},{"type":"Feature","properties":{"OBJECTID":91,"Country":"Tanzania","City":"Dar es Salaam","Settlement":"MJIMPYA","Establishe":"2014","Last_Updat":"01-03-2019","Population":"22885","Structures":"2802","url":"https://sdinet.org/settlement/1849/43020644","Shape_Leng":0.0343849691649,"Shape_Area":3.06272339414e-05,"pop":22885.0,"kyc_year":2019.0,"drt_cln":"","area":374090,"dens_area":0.061175118287},"geometry":{"type":"Polygon","coordinates":[[[39.23872449973595,-6.839792100025364],[39.23868129990211,-6.839827099840762],[39.23866439984221,-6.839841999808414],[39.23847249980605,-6.83991780006636],[39.23816080018082,-6.840030100208936],[39.2378779004448,-6.8401920995856935],[39.23764050010902,-6.840456500267236],[39.237417800091464,-6.840741300270737],[39.236726400403086,-6.841226399978324],[39.2352457997539,-6.84227119995586],[39.23521770043658,-6.842120100362309],[39.23517470025229,-6.841965100409025],[39.23514130033078,-6.841768999639556],[39.235081200437094,-6.84146249989442],[39.23499889987937,-6.84124120012126],[39.23496209962127,-6.841130300223143],[39.23492330017024,-6.841021699891485],[39.23486880035489,-6.84088490041779],[39.234814099990786,-6.8407492997403665],[39.23480969960798,-6.840740400049356],[39.23471149993583,-6.840578899796356],[39.23461209966871,-6.840377900419697],[39.2345718001485,-6.840304700101797],[39.23454009994572,-6.840254699594651],[39.23449089983524,-6.84025130015732],[39.23417119984106,-6.840191100438915],[39.23409429971224,-6.840156099724197],[39.23396210027079,-6.840276199686798],[39.23394000033079,-6.840287499668306],[39.23387600007737,-6.840344899797231],[39.23376789976879,-6.840379500313645],[39.233542199612884,-6.840081599885878],[39.233297500379365,-6.840071999623035],[39.233290099858266,-6.839964099863265],[39.233273299623136,-6.8398473004125435],[39.23310410027403,-6.839583899777097],[39.232941599974936,-6.83927649981058],[39.232725699731304,-6.839138399917203],[39.232648900326524,-6.839069500157279],[39.23263610027584,-6.838998100282084],[39.23264070030814,-6.838933600005589],[39.232459100207336,-6.8387462001769554],[39.232467599700044,-6.838731700407607],[39.23245729976463,-6.838680699854365],[39.23243800031349,-6.838680199831288],[39.23242809967712,-6.838678900310981],[39.23236990005091,-6.8386231000759485],[39.2323646003461,-6.838511399781225],[39.232354699709674,-6.838336600353785],[39.23235020040147,-6.83824289998978],[39.23227540018962,-6.838019600124426],[39.23227009958549,-6.8373655996426805],[39.23223909995454,-6.837298199951931],[39.232280799719206,-6.83686579961693],[39.23230720021718,-6.836673899580774],[39.23232589982047,-6.836591300448106],[39.23235869989412,-6.836518399604414],[39.23252499982891,-6.836225399582474],[39.232616700100664,-6.836150600269946],[39.23270719977751,-6.836016399836922],[39.232770299809545,-6.835907400206282],[39.23282540037201,-6.8356889998474335],[39.23287139979533,-6.835390499571871],[39.23288500024262,-6.83533239977038],[39.23282540037201,-6.835312200097917],[39.23277220007702,-6.8352598001995934],[39.2327266997774,-6.8352028002689735],[39.232693700054256,-6.835169599997016],[39.2323950001292,-6.834860399587741],[39.23227850015269,-6.834654599630028],[39.23219220030984,-6.834503300386985],[39.23208019964153,-6.834296399659081],[39.23197699973878,-6.834170800342121],[39.231744700357694,-6.833938300412172],[39.2315969003767,-6.833668400376324],[39.23156129981419,-6.833596499578732],[39.23153090003109,-6.8335844999247115],[39.231523700058744,-6.833533000247712],[39.231458799584004,-6.833349800253018],[39.231283799607695,-6.833062500134247],[39.23115279986189,-6.832977200337496],[39.23133930036846,-6.832595400357377],[39.2316134002383,-6.83241180016438],[39.232026000199824,-6.832201800372729],[39.23264370044649,-6.83206240005967],[39.233087200214186,-6.832211200086761],[39.233225700305866,-6.832279900197193],[39.23351339972368,-6.832457799587758],[39.23393169958831,-6.8325126996013505],[39.2341983000116,-6.832385600215218],[39.23440363052316,-6.832399831087287],[39.2345499673072,-6.832381984940582],[39.23472520020789,-6.832367600284498],[39.23504080019285,-6.832990299862387],[39.23534360012712,-6.833557999601964],[39.23618941610874,-6.83540390036967],[39.23460873440564,-6.8389960417338775],[39.23603396829304,-6.840394882317923],[39.237786999670334,-6.8381126997412585],[39.23830140018953,-6.839028599889901],[39.238385399566596,-6.839186299608003],[39.2384800999767,-6.83930130041466],[39.23853769975511,-6.839406000386588],[39.2385708002023,-6.839479000155677],[39.23860320007765,-6.839534500017122],[39.238631999966856,-6.839584100325907],[39.23865629964854,-6.839633799560146],[39.23869719991592,-6.839712599956499],[39.23869860016032,-6.839723399914931],[39.238695900395555,-6.839747300297632],[39.23872449973595,-6.839792100025364]]]}},{"type":"Feature","properties":{"OBJECTID":92,"Country":"Tanzania","City":"Dar es Salaam","Settlement":"MKONDOGWA","Establishe":"2014","Last_Updat":"08-05-2019","Population":"48000","Structures":"4843","url":"https://sdinet.org/settlement/1849/46460694","Shape_Leng":0.0819474962432,"Shape_Area":0.000240903049073,"pop":48000.0,"kyc_year":2019.0,"drt_cln":"modified boundary","area":3219923,"dens_area":0.0149071887744},"geometry":{"type":"Polygon","coordinates":[[[39.22933671791532,-6.936437306636322],[39.22795045614879,-6.9355693961106235],[39.22702628223715,-6.934572781808413],[39.22563669567705,-6.9341701760126275],[39.22580956336077,-6.933404563369834],[39.22424046132829,-6.931252920985457],[39.22200648601063,-6.92882406168104],[39.22115544766581,-6.927504023291931],[39.22237216654236,-6.9263687883888],[39.22303039113967,-6.925985975772108],[39.2269066049559,-6.924500924378036],[39.228608680746106,-6.92349768656885],[39.23153412500005,-6.923708895049346],[39.23387448022328,-6.92215123329271],[39.232677707410346,-6.921306397572038],[39.233342581595025,-6.9189038884036345],[39.23578931582426,-6.917187802075375],[39.23633451272775,-6.913412391468569],[39.2394835686689,-6.915597294026213],[39.24192251619979,-6.917262916730351],[39.23946000037881,-6.922600000389593],[39.23834999955301,-6.924120000337722],[39.23825999989924,-6.926699999705136],[39.238718847239966,-6.9288098202319475],[39.239599999640404,-6.931700000054888],[39.24342206527615,-6.937410815556631],[39.241719988586794,-6.938150022305593],[39.23939076968958,-6.939037364394664],[39.23839139606713,-6.93896598056449],[39.23570953156968,-6.938150022305593],[39.234220214691334,-6.936513206719042],[39.2323585685931,-6.935879600163389],[39.229446421715124,-6.936407605626471],[39.22933671791532,-6.936437306636322]]]}},{"type":"Feature","properties":{"OBJECTID":6,"Country":"Tanzania","City":"Dar es Salaam","Settlement":"ALLY MAUA A","Establishe":"1970","Last_Updat":"14-11-2016","Population":"57120","Structures":"1027","url":"https://sdinet.org/settlement/1849/236858","Shape_Leng":0.0308193710606,"Shape_Area":2.69727021586e-05,"pop":57120.0,"kyc_year":2016.0,"drt_cln":"","area":329486,"dens_area":0.173360931876},"geometry":{"type":"Polygon","coordinates":[[[39.24418999996868,-6.790309999906526],[39.2424499997677,-6.789289999633752],[39.24117999965728,-6.78903000023422],[39.24109999956539,-6.788950000142336],[39.240679999982206,-6.788720000327715],[39.24041000012153,-6.788890000073422],[39.24020124248881,-6.789138531882712],[39.24001564453033,-6.789645357077062],[39.23930180622858,-6.789966584312823],[39.23922000010299,-6.78989999988505],[39.23907000038031,-6.789500000324722],[39.239164514556705,-6.789065234841303],[39.239320000218015,-6.788350000352069],[39.239489999963666,-6.788029999984417],[39.24000000010005,-6.787499999824945],[39.24016000028382,-6.787069999780556],[39.240550000282326,-6.783080000141864],[39.240519999798266,-6.782480000351654],[39.24108973322831,-6.782356116231711],[39.24250789198777,-6.782746347836736],[39.243260000248995,-6.782449999867539],[39.243420000432764,-6.783710000416136],[39.242529999859755,-6.783880000161787],[39.2425699999057,-6.78415999958429],[39.2425000002749,-6.784330000229148],[39.24209999981531,-6.784410000321202],[39.24189999958543,-6.785019999673125],[39.24197999967731,-6.785819999693047],[39.24328999983368,-6.7853499996027145],[39.24379999997018,-6.785119999788093],[39.24402999978474,-6.7854899997636275],[39.24420000042977,-6.7858100001313355],[39.24431999966839,-6.786059999968985],[39.24437000017542,-6.786059999968985],[39.24433000012948,-6.787049999757583],[39.244559999944045,-6.787279999572264],[39.24529999989517,-6.788119999638127],[39.24583000005464,-6.788350000352067],[39.245310000356255,-6.788749999912454],[39.24535000040237,-6.788839999566222],[39.24527000031031,-6.790209999791614],[39.24466999962078,-6.790670000320176],[39.24418999996868,-6.790309999906526]]]}},{"type":"Feature","properties":{"OBJECTID":7,"Country":"Tanzania","City":"Dar es Salaam","Settlement":"ALLY MAUA B","Establishe":"1983","Last_Updat":"14-11-2016","Population":"8000","Structures":"2020","url":"https://sdinet.org/settlement/1849/236851","Shape_Leng":0.0284242200624,"Shape_Area":3.54278506456e-05,"pop":8000.0,"kyc_year":2016.0,"drt_cln":"","area":432771,"dens_area":0.0184855269877},"geometry":{"type":"Polygon","coordinates":[[[39.240519999798266,-6.781990000238295],[39.240550000282326,-6.783080000141864],[39.24016000028382,-6.787069999780556],[39.24000000010005,-6.787499999824945],[39.239489999963666,-6.788029999984417],[39.239320000218015,-6.788350000352069],[39.23907000038031,-6.789500000324722],[39.23922000010299,-6.78989999988505],[39.239119999988134,-6.789930000369111],[39.238979999827166,-6.789659999609229],[39.23852999975975,-6.789429999794549],[39.237780000246914,-6.789249999587753],[39.23704999985773,-6.789460000278723],[39.236399999560376,-6.789429999794549],[39.23632000036787,-6.789039999796046],[39.23626999986067,-6.788290000283155],[39.235919999908106,-6.788110000076414],[39.23532000011801,-6.787809999731679],[39.23443869519116,-6.78761982343383],[39.23429999984529,-6.787120000287757],[39.23441999998312,-6.7865399996212545],[39.23480000041974,-6.786499999575143],[39.23480999998162,-6.785549999832597],[39.233180000356754,-6.7846400001357665],[39.23327000001052,-6.783590000278252],[39.233000000150014,-6.7831400002107785],[39.233040000195956,-6.782830000304159],[39.23612999969987,-6.7832499998874605],[39.23823999987627,-6.78324999988746],[39.23872999998963,-6.782879999911984],[39.240519999798266,-6.781990000238295]]]}},{"type":"Feature","properties":{"OBJECTID":18,"Country":"Tanzania","City":"Dar es Salaam","Settlement":"CHAKULA BORA","Establishe":"2009","Last_Updat":"30-11-2017","Population":"6676","Structures":"1005","url":"https://sdinet.org/settlement/1849/236357","Shape_Leng":0.0154244935802,"Shape_Area":1.12244008853e-05,"pop":6676.0,"kyc_year":2017.0,"drt_cln":"modified boundary","area":137112,"dens_area":0.0486901219441},"geometry":{"type":"Polygon","coordinates":[[[39.237109999926645,-6.790920000157826],[39.23684999962785,-6.790929999719651],[39.23305634871423,-6.790650931092046],[39.23172860947301,-6.790179797812926],[39.23091999955852,-6.789360000163754],[39.231159999834176,-6.788649999797599],[39.23137169032208,-6.7884237555906],[39.23242000038289,-6.788070000030359],[39.233065866558206,-6.78790027416926],[39.23350368738329,-6.787253060775754],[39.23443869519116,-6.78761982343383],[39.23532000011801,-6.787809999731679],[39.23626999986067,-6.788290000283155],[39.23632000036787,-6.789039999796046],[39.236399999560376,-6.789429999794549],[39.23717256316513,-6.789424742243739],[39.237109999926645,-6.790920000157826]]]}},{"type":"Feature","properties":{"OBJECTID":13,"Country":"Tanzania","City":"Dar es Salaam","Settlement":"BONDE LA MPUNGA","Establishe":"1977","Last_Updat":"06-12-2017","Population":"30000","Structures":"1542","url":"https://sdinet.org/settlement/1849/943395","Shape_Leng":0.0427975277709,"Shape_Area":6.06415230083e-05,"pop":30000.0,"kyc_year":2017.0,"drt_cln":"modified boundary","area":740806,"dens_area":0.0404964322643},"geometry":{"type":"Polygon","coordinates":[[[39.265261640712254,-6.770018973396873],[39.26426164046234,-6.771118972862212],[39.2639917212511,-6.770057885817095],[39.262571640768726,-6.7689189730320996],[39.26164164014966,-6.768018972897153],[39.262871640214144,-6.767168973269405],[39.264941640344546,-6.766118973411834],[39.26357164011927,-6.763118972662427],[39.261381640750244,-6.763118972662425],[39.261201640543334,-6.762918973331921],[39.261556342911604,-6.76032708003379],[39.264738872006944,-6.760446053084024],[39.26836755004075,-6.759642984994514],[39.269509691323606,-6.759286065843639],[39.27134187629804,-6.758024951510605],[39.27214164052441,-6.758518972772265],[39.27074164071428,-6.761638972760352],[39.27043164080766,-6.762018973197031],[39.26920164074318,-6.764418973256966],[39.26909164016706,-6.7654189726073355],[39.26894164044438,-6.7665189729721655],[39.268736747003345,-6.766737092742574],[39.26795152464331,-6.767724569033532],[39.26711514434851,-6.768559760424523],[39.26628500355008,-6.769273498373195],[39.26573029811493,-6.769030893660784],[39.26550900823429,-6.769466334603636],[39.26536623996009,-6.76971617795914],[39.2652948562727,-6.7699089143647475],[39.265261640712254,-6.770018973396873]]]}}]}