{
"type": "FeatureCollection",
"name": "train_city_points",
"crs": { "type": "name", "properties": { "name": "urn:ogc:def:crs:OGC:1.3:CRS84" } },
"features": [
{ "type": "Feature", "properties": { "fid": 47, "ID_UC_G0": 47, "GC_UCN_MAI_2025": "Freetown", "GC_CNT_GAD_2025": "Sierra Leone", "GC_UCA_KM2_2025": 205, "GC_POP_TOT_2025": 2150532.945, "GC_DEV_WIG_2025": "Low income", "GC_DEV_USR_2025": "Sub-Saharan Africa", "GH_BUS_TOT_1975": 16286393, "GH_BUS_TOT_1980": 17445967, "GH_BUS_TOT_1985": 18919940, "GH_BUS_TOT_1990": 20586872, "GH_BUS_TOT_1995": 23410786, "GH_BUS_TOT_2000": 27192153, "GH_BUS_TOT_2005": 31351054, "GH_BUS_TOT_2010": 37460294, "GH_BUS_TOT_2015": 44198655, "GH_BUS_TOT_2020": 45572630, "GH_BUS_TOT_2025": 46023652, "GH_BUS_TOT_2030": 46265793, "GH_BUS_NRE_1975": 508054, "GH_BUS_NRE_1980": 533253, "GH_BUS_NRE_1985": 562798, "GH_BUS_NRE_1990": 599483, "GH_BUS_NRE_1995": 607102, "GH_BUS_NRE_2000": 617623, "GH_BUS_NRE_2005": 627746, "GH_BUS_NRE_2010": 641890, "GH_BUS_NRE_2015": 657504, "GH_BUS_NRE_2020": 684858, "GH_BUS_NRE_2025": 703496, "GH_BUS_NRE_2030": 709301, "GH_BUS_RES_1975": 15778339, "GH_BUS_RES_1980": 16912714, "GH_BUS_RES_1985": 18357142, "GH_BUS_RES_1990": 19987389, "GH_BUS_RES_1995": 22803684, "GH_BUS_RES_2000": 26574530, "GH_BUS_RES_2005": 30723308, "GH_BUS_RES_2010": 36818404, "GH_BUS_RES_2015": 43541151, "GH_BUS_RES_2020": 44887772, "GH_BUS_RES_2025": 45320156, "GH_BUS_RES_2030": 45556492, "GH_BPC_TOT_1975": 45.32795754, "GH_BPC_TOT_1980": 38.43042571, "GH_BPC_TOT_1985": 32.85348518, "GH_BPC_TOT_1990": 30.38051319, "GH_BPC_TOT_1995": 30.15397537, "GH_BPC_TOT_2000": 30.36905232, "GH_BPC_TOT_2005": 29.59644861, "GH_BPC_TOT_2010": 30.38662977, "GH_BPC_TOT_2015": 30.89568303, "GH_BPC_TOT_2020": 24.69187991, "GH_BPC_TOT_2025": 21.40104485, "GH_BPC_TOT_2030": 18.50150806, "GH_BPC_NRE_1975": 1.414005553, "GH_BPC_NRE_1980": 1.174663451, "GH_BPC_NRE_1985": 0.977269259, "GH_BPC_NRE_1990": 0.884670638, "GH_BPC_NRE_1995": 0.781970274, "GH_BPC_NRE_2000": 0.689780806, "GH_BPC_NRE_2005": 0.592613321, "GH_BPC_NRE_2010": 0.520681279, "GH_BPC_NRE_2015": 0.459607542, "GH_BPC_NRE_2020": 0.371065516, "GH_BPC_NRE_2025": 0.327126353, "GH_BPC_NRE_2030": 0.283646671, "GH_BPC_RES_1975": 43.91395199, "GH_BPC_RES_1980": 37.25576226, "GH_BPC_RES_1985": 31.87621592, "GH_BPC_RES_1990": 29.49584255, "GH_BPC_RES_1995": 29.37200509, "GH_BPC_RES_2000": 29.67927152, "GH_BPC_RES_2005": 29.00383529, "GH_BPC_RES_2010": 29.8659485, "GH_BPC_RES_2015": 30.43607549, "GH_BPC_RES_2020": 24.32081439, "GH_BPC_RES_2025": 21.07391849, "GH_BPC_RES_2030": 18.21786139, "GH_BUH_AVG_2020": 9.538038505, "GH_BUH_STD_2020": 4.375632802, "GH_BUH_MAX_2020": 33.3402977, "GH_BUV_TOT_1975": 185056755.0, "GH_BUV_TOT_1980": 197405693.0, "GH_BUV_TOT_1985": 212865345.0, "GH_BUV_TOT_1990": 230280968.0, "GH_BUV_TOT_1995": 263501942.0, "GH_BUV_TOT_2000": 308087540.0, "GH_BUV_TOT_2005": 350736490.0, "GH_BUV_TOT_2010": 412601274.0, "GH_BUV_TOT_2015": 480604366.0, "GH_BUV_TOT_2020": 490922114.0, "GH_BUV_TOT_2025": 493686576.0, "GH_BUV_TOT_2030": 495348977.0, "GH_BUV_NRE_1975": 5719804, "GH_BUV_NRE_1980": 5984362, "GH_BUV_NRE_1985": 6283031, "GH_BUV_NRE_1990": 6661693, "GH_BUV_NRE_1995": 6734220, "GH_BUV_NRE_2000": 6821655, "GH_BUV_NRE_2005": 6935694, "GH_BUV_NRE_2010": 7108643, "GH_BUV_NRE_2015": 7277334, "GH_BUV_NRE_2020": 7526416, "GH_BUV_NRE_2025": 7676949, "GH_BUV_NRE_2030": 7714033, "GH_BUV_RES_1975": 179336951.0, "GH_BUV_RES_1980": 191421331.0, "GH_BUV_RES_1985": 206582314.0, "GH_BUV_RES_1990": 223619275.0, "GH_BUV_RES_1995": 256767722.0, "GH_BUV_RES_2000": 301265885.0, "GH_BUV_RES_2005": 343800796.0, "GH_BUV_RES_2010": 405492631.0, "GH_BUV_RES_2015": 473327032.0, "GH_BUV_RES_2020": 483395698.0, "GH_BUV_RES_2025": 486009627.0, "GH_BUV_RES_2030": 487634944.0, "GH_BUT_S11_2020": 9017736, "GH_BUT_S12_2020": 41508715, "GH_BUT_S13_2020": 420164, "GH_BUT_S21_2020": 182536, "GH_BUT_S22_2020": 1312005, "GH_BUT_S23_2020": 0, "GH_BUT_V11_2020": 53684811, "GH_BUT_V12_2020": 467333799.0, "GH_BUT_V13_2020": 10323636, "GH_BUT_V21_2020": 1089836, "GH_BUT_V22_2020": 13762663, "GH_BUT_V23_2020": 0, "GH_BUT_P11_2020": 101954.9136, "GH_BUT_P12_2020": 1680524.778, "GH_BUT_P13_2020": 54296.82912, "GH_BUT_P21_2020": 381.6109624, "GH_BUT_P22_2020": 8494.373875, "GH_BUT_P23_2020": 0.0, "GH_AGE_S75_2025": 35.69299976, "GH_AGE_S85_2025": 5.59096223, "GH_AGE_S95_2025": 10.20782966, "GH_AGE_S05_2025": 13.72620321, "GH_AGE_S15_2025": 30.984612, "GH_AGE_S25_2025": 3.797393132, "GH_POP_TOT_1975": 359301.2764, "GH_POP_TOT_1980": 453962.3665, "GH_POP_TOT_1985": 575888.3692, "GH_POP_TOT_1990": 677634.1094, "GH_POP_TOT_1995": 776374.7803, "GH_POP_TOT_2000": 895390.2384, "GH_POP_TOT_2005": 1059284.322, "GH_POP_TOT_2010": 1232788.706, "GH_POP_TOT_2015": 1430577.047, "GH_POP_TOT_2020": 1845652.505, "GH_POP_TOT_2025": 2150532.945, "GH_POP_TOT_2030": 2500649.831, "GH_POP_CAG_1980": 4.788160896, "GH_POP_CAG_1985": 4.872999906, "GH_POP_CAG_1990": 3.307390171, "GH_POP_CAG_1995": 2.757902813, "GH_POP_CAG_2000": 2.89355849, "GH_POP_CAG_2005": 3.418929452, "GH_POP_CAG_2010": 3.0801924, "GH_POP_CAG_2015": 3.02070585, "GH_POP_CAG_2020": 5.227132735, "GH_POP_CAG_2025": 3.104882755, "GH_XST_A11_1975": 75, "GH_XST_A12_1975": 17, "GH_XST_A13_1975": 7, "GH_XST_A21_1975": 21, "GH_XST_A22_1975": 0, "XST_A23_1975": 4, "XST_A30_1975": 79, "GH_XST_A11_1980": 43, "GH_XST_A12_1980": 38, "GH_XST_A13_1980": 4, "GH_XST_A21_1980": 29, "GH_XST_A22_1980": 0, "XST_A23_1980": 4, "XST_A30_1980": 86, "GH_XST_A11_1985": 35, "GH_XST_A12_1985": 39, "GH_XST_A13_1985": 6, "GH_XST_A21_1985": 28, "GH_XST_A22_1985": 0, "XST_A23_1985": 10, "XST_A30_1985": 87, "GH_XST_A11_1990": 31, "GH_XST_A12_1990": 30, "GH_XST_A13_1990": 1, "GH_XST_A21_1990": 44, "GH_XST_A22_1990": 0, "XST_A23_1990": 12, "XST_A30_1990": 87, "GH_XST_A11_1995": 26, "GH_XST_A12_1995": 24, "GH_XST_A13_1995": 0, "GH_XST_A21_1995": 42, "GH_XST_A22_1995": 0, "XST_A23_1995": 6, "XST_A30_1995": 107, "GH_XST_A11_2000": 24, "GH_XST_A12_2000": 18, "GH_XST_A13_2000": 0, "GH_XST_A21_2000": 40, "GH_XST_A22_2000": 0, "XST_A23_2000": 12, "XST_A30_2000": 111, "GH_XST_A11_2005": 11, "GH_XST_A12_2005": 8, "GH_XST_A13_2005": 0, "GH_XST_A21_2005": 51, "GH_XST_A22_2005": 0, "XST_A23_2005": 13, "XST_A30_2005": 122, "GH_XST_A11_2010": 8, "GH_XST_A12_2010": 3, "GH_XST_A13_2010": 0, "GH_XST_A21_2010": 34, "GH_XST_A22_2010": 0, "XST_A23_2010": 0, "XST_A30_2010": 160, "GH_XST_A11_2015": 0, "GH_XST_A12_2015": 1, "GH_XST_A13_2015": 0, "GH_XST_A21_2015": 5, "GH_XST_A22_2015": 0, "XST_A23_2015": 0, "XST_A30_2015": 199, "GH_XST_A11_2020": 0, "GH_XST_A12_2020": 1, "GH_XST_A13_2020": 0, "GH_XST_A21_2020": 4, "GH_XST_A22_2020": 0, "XST_A23_2020": 0, "XST_A30_2020": 200, "GH_XST_A11_2025": 0, "GH_XST_A12_2025": 0, "GH_XST_A13_2025": 0, "GH_XST_A21_2025": 0, "GH_XST_A22_2025": 0, "XST_A23_2025": 0, "XST_A30_2025": 205, "GH_XST_S11_1975": 48794, "GH_XST_S12_1975": 97994, "GH_XST_S13_1975": 107750, "GH_XST_S21_1975": 652265, "GH_XST_S22_1975": 0, "GH_XST_S23_1975": 516703, "GH_XST_S30_1975": 14862887, "GH_XST_S11_1980": 33096, "GH_XST_S12_1980": 183703, "GH_XST_S13_1980": 85173, "GH_XST_S21_1980": 922140, "GH_XST_S22_1980": 0, "GH_XST_S23_1980": 586101, "GH_XST_S30_1980": 15635754, "GH_XST_S11_1985": 33172, "GH_XST_S12_1985": 290280, "GH_XST_S13_1985": 135584, "GH_XST_S21_1985": 909905, "GH_XST_S22_1985": 0, "GH_XST_S23_1985": 1148773, "GH_XST_S30_1985": 16402226, "GH_XST_S11_1990": 33123, "GH_XST_S12_1990": 245662, "GH_XST_S13_1990": 36248, "GH_XST_S21_1990": 1491172, "GH_XST_S22_1990": 0, "GH_XST_S23_1990": 1500379, "GH_XST_S30_1990": 17280288, "GH_XST_S11_1995": 34098, "GH_XST_S12_1995": 253305, "GH_XST_S13_1995": 0, "GH_XST_S21_1995": 1787367, "GH_XST_S22_1995": 0, "GH_XST_S23_1995": 1150050, "GH_XST_S30_1995": 20185966, "GH_XST_S11_2000": 47000, "GH_XST_S12_2000": 223404, "GH_XST_S13_2000": 0, "GH_XST_S21_2000": 1729673, "GH_XST_S22_2000": 0, "GH_XST_S23_2000": 2345561, "GH_XST_S30_2000": 22846515, "GH_XST_S11_2005": 20305, "GH_XST_S12_2005": 128963, "GH_XST_S13_2005": 0, "GH_XST_S21_2005": 3193438, "GH_XST_S22_2005": 0, "GH_XST_S23_2005": 2734763, "GH_XST_S30_2005": 25273585, "GH_XST_S11_2010": 25783, "GH_XST_S12_2010": 71448, "GH_XST_S13_2010": 0, "GH_XST_S21_2010": 3098981, "GH_XST_S22_2010": 0, "GH_XST_S23_2010": 0, "GH_XST_S30_2010": 34264082, "GH_XST_S11_2015": 0, "GH_XST_S12_2015": 42108, "GH_XST_S13_2015": 0, "GH_XST_S21_2015": 544181, "GH_XST_S22_2015": 0, "GH_XST_S23_2015": 0, "GH_XST_S30_2015": 43612366, "GH_XST_S11_2020": 0, "GH_XST_S12_2020": 47691, "GH_XST_S13_2020": 0, "GH_XST_S21_2020": 466310, "GH_XST_S22_2020": 0, "GH_XST_S23_2020": 0, "GH_XST_S30_2020": 45058629, "GH_XST_S11_2025": 0, "GH_XST_S12_2025": 0, "GH_XST_S13_2025": 0, "GH_XST_S21_2025": 0, "GH_XST_S22_2025": 0, "GH_XST_S23_2025": 0, "GH_XST_S30_2025": 46023652, "GH_XST_V11_1975": 314470, "GH_XST_V12_1975": 902272, "GH_XST_V13_1975": 1049403, "GH_XST_V21_1975": 6239571, "GH_XST_V22_1975": 0, "GH_XST_V23_1975": 4329564, "GH_XST_V30_1975": 172221475.0, "GH_XST_V11_1980": 178503, "GH_XST_V12_1980": 1496400, "GH_XST_V13_1980": 778215, "GH_XST_V21_1980": 8430863, "GH_XST_V22_1980": 0, "GH_XST_V23_1980": 4893341, "GH_XST_V30_1980": 181628371.0, "GH_XST_V11_1985": 162979, "GH_XST_V12_1985": 2383677, "GH_XST_V13_1985": 1174960, "GH_XST_V21_1985": 8270996, "GH_XST_V22_1985": 0, "GH_XST_V23_1985": 10045630, "GH_XST_V30_1985": 190827103.0, "GH_XST_V11_1990": 132298, "GH_XST_V12_1990": 1984118, "GH_XST_V13_1990": 205979, "GH_XST_V21_1990": 13327977, "GH_XST_V22_1990": 0, "GH_XST_V23_1990": 13320954, "GH_XST_V30_1990": 201309642.0, "GH_XST_V11_1995": 145056, "GH_XST_V12_1995": 2013918, "GH_XST_V13_1995": 0, "GH_XST_V21_1995": 15748661, "GH_XST_V22_1995": 0, "GH_XST_V23_1995": 9441412, "GH_XST_V30_1995": 236152895.0, "GH_XST_V11_2000": 197297, "GH_XST_V12_2000": 1707352, "GH_XST_V13_2000": 0, "GH_XST_V21_2000": 14629185, "GH_XST_V22_2000": 0, "GH_XST_V23_2000": 19672374, "GH_XST_V30_2000": 271881332.0, "GH_XST_V11_2005": 84280, "GH_XST_V12_2005": 752589, "GH_XST_V13_2005": 0, "GH_XST_V21_2005": 27837026, "GH_XST_V22_2005": 0, "GH_XST_V23_2005": 21865983, "GH_XST_V30_2005": 300196612.0, "GH_XST_V11_2010": 119829, "GH_XST_V12_2010": 264288, "GH_XST_V13_2010": 0, "GH_XST_V21_2010": 28406102, "GH_XST_V22_2010": 0, "GH_XST_V23_2010": 0, "GH_XST_V30_2010": 383811055.0, "GH_XST_V11_2015": 0, "GH_XST_V12_2015": 170651, "GH_XST_V13_2015": 0, "GH_XST_V21_2015": 3970964, "GH_XST_V22_2015": 0, "GH_XST_V23_2015": 0, "GH_XST_V30_2015": 476462751.0, "GH_XST_V11_2020": 0, "GH_XST_V12_2020": 189519, "GH_XST_V13_2020": 0, "GH_XST_V21_2020": 3049625, "GH_XST_V22_2020": 0, "GH_XST_V23_2020": 0, "GH_XST_V30_2020": 487682970.0, "GH_XST_V11_2025": 0, "GH_XST_V12_2025": 0, "GH_XST_V13_2025": 0, "GH_XST_V21_2025": 0, "GH_XST_V22_2025": 0, "GH_XST_V23_2025": 0, "GH_XST_V30_2025": 493686576.0, "GH_XST_P11_1975": 849.5574524, "GH_XST_P12_1975": 2473.71883, "GH_XST_P13_1975": 3252.887221, "GH_XST_P21_1975": 20107.74002, "GH_XST_P22_1975": 0.0, "GH_XST_P23_1975": 13710.9993, "GH_XST_P30_1975": 318906.3735, "GH_XST_P11_1980": 472.383685, "GH_XST_P12_1980": 4132.205935, "GH_XST_P13_1980": 2207.484799, "GH_XST_P21_1980": 25447.4372, "GH_XST_P22_1980": 0.0, "GH_XST_P23_1980": 13463.63665, "GH_XST_P30_1980": 408239.2183, "GH_XST_P11_1985": 407.5423288, "GH_XST_P12_1985": 6258.866905, "GH_XST_P13_1985": 3180.689333, "GH_XST_P21_1985": 23518.39138, "GH_XST_P22_1985": 0.0, "GH_XST_P23_1985": 25291.89749, "GH_XST_P30_1985": 517230.9818, "GH_XST_P11_1990": 350.1361395, "GH_XST_P12_1990": 5099.28083, "GH_XST_P13_1990": 509.5863699, "GH_XST_P21_1990": 37943.40112, "GH_XST_P22_1990": 0.0, "GH_XST_P23_1990": 34175.63171, "GH_XST_P30_1990": 599556.0732, "GH_XST_P11_1995": 301.4175687, "GH_XST_P12_1995": 4027.663247, "GH_XST_P13_1995": 0.0, "GH_XST_P21_1995": 36609.15495, "GH_XST_P22_1995": 0.0, "GH_XST_P23_1995": 18772.06322, "GH_XST_P30_1995": 716664.4814, "GH_XST_P11_2000": 344.417135, "GH_XST_P12_2000": 2875.461464, "GH_XST_P13_2000": 0.0, "GH_XST_P21_2000": 27784.74494, "GH_XST_P22_2000": 0.0, "GH_XST_P23_2000": 37419.56105, "GH_XST_P30_2000": 826966.0538, "GH_XST_P11_2005": 117.8975092, "GH_XST_P12_2005": 1509.707221, "GH_XST_P13_2005": 0.0, "GH_XST_P21_2005": 44629.27665, "GH_XST_P22_2005": 0.0, "GH_XST_P23_2005": 43092.97735, "GH_XST_P30_2005": 969934.4628, "GH_XST_P11_2010": 117.7859812, "GH_XST_P12_2010": 374.7899153, "GH_XST_P13_2010": 0.0, "GH_XST_P21_2010": 32407.21503, "GH_XST_P22_2010": 0.0, "GH_XST_P23_2010": 0.0, "GH_XST_P30_2010": 1199888.915, "GH_XST_P11_2015": 0.0, "GH_XST_P12_2015": 217.3438722, "GH_XST_P13_2015": 0.0, "GH_XST_P21_2015": 5054.666721, "GH_XST_P22_2015": 0, "GH_XST_P23_2015": 0.0, "GH_XST_P30_2015": 1425305.036, "GH_XST_P11_2020": 0.0, "GH_XST_P12_2020": 262.0836801, "GH_XST_P13_2020": 0.0, "GH_XST_P21_2020": 4217.291919, "GH_XST_P22_2020": 0, "GH_XST_P23_2020": 0.0, "GH_XST_P30_2020": 1841173.129, "GH_XST_P11_2025": 0, "GH_XST_P12_2025": 0, "GH_XST_P13_2025": 0, "GH_XST_P21_2025": 0, "GH_XST_P22_2025": 0, "GH_XST_P23_2025": 0, "GH_XST_P30_2025": 2150532.945, "GH_XST_D11_1975": 11.97874704, "GH_XST_D12_1975": 151.0294172, "GH_XST_D13_1975": 657.2215599, "GH_XST_D21_1975": 975.5148816, "GH_XST_D22_1975": 0.0, "GH_XST_D23_1975": 3431.825977, "GH_XST_D30_1975": 5456.165752, "GH_XST_D11_1980": 11.77029552, "GH_XST_D12_1980": 113.5128698, "GH_XST_D13_1980": 1130.46142, "GH_XST_D21_1980": 891.4374884, "GH_XST_D22_1980": 0.0, "GH_XST_D23_1980": 3369.911774, "GH_XST_D30_1980": 6332.290533, "GH_XST_D11_1985": 12.38787715, "GH_XST_D12_1985": 164.3108186, "GH_XST_D13_1985": 1263.447269, "GH_XST_D21_1985": 848.1001213, "GH_XST_D22_1985": 0.0, "GH_XST_D23_1985": 2582.714439, "GH_XST_D30_1985": 8020.358795, "GH_XST_D11_1990": 12.11380136, "GH_XST_D12_1990": 175.0696019, "GH_XST_D13_1990": 509.5863699, "GH_XST_D21_1990": 943.6968903, "GH_XST_D22_1990": 0.0, "GH_XST_D23_1990": 2898.018573, "GH_XST_D30_1990": 9296.919548, "GH_XST_D11_1995": 12.508248, "GH_XST_D12_1995": 174.9155227, "GH_XST_D13_1995": 0.0, "GH_XST_D21_1995": 958.7780342, "GH_XST_D22_1995": 0.0, "GH_XST_D23_1995": 3131.156557, "GH_XST_D30_1995": 8509.580519, "GH_XST_D11_2000": 15.58624537, "GH_XST_D12_2000": 163.8635283, "GH_XST_D13_2000": 0.0, "GH_XST_D21_2000": 773.1033617000001, "GH_XST_D22_2000": 0.0, "GH_XST_D23_2000": 3193.454438, "GH_XST_D30_2000": 9374.061465000001, "GH_XST_D11_2005": 12.70555596, "GH_XST_D12_2005": 193.7367296, "GH_XST_D13_2005": 0.0, "GH_XST_D21_2005": 913.7985063, "GH_XST_D22_2005": 0.0, "GH_XST_D23_2005": 3316.056302, "GH_XST_D30_2005": 10039.22822, "GH_XST_D11_2010": 17.16652479, "GH_XST_D12_2010": 132.7880122, "GH_XST_D13_2010": 0.0, "GH_XST_D21_2010": 999.9300523000001, "GH_XST_D22_2010": 0.0, "GH_XST_D23_2010": 0.0, "GH_XST_D30_2010": 8992.819395, "GH_XST_D11_2015": 0.0, "GH_XST_D12_2015": 222.2898207, "GH_XST_D13_2015": 0.0, "GH_XST_D21_2015": 1079.756367, "GH_XST_D22_2015": 0, "GH_XST_D23_2015": 0.0, "GH_XST_D30_2015": 8390.972686, "GH_XST_D11_2020": 0.0, "GH_XST_D12_2020": 268.0477423, "GH_XST_D13_2020": 0.0, "GH_XST_D21_2020": 1145.59761, "GH_XST_D22_2020": 0, "GH_XST_D23_2020": 0.0, "GH_XST_D30_2020": 10775.80836, "GH_XST_D11_2025": 0, "GH_XST_D12_2025": 0, "GH_XST_D13_2025": 0, "GH_XST_D21_2025": 0, "GH_XST_D22_2025": 0, "GH_XST_D23_2025": 0, "GH_XST_D30_2025": 12252.29887, "GH_L30_2025": 175.520771, "GH_W30_2025": 29.479229 }, "geometry": { "type": "Point", "coordinates": [ -13.18192120588291, 8.418843693285334 ] } },
{ "type": "Feature", "properties": { "fid": 424, "ID_UC_G0": 431, "GC_UCN_MAI_2025": "Cape Town", "GC_CNT_GAD_2025": "South Africa", "GC_UCA_KM2_2025": 695, "GC_POP_TOT_2025": 4338251.176, "GC_DEV_WIG_2025": "Upper Middle", "GC_DEV_USR_2025": "Sub-Saharan Africa", "GH_BUS_TOT_1975": 114349318, "GH_BUS_TOT_1980": 120798625, "GH_BUS_TOT_1985": 128370302, "GH_BUS_TOT_1990": 136652367, "GH_BUS_TOT_1995": 145657793, "GH_BUS_TOT_2000": 156150694, "GH_BUS_TOT_2005": 158757070, "GH_BUS_TOT_2010": 161712337, "GH_BUS_TOT_2015": 165470713, "GH_BUS_TOT_2020": 171857821, "GH_BUS_TOT_2025": 173115733, "GH_BUS_TOT_2030": 173812081, "GH_BUS_NRE_1975": 8247802, "GH_BUS_NRE_1980": 8607774, "GH_BUS_NRE_1985": 9028148, "GH_BUS_NRE_1990": 9482767, "GH_BUS_NRE_1995": 10122036, "GH_BUS_NRE_2000": 10912977, "GH_BUS_NRE_2005": 11040804, "GH_BUS_NRE_2010": 11185956, "GH_BUS_NRE_2015": 11385816, "GH_BUS_NRE_2020": 11770179, "GH_BUS_NRE_2025": 11835835, "GH_BUS_NRE_2030": 11959006, "GH_BUS_RES_1975": 106101516, "GH_BUS_RES_1980": 112190851, "GH_BUS_RES_1985": 119342154, "GH_BUS_RES_1990": 127169600, "GH_BUS_RES_1995": 135535757, "GH_BUS_RES_2000": 145237717, "GH_BUS_RES_2005": 147716266, "GH_BUS_RES_2010": 150526381, "GH_BUS_RES_2015": 154084897, "GH_BUS_RES_2020": 160087642, "GH_BUS_RES_2025": 161279898, "GH_BUS_RES_2030": 161853075, "GH_BPC_TOT_1975": 85.09002546000001, "GH_BPC_TOT_1980": 76.26737392, "GH_BPC_TOT_1985": 69.19497279, "GH_BPC_TOT_1990": 67.3748062, "GH_BPC_TOT_1995": 64.61668392, "GH_BPC_TOT_2000": 62.14459304, "GH_BPC_TOT_2005": 56.69887395, "GH_BPC_TOT_2010": 51.85357952, "GH_BPC_TOT_2015": 47.60546783, "GH_BPC_TOT_2020": 43.21580393, "GH_BPC_TOT_2025": 39.90449745, "GH_BPC_TOT_2030": 37.21823017, "GH_BPC_NRE_1975": 6.137384066, "GH_BPC_NRE_1980": 5.434600918, "GH_BPC_NRE_1985": 4.866409485, "GH_BPC_NRE_1990": 4.675364232, "GH_BPC_NRE_1995": 4.490335789, "GH_BPC_NRE_2000": 4.343128404, "GH_BPC_NRE_2005": 3.943138748, "GH_BPC_NRE_2010": 3.586812668, "GH_BPC_NRE_2015": 3.275667866, "GH_BPC_NRE_2020": 2.95975909, "GH_BPC_NRE_2025": 2.728250283, "GH_BPC_NRE_2030": 2.560771584, "GH_BPC_RES_1975": 78.9526414, "GH_BPC_RES_1980": 70.832773, "GH_BPC_RES_1985": 64.32856331000001, "GH_BPC_RES_1990": 62.69944196, "GH_BPC_RES_1995": 60.12634813, "GH_BPC_RES_2000": 57.80146463, "GH_BPC_RES_2005": 52.7557352, "GH_BPC_RES_2010": 48.26676685, "GH_BPC_RES_2015": 44.32979996, "GH_BPC_RES_2020": 40.25604484, "GH_BPC_RES_2025": 37.17624717, "GH_BPC_RES_2030": 34.65745859, "GH_BUH_AVG_2020": 6.769542968, "GH_BUH_STD_2020": 2.673564497, "GH_BUH_MAX_2020": 49.28098679, "GH_BUV_TOT_1975": 878267676.0, "GH_BUV_TOT_1980": 922374494.0, "GH_BUV_TOT_1985": 973673477.0, "GH_BUV_TOT_1990": 1029284682.0, "GH_BUV_TOT_1995": 1095058966.0, "GH_BUV_TOT_2000": 1172007133.0, "GH_BUV_TOT_2005": 1190476655.0, "GH_BUV_TOT_2010": 1211351880.0, "GH_BUV_TOT_2015": 1236250449.0, "GH_BUV_TOT_2020": 1273510494.0, "GH_BUV_TOT_2025": 1279835585.0, "GH_BUV_TOT_2030": 1283776309.0, "GH_BUV_NRE_1975": 87976658, "GH_BUV_NRE_1980": 91155920, "GH_BUV_NRE_1985": 94829081, "GH_BUV_NRE_1990": 98770246, "GH_BUV_NRE_1995": 105263326, "GH_BUV_NRE_2000": 113308657, "GH_BUV_NRE_2005": 114481929, "GH_BUV_NRE_2010": 115782453, "GH_BUV_NRE_2015": 117466827, "GH_BUV_NRE_2020": 120451809, "GH_BUV_NRE_2025": 121023836, "GH_BUV_NRE_2030": 122017085, "GH_BUV_RES_1975": 790291018.0, "GH_BUV_RES_1980": 831218574.0, "GH_BUV_RES_1985": 878844396.0, "GH_BUV_RES_1990": 930514436.0, "GH_BUV_RES_1995": 989795640.0, "GH_BUV_RES_2000": 1058698476.0, "GH_BUV_RES_2005": 1075994726.0, "GH_BUV_RES_2010": 1095569427.0, "GH_BUV_RES_2015": 1118783622.0, "GH_BUV_RES_2020": 1153058685.0, "GH_BUV_RES_2025": 1158811749.0, "GH_BUV_RES_2030": 1161759224.0, "GH_BUT_S11_2020": 114793375, "GH_BUT_S12_2020": 54618148, "GH_BUT_S13_2020": 408475, "GH_BUT_S21_2020": 2260502, "GH_BUT_S22_2020": 12083347, "GH_BUT_S23_2020": 671928, "GH_BUT_V11_2020": 727114921, "GH_BUT_V12_2020": 515340306.0, "GH_BUT_V13_2020": 11274580, "GH_BUT_V21_2020": 14129886, "GH_BUT_V22_2020": 129291528, "GH_BUT_V23_2020": 19790302, "GH_BUT_P11_2020": 3066368.173, "GH_BUT_P12_2020": 881865.3969000001, "GH_BUT_P13_2020": 5033.186771, "GH_BUT_P21_2020": 8901.079116000001, "GH_BUT_P22_2020": 12805.98054, "GH_BUT_P23_2020": 1761.668651, "GH_AGE_S75_2025": 67.79589063, "GH_AGE_S85_2025": 9.126751062, "GH_AGE_S95_2025": 11.07404259, "GH_AGE_S05_2025": 5.853356494, "GH_AGE_S15_2025": 3.292754449, "GH_AGE_S25_2025": 2.857204781, "GH_POP_TOT_1975": 1343862.778, "GH_POP_TOT_1980": 1583883.367, "GH_POP_TOT_1985": 1855196.943, "GH_POP_TOT_1990": 2028241.337, "GH_POP_TOT_1995": 2254182.421, "GH_POP_TOT_2000": 2512699.599, "GH_POP_TOT_2005": 2800003.932, "GH_POP_TOT_2010": 3118634.017, "GH_POP_TOT_2015": 3475876.208, "GH_POP_TOT_2020": 3976735.485, "GH_POP_TOT_2025": 4338251.176, "GH_POP_TOT_2030": 4670079.157, "GH_POP_CAG_1980": 3.341236723, "GH_POP_CAG_1985": 3.212753524, "GH_POP_CAG_1990": 1.799564935, "GH_POP_CAG_1995": 2.134833628, "GH_POP_CAG_2000": 2.19515398, "GH_POP_CAG_2005": 2.18887409, "GH_POP_CAG_2010": 2.178883789, "GH_POP_CAG_2015": 2.192724511, "GH_POP_CAG_2020": 2.728862851, "GH_POP_CAG_2025": 1.7554309, "GH_XST_A11_1975": 18, "GH_XST_A12_1975": 24, "GH_XST_A13_1975": 0, "GH_XST_A21_1975": 85, "GH_XST_A22_1975": 0, "XST_A23_1975": 14, "XST_A30_1975": 547, "GH_XST_A11_1980": 10, "GH_XST_A12_1980": 17, "GH_XST_A13_1980": 0, "GH_XST_A21_1980": 68, "GH_XST_A22_1980": 0, "XST_A23_1980": 9, "XST_A30_1980": 585, "GH_XST_A11_1985": 10, "GH_XST_A12_1985": 13, "GH_XST_A13_1985": 0, "GH_XST_A21_1985": 62, "GH_XST_A22_1985": 0, "XST_A23_1985": 9, "XST_A30_1985": 595, "GH_XST_A11_1990": 10, "GH_XST_A12_1990": 11, "GH_XST_A13_1990": 0, "GH_XST_A21_1990": 53, "GH_XST_A22_1990": 0, "XST_A23_1990": 13, "XST_A30_1990": 604, "GH_XST_A11_1995": 5, "GH_XST_A12_1995": 11, "GH_XST_A13_1995": 0, "GH_XST_A21_1995": 41, "GH_XST_A22_1995": 0, "XST_A23_1995": 9, "XST_A30_1995": 625, "GH_XST_A11_2000": 2, "GH_XST_A12_2000": 12, "GH_XST_A13_2000": 0, "GH_XST_A21_2000": 36, "GH_XST_A22_2000": 0, "XST_A23_2000": 13, "XST_A30_2000": 628, "GH_XST_A11_2005": 2, "GH_XST_A12_2005": 8, "GH_XST_A13_2005": 0, "GH_XST_A21_2005": 26, "GH_XST_A22_2005": 0, "XST_A23_2005": 4, "XST_A30_2005": 651, "GH_XST_A11_2010": 1, "GH_XST_A12_2010": 8, "GH_XST_A13_2010": 0, "GH_XST_A21_2010": 23, "GH_XST_A22_2010": 0, "XST_A23_2010": 4, "XST_A30_2010": 655, "GH_XST_A11_2015": 3, "GH_XST_A12_2015": 5, "GH_XST_A13_2015": 0, "GH_XST_A21_2015": 11, "GH_XST_A22_2015": 0, "XST_A23_2015": 6, "XST_A30_2015": 670, "GH_XST_A11_2020": 0, "GH_XST_A12_2020": 0, "GH_XST_A13_2020": 0, "GH_XST_A21_2020": 4, "GH_XST_A22_2020": 0, "XST_A23_2020": 0, "XST_A30_2020": 691, "GH_XST_A11_2025": 0, "GH_XST_A12_2025": 0, "GH_XST_A13_2025": 0, "GH_XST_A21_2025": 0, "GH_XST_A22_2025": 0, "XST_A23_2025": 0, "XST_A30_2025": 695, "GH_XST_S11_1975": 107856, "GH_XST_S12_1975": 530038, "GH_XST_S13_1975": 0, "GH_XST_S21_1975": 5092417, "GH_XST_S22_1975": 0, "GH_XST_S23_1975": 2523899, "GH_XST_S30_1975": 106095108, "GH_XST_S11_1980": 43083, "GH_XST_S12_1980": 391790, "GH_XST_S13_1980": 0, "GH_XST_S21_1980": 4643731, "GH_XST_S22_1980": 0, "GH_XST_S23_1980": 1876997, "GH_XST_S30_1980": 113843024, "GH_XST_S11_1985": 37998, "GH_XST_S12_1985": 388331, "GH_XST_S13_1985": 0, "GH_XST_S21_1985": 4701821, "GH_XST_S22_1985": 0, "GH_XST_S23_1985": 1944737, "GH_XST_S30_1985": 121297415, "GH_XST_S11_1990": 42964, "GH_XST_S12_1990": 335908, "GH_XST_S13_1990": 0, "GH_XST_S21_1990": 4116044, "GH_XST_S22_1990": 0, "GH_XST_S23_1990": 2722704, "GH_XST_S30_1990": 129434747, "GH_XST_S11_1995": 26715, "GH_XST_S12_1995": 351692, "GH_XST_S13_1995": 0, "GH_XST_S21_1995": 3448643, "GH_XST_S22_1995": 0, "GH_XST_S23_1995": 2001647, "GH_XST_S30_1995": 139829096, "GH_XST_S11_2000": 22943, "GH_XST_S12_2000": 394689, "GH_XST_S13_2000": 0, "GH_XST_S21_2000": 3666767, "GH_XST_S22_2000": 0, "GH_XST_S23_2000": 3040608, "GH_XST_S30_2000": 149025687, "GH_XST_S11_2005": 24096, "GH_XST_S12_2005": 188936, "GH_XST_S13_2005": 0, "GH_XST_S21_2005": 2500071, "GH_XST_S22_2005": 0, "GH_XST_S23_2005": 1000400, "GH_XST_S30_2005": 155043567, "GH_XST_S11_2010": 5141, "GH_XST_S12_2010": 183841, "GH_XST_S13_2010": 0, "GH_XST_S21_2010": 2233666, "GH_XST_S22_2010": 0, "GH_XST_S23_2010": 1000408, "GH_XST_S30_2010": 158289281, "GH_XST_S11_2015": 1370, "GH_XST_S12_2015": 86474, "GH_XST_S13_2015": 0, "GH_XST_S21_2015": 1025967, "GH_XST_S22_2015": 0, "GH_XST_S23_2015": 1184746, "GH_XST_S30_2015": 163172156, "GH_XST_S11_2020": 0, "GH_XST_S12_2020": 0, "GH_XST_S13_2020": 0, "GH_XST_S21_2020": 493312, "GH_XST_S22_2020": 0, "GH_XST_S23_2020": 0, "GH_XST_S30_2020": 171364509, "GH_XST_S11_2025": 0, "GH_XST_S12_2025": 0, "GH_XST_S13_2025": 0, "GH_XST_S21_2025": 0, "GH_XST_S22_2025": 0, "GH_XST_S23_2025": 0, "GH_XST_S30_2025": 173115733, "GH_XST_V11_1975": 471108, "GH_XST_V12_1975": 3059859, "GH_XST_V13_1975": 0, "GH_XST_V21_1975": 37081499, "GH_XST_V22_1975": 0, "GH_XST_V23_1975": 22413460, "GH_XST_V30_1975": 815241750.0, "GH_XST_V11_1980": 127161, "GH_XST_V12_1980": 2410931, "GH_XST_V13_1980": 0, "GH_XST_V21_1980": 33705334, "GH_XST_V22_1980": 0, "GH_XST_V23_1980": 17231654, "GH_XST_V30_1980": 868899414.0, "GH_XST_V11_1985": 109380, "GH_XST_V12_1985": 2315398, "GH_XST_V13_1985": 0, "GH_XST_V21_1985": 33662698, "GH_XST_V22_1985": 0, "GH_XST_V23_1985": 17721090, "GH_XST_V30_1985": 919864911.0, "GH_XST_V11_1990": 124010, "GH_XST_V12_1990": 2153670, "GH_XST_V13_1990": 0, "GH_XST_V21_1990": 28747916, "GH_XST_V22_1990": 0, "GH_XST_V23_1990": 23331947, "GH_XST_V30_1990": 974927139.0, "GH_XST_V11_1995": 72911, "GH_XST_V12_1995": 2061787, "GH_XST_V13_1995": 0, "GH_XST_V21_1995": 21994292, "GH_XST_V22_1995": 0, "GH_XST_V23_1995": 12775314, "GH_XST_V30_1995": 1058154662.0, "GH_XST_V11_2000": 57376, "GH_XST_V12_2000": 2339734, "GH_XST_V13_2000": 0, "GH_XST_V21_2000": 23693069, "GH_XST_V22_2000": 0, "GH_XST_V23_2000": 19794607, "GH_XST_V30_2000": 1126122347.0, "GH_XST_V11_2005": 60260, "GH_XST_V12_2005": 1012200, "GH_XST_V13_2005": 0, "GH_XST_V21_2005": 16083310, "GH_XST_V22_2005": 0, "GH_XST_V23_2005": 5670010, "GH_XST_V30_2005": 1167650875.0, "GH_XST_V11_2010": 12856, "GH_XST_V12_2010": 901664, "GH_XST_V13_2010": 0, "GH_XST_V21_2010": 13981133, "GH_XST_V22_2010": 0, "GH_XST_V23_2010": 5670032, "GH_XST_V30_2010": 1190786195.0, "GH_XST_V11_2015": 3429, "GH_XST_V12_2015": 627658, "GH_XST_V13_2015": 0, "GH_XST_V21_2015": 6564371, "GH_XST_V22_2015": 0, "GH_XST_V23_2015": 6681258, "GH_XST_V30_2015": 1222373733.0, "GH_XST_V11_2020": 0, "GH_XST_V12_2020": 0, "GH_XST_V13_2020": 0, "GH_XST_V21_2020": 2992672, "GH_XST_V22_2020": 0, "GH_XST_V23_2020": 0, "GH_XST_V30_2020": 1270517822.0, "GH_XST_V11_2025": 0, "GH_XST_V12_2025": 0, "GH_XST_V13_2025": 0, "GH_XST_V21_2025": 0, "GH_XST_V22_2025": 0, "GH_XST_V23_2025": 0, "GH_XST_V30_2025": 1279835585.0, "GH_XST_P11_1975": 311.1936012, "GH_XST_P12_1975": 3828.141419, "GH_XST_P13_1975": 0.0, "GH_XST_P21_1975": 66570.48026, "GH_XST_P22_1975": 0.0, "GH_XST_P23_1975": 24855.67665, "GH_XST_P30_1975": 1248297.286, "GH_XST_P11_1980": 215.1803565, "GH_XST_P12_1980": 2779.742958, "GH_XST_P13_1980": 0.0, "GH_XST_P21_1980": 54490.82626, "GH_XST_P22_1980": 0.0, "GH_XST_P23_1980": 22005.54061, "GH_XST_P30_1980": 1504392.077, "GH_XST_P11_1985": 246.9940286, "GH_XST_P12_1985": 2357.123921, "GH_XST_P13_1985": 0.0, "GH_XST_P21_1985": 54868.11098, "GH_XST_P22_1985": 0.0, "GH_XST_P23_1985": 25727.98595, "GH_XST_P30_1985": 1771996.728, "GH_XST_P11_1990": 221.5747849, "GH_XST_P12_1990": 1568.104491, "GH_XST_P13_1990": 0.0, "GH_XST_P21_1990": 45804.64668, "GH_XST_P22_1990": 0.0, "GH_XST_P23_1990": 34567.41759, "GH_XST_P30_1990": 1946079.593, "GH_XST_P11_1995": 145.0381406, "GH_XST_P12_1995": 1527.169036, "GH_XST_P13_1995": 0.0, "GH_XST_P21_1995": 38792.5012, "GH_XST_P22_1995": 0.0, "GH_XST_P23_1995": 26168.33432, "GH_XST_P30_1995": 2187549.379, "GH_XST_P11_2000": 84.74349788000001, "GH_XST_P12_2000": 1699.130307, "GH_XST_P13_2000": 0.0, "GH_XST_P21_2000": 34788.94025, "GH_XST_P22_2000": 0.0, "GH_XST_P23_2000": 36134.17925, "GH_XST_P30_2000": 2439992.606, "GH_XST_P11_2005": 90.16175816000001, "GH_XST_P12_2005": 1010.264644, "GH_XST_P13_2005": 0.0, "GH_XST_P21_2005": 25238.68712, "GH_XST_P22_2005": 0.0, "GH_XST_P23_2005": 21947.33693, "GH_XST_P30_2005": 2751717.482, "GH_XST_P11_2010": 43.07137585, "GH_XST_P12_2010": 847.4510147, "GH_XST_P13_2010": 0.0, "GH_XST_P21_2010": 24863.96571, "GH_XST_P22_2010": 0.0, "GH_XST_P23_2010": 24441.86985, "GH_XST_P30_2010": 3068437.659, "GH_XST_P11_2015": 17.72312079, "GH_XST_P12_2015": 599.3630987, "GH_XST_P13_2015": 0.0, "GH_XST_P21_2015": 13603.12549, "GH_XST_P22_2015": 0, "GH_XST_P23_2015": 30266.80924, "GH_XST_P30_2015": 3431389.187, "GH_XST_P11_2020": 0.0, "GH_XST_P12_2020": 0.0, "GH_XST_P13_2020": 0.0, "GH_XST_P21_2020": 7172.117823, "GH_XST_P22_2020": 0, "GH_XST_P23_2020": 0.0, "GH_XST_P30_2020": 3969563.367, "GH_XST_P11_2025": 0, "GH_XST_P12_2025": 0, "GH_XST_P13_2025": 0, "GH_XST_P21_2025": 0, "GH_XST_P22_2025": 0, "GH_XST_P23_2025": 0, "GH_XST_P30_2025": 4338251.176, "GH_XST_D11_1975": 19.65776598, "GH_XST_D12_1975": 175.1285003, "GH_XST_D13_1975": 0.0, "GH_XST_D21_1975": 799.129291, "GH_XST_D22_1975": 0.0, "GH_XST_D23_1975": 2024.449657, "GH_XST_D30_1975": 2342.370807, "GH_XST_D11_1980": 23.87519021, "GH_XST_D12_1980": 189.2747267, "GH_XST_D13_1980": 0.0, "GH_XST_D21_1980": 830.5213233, "GH_XST_D22_1980": 0.0, "GH_XST_D23_1980": 3021.696029, "GH_XST_D30_1980": 2640.997222, "GH_XST_D11_1985": 27.40475354, "GH_XST_D12_1985": 197.0777936, "GH_XST_D13_1985": 0.0, "GH_XST_D21_1985": 939.3660536, "GH_XST_D22_1985": 0.0, "GH_XST_D23_1985": 3532.844494, "GH_XST_D30_1985": 3057.503159, "GH_XST_D11_1990": 27.61828101, "GH_XST_D12_1990": 150.411493, "GH_XST_D13_1990": 0.0, "GH_XST_D21_1990": 920.9261937, "GH_XST_D22_1990": 0.0, "GH_XST_D23_1990": 3065.20884, "GH_XST_D30_1990": 3316.581289, "GH_XST_D11_1995": 34.5127746, "GH_XST_D12_1995": 149.1772118, "GH_XST_D13_1995": 0.0, "GH_XST_D21_1995": 981.20255, "GH_XST_D22_1995": 0.0, "GH_XST_D23_1995": 2909.263265, "GH_XST_D30_1995": 3626.17919, "GH_XST_D11_2000": 42.39296662, "GH_XST_D12_2000": 150.8066835, "GH_XST_D13_2000": 0.0, "GH_XST_D21_2000": 1007.036334, "GH_XST_D22_2000": 0.0, "GH_XST_D23_2000": 2782.689197, "GH_XST_D30_2000": 4030.123024, "GH_XST_D11_2005": 45.10345336, "GH_XST_D12_2005": 137.8506639, "GH_XST_D13_2005": 0.0, "GH_XST_D21_2005": 1029.187889, "GH_XST_D22_2005": 0.0, "GH_XST_D23_2005": 5486.834232, "GH_XST_D30_2005": 4379.029131, "GH_XST_D11_2010": 43.11017501, "GH_XST_D12_2010": 115.6363292, "GH_XST_D13_2010": 0.0, "GH_XST_D21_2010": 1145.832857, "GH_XST_D22_2010": 0.0, "GH_XST_D23_2010": 6110.467461, "GH_XST_D30_2010": 4853.519887, "GH_XST_D11_2015": 21.13052333, "GH_XST_D12_2015": 138.4050888, "GH_XST_D13_2015": 0.0, "GH_XST_D21_2015": 1393.411935, "GH_XST_D22_2015": 0, "GH_XST_D23_2015": 5044.468206, "GH_XST_D30_2015": 5310.039795, "GH_XST_D11_2020": 0.0, "GH_XST_D12_2020": 0.0, "GH_XST_D13_2020": 0.0, "GH_XST_D21_2020": 2248.374116, "GH_XST_D22_2020": 0, "GH_XST_D23_2020": 0.0, "GH_XST_D30_2020": 5978.711898, "GH_XST_D11_2025": 0, "GH_XST_D12_2025": 0, "GH_XST_D13_2025": 0, "GH_XST_D21_2025": 0, "GH_XST_D22_2025": 0, "GH_XST_D23_2025": 0, "GH_XST_D30_2025": 6502.764561, "GH_L30_2025": 667.139512, "GH_W30_2025": 27.860488 }, "geometry": { "type": "Point", "coordinates": [ 18.58375797191507, -33.958972657940954 ] } },
{ "type": "Feature", "properties": { "fid": 1265, "ID_UC_G0": 1289, "GC_UCN_MAI_2025": "Lagos", "GC_CNT_GAD_2025": "Nigeria", "GC_UCA_KM2_2025": 1199, "GC_POP_TOT_2025": 12846045.23, "GC_DEV_WIG_2025": "Lower Middle", "GC_DEV_USR_2025": "Sub-Saharan Africa", "GH_BUS_TOT_1975": 241825304, "GH_BUS_TOT_1980": 250598232, "GH_BUS_TOT_1985": 261588728, "GH_BUS_TOT_1990": 273946118, "GH_BUS_TOT_1995": 283740055, "GH_BUS_TOT_2000": 296061530, "GH_BUS_TOT_2005": 321555891, "GH_BUS_TOT_2010": 359429215, "GH_BUS_TOT_2015": 401070917, "GH_BUS_TOT_2020": 411336404, "GH_BUS_TOT_2025": 415953313, "GH_BUS_TOT_2030": 418218312, "GH_BUS_NRE_1975": 17058939, "GH_BUS_NRE_1980": 17418013, "GH_BUS_NRE_1985": 17820710, "GH_BUS_NRE_1990": 18281565, "GH_BUS_NRE_1995": 18415583, "GH_BUS_NRE_2000": 18567380, "GH_BUS_NRE_2005": 18919440, "GH_BUS_NRE_2010": 19364780, "GH_BUS_NRE_2015": 19881789, "GH_BUS_NRE_2020": 20238891, "GH_BUS_NRE_2025": 20402568, "GH_BUS_NRE_2030": 20622961, "GH_BUS_RES_1975": 224766365, "GH_BUS_RES_1980": 233180219, "GH_BUS_RES_1985": 243768018, "GH_BUS_RES_1990": 255664553, "GH_BUS_RES_1995": 265324472, "GH_BUS_RES_2000": 277494150, "GH_BUS_RES_2005": 302636451, "GH_BUS_RES_2010": 340064435, "GH_BUS_RES_2015": 381189128, "GH_BUS_RES_2020": 391097513, "GH_BUS_RES_2025": 395550745, "GH_BUS_RES_2030": 397595351, "GH_BPC_TOT_1975": 84.66463557, "GH_BPC_TOT_1980": 68.8315954, "GH_BPC_TOT_1985": 56.5917249, "GH_BPC_TOT_1990": 46.7813788, "GH_BPC_TOT_1995": 41.1644462, "GH_BPC_TOT_2000": 37.68276483, "GH_BPC_TOT_2005": 35.92649753, "GH_BPC_TOT_2010": 36.43757573, "GH_BPC_TOT_2015": 37.26405326, "GH_BPC_TOT_2020": 35.06421142, "GH_BPC_TOT_2025": 32.37987299, "GH_BPC_TOT_2030": 29.75050126, "GH_BPC_NRE_1975": 5.972447175, "GH_BPC_NRE_1980": 4.784190271, "GH_BPC_NRE_1985": 3.855306478, "GH_BPC_NRE_1990": 3.121916177, "GH_BPC_NRE_1995": 2.671696372, "GH_BPC_NRE_2000": 2.363259468, "GH_BPC_NRE_2005": 2.113813597, "GH_BPC_NRE_2010": 1.963128228, "GH_BPC_NRE_2015": 1.847244497, "GH_BPC_NRE_2020": 1.725256374, "GH_BPC_NRE_2025": 1.588237285, "GH_BPC_NRE_2030": 1.46704104, "GH_BPC_RES_1975": 78.6921884, "GH_BPC_RES_1980": 64.04740513, "GH_BPC_RES_1985": 52.73641842, "GH_BPC_RES_1990": 43.65946263, "GH_BPC_RES_1995": 38.49274983, "GH_BPC_RES_2000": 35.31950536, "GH_BPC_RES_2005": 33.81268394, "GH_BPC_RES_2010": 34.4744475, "GH_BPC_RES_2015": 35.41680877, "GH_BPC_RES_2020": 33.33895504, "GH_BPC_RES_2025": 30.79163571, "GH_BPC_RES_2030": 28.28346022, "GH_BUH_AVG_2020": 9.176475852, "GH_BUH_STD_2020": 3.128577882, "GH_BUH_MAX_2020": 51.70264053, "GH_BUV_TOT_1975": 2548215477.0, "GH_BUV_TOT_1980": 2630032809.0, "GH_BUV_TOT_1985": 2731869693.0, "GH_BUV_TOT_1990": 2845480073.0, "GH_BUV_TOT_1995": 2937255649.0, "GH_BUV_TOT_2000": 3051932021.0, "GH_BUV_TOT_2005": 3286783895.0, "GH_BUV_TOT_2010": 3632945987.0, "GH_BUV_TOT_2015": 4009223608.0, "GH_BUV_TOT_2020": 4082576225.0, "GH_BUV_TOT_2025": 4116173668.0, "GH_BUV_TOT_2030": 4133808815.0, "GH_BUV_NRE_1975": 205530063, "GH_BUV_NRE_1980": 209243115, "GH_BUV_NRE_1985": 213426421, "GH_BUV_NRE_1990": 218162441, "GH_BUV_NRE_1995": 219575060, "GH_BUV_NRE_2000": 221143601, "GH_BUV_NRE_2005": 224870884, "GH_BUV_NRE_2010": 229672036, "GH_BUV_NRE_2015": 235027835, "GH_BUV_NRE_2020": 238351959, "GH_BUV_NRE_2025": 239889266, "GH_BUV_NRE_2030": 241913268, "GH_BUV_RES_1975": 2342685414.0, "GH_BUV_RES_1980": 2420789694.0, "GH_BUV_RES_1985": 2518443272.0, "GH_BUV_RES_1990": 2627317632.0, "GH_BUV_RES_1995": 2717680589.0, "GH_BUV_RES_2000": 2830788420.0, "GH_BUV_RES_2005": 3061913011.0, "GH_BUV_RES_2010": 3403273951.0, "GH_BUV_RES_2015": 3774195773.0, "GH_BUV_RES_2020": 3844224266.0, "GH_BUV_RES_2025": 3876284402.0, "GH_BUV_RES_2030": 3891895547.0, "GH_BUT_S11_2020": 34530365, "GH_BUT_S12_2020": 355988970, "GH_BUT_S13_2020": 1924296, "GH_BUT_S21_2020": 816834, "GH_BUT_S22_2020": 19368826, "GH_BUT_S23_2020": 308137, "GH_BUT_V11_2020": 203497857, "GH_BUT_V12_2020": 3592451089.0, "GH_BUT_V13_2020": 54829241, "GH_BUT_V21_2020": 5080272, "GH_BUT_V22_2020": 228372149, "GH_BUT_V23_2020": 8194518, "GH_BUT_P11_2020": 432175.0248, "GH_BUT_P12_2020": 10871559.97, "GH_BUT_P13_2020": 153081.303, "GH_BUT_P21_2020": 2704.1732, "GH_BUT_P22_2020": 263550.1257, "GH_BUT_P23_2020": 7876.349068, "GH_AGE_S75_2025": 58.66127625, "GH_AGE_S85_2025": 4.768680133, "GH_AGE_S95_2025": 5.657665239, "GH_AGE_S05_2025": 7.083074489, "GH_AGE_S15_2025": 20.34780764, "GH_AGE_S25_2025": 3.481496251, "GH_POP_TOT_1975": 2856272.898, "GH_POP_TOT_1980": 3640744.204, "GH_POP_TOT_1985": 4622384.783, "GH_POP_TOT_1990": 5855879.519, "GH_POP_TOT_1995": 6892842.761, "GH_POP_TOT_2000": 7856682.793, "GH_POP_TOT_2005": 8950382.394, "GH_POP_TOT_2010": 9864246.119000001, "GH_POP_TOT_2015": 10762943.96, "GH_POP_TOT_2020": 11730946.95, "GH_POP_TOT_2025": 12846045.23, "GH_POP_TOT_2030": 14057521.53, "GH_POP_CAG_1980": 4.973117123, "GH_POP_CAG_1985": 4.890265716, "GH_POP_CAG_1990": 4.844392499, "GH_POP_CAG_1995": 3.314492747, "GH_POP_CAG_2000": 2.652178281, "GH_POP_CAG_2005": 2.640905382, "GH_POP_CAG_2010": 1.963435951, "GH_POP_CAG_2015": 1.759141856, "GH_POP_CAG_2020": 1.737344656, "GH_POP_CAG_2025": 1.832703836, "GH_XST_A11_1975": 224, "GH_XST_A12_1975": 130, "GH_XST_A13_1975": 12, "GH_XST_A21_1975": 103, "GH_XST_A22_1975": 0, "XST_A23_1975": 30, "XST_A30_1975": 688, "GH_XST_A11_1980": 178, "GH_XST_A12_1980": 118, "GH_XST_A13_1980": 7, "GH_XST_A21_1980": 125, "GH_XST_A22_1980": 0, "XST_A23_1980": 29, "XST_A30_1980": 733, "GH_XST_A11_1985": 123, "GH_XST_A12_1985": 126, "GH_XST_A13_1985": 6, "GH_XST_A21_1985": 121, "GH_XST_A22_1985": 0, "XST_A23_1985": 18, "XST_A30_1985": 796, "GH_XST_A11_1990": 91, "GH_XST_A12_1990": 118, "GH_XST_A13_1990": 8, "GH_XST_A21_1990": 118, "GH_XST_A22_1990": 0, "XST_A23_1990": 23, "XST_A30_1990": 833, "GH_XST_A11_1995": 74, "GH_XST_A12_1995": 111, "GH_XST_A13_1995": 3, "GH_XST_A21_1995": 134, "GH_XST_A22_1995": 0, "XST_A23_1995": 15, "XST_A30_1995": 855, "GH_XST_A11_2000": 61, "GH_XST_A12_2000": 109, "GH_XST_A13_2000": 3, "GH_XST_A21_2000": 129, "GH_XST_A22_2000": 0, "XST_A23_2000": 17, "XST_A30_2000": 873, "GH_XST_A11_2005": 12, "GH_XST_A12_2005": 40, "GH_XST_A13_2005": 0, "GH_XST_A21_2005": 154, "GH_XST_A22_2005": 0, "XST_A23_2005": 19, "XST_A30_2005": 968, "GH_XST_A11_2010": 7, "GH_XST_A12_2010": 13, "GH_XST_A13_2010": 0, "GH_XST_A21_2010": 75, "GH_XST_A22_2010": 0, "XST_A23_2010": 7, "XST_A30_2010": 1092, "GH_XST_A11_2015": 5, "GH_XST_A12_2015": 5, "GH_XST_A13_2015": 0, "GH_XST_A21_2015": 41, "GH_XST_A22_2015": 0, "XST_A23_2015": 2, "XST_A30_2015": 1145, "GH_XST_A11_2020": 3, "GH_XST_A12_2020": 2, "GH_XST_A13_2020": 0, "GH_XST_A21_2020": 22, "GH_XST_A22_2020": 0, "XST_A23_2020": 7, "XST_A30_2020": 1164, "GH_XST_A11_2025": 0, "GH_XST_A12_2025": 0, "GH_XST_A13_2025": 0, "GH_XST_A21_2025": 0, "GH_XST_A22_2025": 0, "XST_A23_2025": 0, "XST_A30_2025": 1199, "GH_XST_S11_1975": 328199, "GH_XST_S12_1975": 2408990, "GH_XST_S13_1975": 1067648, "GH_XST_S21_1975": 6327139, "GH_XST_S22_1975": 0, "GH_XST_S23_1975": 5616277, "GH_XST_S30_1975": 226077051, "GH_XST_S11_1980": 329937, "GH_XST_S12_1980": 1679634, "GH_XST_S13_1980": 381389, "GH_XST_S21_1980": 7809746, "GH_XST_S22_1980": 0, "GH_XST_S23_1980": 5594167, "GH_XST_S30_1980": 234803359, "GH_XST_S11_1985": 209588, "GH_XST_S12_1985": 1487813, "GH_XST_S13_1985": 222150, "GH_XST_S21_1985": 7808838, "GH_XST_S22_1985": 0, "GH_XST_S23_1985": 4201868, "GH_XST_S30_1985": 247658471, "GH_XST_S11_1990": 114011, "GH_XST_S12_1990": 1313357, "GH_XST_S13_1990": 428862, "GH_XST_S21_1990": 7192106, "GH_XST_S22_1990": 0, "GH_XST_S23_1990": 5369958, "GH_XST_S30_1990": 259527824, "GH_XST_S11_1995": 84237, "GH_XST_S12_1995": 1156428, "GH_XST_S13_1995": 147803, "GH_XST_S21_1995": 7812032, "GH_XST_S22_1995": 0, "GH_XST_S23_1995": 3347200, "GH_XST_S30_1995": 271192355, "GH_XST_S11_2000": 67731, "GH_XST_S12_2000": 1106152, "GH_XST_S13_2000": 164405, "GH_XST_S21_2000": 7491763, "GH_XST_S22_2000": 0, "GH_XST_S23_2000": 3923562, "GH_XST_S30_2000": 283307917, "GH_XST_S11_2005": 18226, "GH_XST_S12_2005": 695843, "GH_XST_S13_2005": 0, "GH_XST_S21_2005": 9180383, "GH_XST_S22_2005": 0, "GH_XST_S23_2005": 3805478, "GH_XST_S30_2005": 307855961, "GH_XST_S11_2010": 15451, "GH_XST_S12_2010": 318919, "GH_XST_S13_2010": 0, "GH_XST_S21_2010": 6083655, "GH_XST_S22_2010": 0, "GH_XST_S23_2010": 1113825, "GH_XST_S30_2010": 351897365, "GH_XST_S11_2015": 23044, "GH_XST_S12_2015": 185354, "GH_XST_S13_2015": 0, "GH_XST_S21_2015": 5033583, "GH_XST_S22_2015": 0, "GH_XST_S23_2015": 400227, "GH_XST_S30_2015": 395428709, "GH_XST_S11_2020": 3331, "GH_XST_S12_2020": 46799, "GH_XST_S13_2020": 0, "GH_XST_S21_2020": 2546115, "GH_XST_S22_2020": 0, "GH_XST_S23_2020": 1625340, "GH_XST_S30_2020": 407114819, "GH_XST_S11_2025": 0, "GH_XST_S12_2025": 0, "GH_XST_S13_2025": 0, "GH_XST_S21_2025": 0, "GH_XST_S22_2025": 0, "GH_XST_S23_2025": 0, "GH_XST_S30_2025": 415953313, "GH_XST_V11_1975": 2012113, "GH_XST_V12_1975": 20411011, "GH_XST_V13_1975": 10844299, "GH_XST_V21_1975": 56177626, "GH_XST_V22_1975": 0, "GH_XST_V23_1975": 55525191, "GH_XST_V30_1975": 2403245237.0, "GH_XST_V11_1980": 2012968, "GH_XST_V12_1980": 13676690, "GH_XST_V13_1980": 3367591, "GH_XST_V21_1980": 70944888, "GH_XST_V22_1980": 0, "GH_XST_V23_1980": 55369225, "GH_XST_V30_1980": 2484661447.0, "GH_XST_V11_1985": 1317314, "GH_XST_V12_1985": 11634525, "GH_XST_V13_1985": 1666511, "GH_XST_V21_1985": 69152807, "GH_XST_V22_1985": 0, "GH_XST_V23_1985": 42061818, "GH_XST_V30_1985": 2606036718.0, "GH_XST_V11_1990": 682098, "GH_XST_V12_1990": 9981630, "GH_XST_V13_1990": 3340477, "GH_XST_V21_1990": 64023473, "GH_XST_V22_1990": 0, "GH_XST_V23_1990": 52049443, "GH_XST_V30_1990": 2715402952.0, "GH_XST_V11_1995": 485573, "GH_XST_V12_1995": 8603502, "GH_XST_V13_1995": 1265783, "GH_XST_V21_1995": 68801613, "GH_XST_V22_1995": 0, "GH_XST_V23_1995": 33146006, "GH_XST_V30_1995": 2824953172.0, "GH_XST_V11_2000": 372934, "GH_XST_V12_2000": 8048137, "GH_XST_V13_2000": 1328130, "GH_XST_V21_2000": 64925231, "GH_XST_V22_2000": 0, "GH_XST_V23_2000": 38413466, "GH_XST_V30_2000": 2938844123.0, "GH_XST_V11_2005": 71855, "GH_XST_V12_2005": 4181430, "GH_XST_V13_2005": 0, "GH_XST_V21_2005": 77536609, "GH_XST_V22_2005": 0, "GH_XST_V23_2005": 36641984, "GH_XST_V30_2005": 3168352017.0, "GH_XST_V11_2010": 63016, "GH_XST_V12_2010": 1394146, "GH_XST_V13_2010": 0, "GH_XST_V21_2010": 45965719, "GH_XST_V22_2010": 0, "GH_XST_V23_2010": 9580004, "GH_XST_V30_2010": 3575943102.0, "GH_XST_V11_2015": 87138, "GH_XST_V12_2015": 797010, "GH_XST_V13_2015": 0, "GH_XST_V21_2015": 35809167, "GH_XST_V22_2015": 0, "GH_XST_V23_2015": 2882574, "GH_XST_V30_2015": 3969647719.0, "GH_XST_V11_2020": 9697, "GH_XST_V12_2020": 149292, "GH_XST_V13_2020": 0, "GH_XST_V21_2020": 15559059, "GH_XST_V22_2020": 0, "GH_XST_V23_2020": 11755412, "GH_XST_V30_2020": 4055102765.0, "GH_XST_V11_2025": 0, "GH_XST_V12_2025": 0, "GH_XST_V13_2025": 0, "GH_XST_V21_2025": 0, "GH_XST_V22_2025": 0, "GH_XST_V23_2025": 0, "GH_XST_V30_2025": 4116173668.0, "GH_XST_P11_1975": 2175.952377, "GH_XST_P12_1975": 18935.19211, "GH_XST_P13_1975": 7769.503384, "GH_XST_P21_1975": 71537.2537, "GH_XST_P22_1975": 0.0, "GH_XST_P23_1975": 104616.8252, "GH_XST_P30_1975": 2651238.171, "GH_XST_P11_1980": 2616.897234, "GH_XST_P12_1980": 16844.30517, "GH_XST_P13_1980": 3789.728841, "GH_XST_P21_1980": 89453.53654, "GH_XST_P22_1980": 0.0, "GH_XST_P23_1980": 110386.5115, "GH_XST_P30_1980": 3417653.225, "GH_XST_P11_1985": 1806.611759, "GH_XST_P12_1985": 18534.94095, "GH_XST_P13_1985": 4040.034759, "GH_XST_P21_1985": 87430.64933, "GH_XST_P22_1985": 0.0, "GH_XST_P23_1985": 59604.54422, "GH_XST_P30_1985": 4450968.002, "GH_XST_P11_1990": 1191.563589, "GH_XST_P12_1990": 17188.08022, "GH_XST_P13_1990": 5728.958063, "GH_XST_P21_1990": 97605.95143, "GH_XST_P22_1990": 0.0, "GH_XST_P23_1990": 71423.42695, "GH_XST_P30_1990": 5662741.539, "GH_XST_P11_1995": 1013.284903, "GH_XST_P12_1995": 15609.11426, "GH_XST_P13_1995": 3010.449424, "GH_XST_P21_1995": 111149.7236, "GH_XST_P22_1995": 0.0, "GH_XST_P23_1995": 28226.30749, "GH_XST_P30_1995": 6733833.881, "GH_XST_P11_2000": 770.0010871, "GH_XST_P12_2000": 15498.75055, "GH_XST_P13_2000": 3167.997658, "GH_XST_P21_2000": 107626.2007, "GH_XST_P22_2000": 0.0, "GH_XST_P23_2000": 36511.5485, "GH_XST_P30_2000": 7693108.295, "GH_XST_P11_2005": 141.1257421, "GH_XST_P12_2005": 7167.421269, "GH_XST_P13_2005": 0.0, "GH_XST_P21_2005": 135814.3971, "GH_XST_P22_2005": 0.0, "GH_XST_P23_2005": 44698.39153, "GH_XST_P30_2005": 8762561.059, "GH_XST_P11_2010": 101.9739593, "GH_XST_P12_2010": 2029.667751, "GH_XST_P13_2010": 0.0, "GH_XST_P21_2010": 70844.86425, "GH_XST_P22_2010": 0.0, "GH_XST_P23_2010": 15743.54308, "GH_XST_P30_2010": 9775526.07, "GH_XST_P11_2015": 105.3835378, "GH_XST_P12_2015": 941.3083013, "GH_XST_P13_2015": 0.0, "GH_XST_P21_2015": 47859.03658, "GH_XST_P22_2015": 0, "GH_XST_P23_2015": 7188.513702, "GH_XST_P30_2015": 10706849.72, "GH_XST_P11_2020": 33.44307406, "GH_XST_P12_2020": 163.0947501, "GH_XST_P13_2020": 0.0, "GH_XST_P21_2020": 25091.00396, "GH_XST_P22_2020": 0, "GH_XST_P23_2020": 18656.56022, "GH_XST_P30_2020": 11687002.85, "GH_XST_P11_2025": 0, "GH_XST_P12_2025": 0, "GH_XST_P13_2025": 0, "GH_XST_P21_2025": 0, "GH_XST_P22_2025": 0, "GH_XST_P23_2025": 0, "GH_XST_P30_2025": 12846045.23, "GH_XST_D11_1975": 10.02805413, "GH_XST_D12_1975": 150.5828716, "GH_XST_D13_1975": 720.0326235, "GH_XST_D21_1975": 723.1093953, "GH_XST_D22_1975": 0.0, "GH_XST_D23_1975": 3487.227507, "GH_XST_D30_1975": 4040.866514, "GH_XST_D11_1980": 15.2436194, "GH_XST_D12_1980": 146.1844922, "GH_XST_D13_1980": 576.8446867, "GH_XST_D21_1980": 741.9864652, "GH_XST_D22_1980": 0.0, "GH_XST_D23_1980": 3806.431432, "GH_XST_D30_1980": 4909.588863, "GH_XST_D11_1985": 15.11200097, "GH_XST_D12_1985": 151.3670212, "GH_XST_D13_1985": 673.3840187, "GH_XST_D21_1985": 759.7522099, "GH_XST_D22_1985": 0.0, "GH_XST_D23_1985": 3311.616906, "GH_XST_D30_1985": 5871.441506, "GH_XST_D11_1990": 13.54796118, "GH_XST_D12_1990": 149.5339039, "GH_XST_D13_1990": 716.1555656, "GH_XST_D21_1990": 862.6414597, "GH_XST_D22_1990": 0.0, "GH_XST_D23_1990": 3339.105049, "GH_XST_D30_1990": 7134.418644, "GH_XST_D11_1995": 14.23314755, "GH_XST_D12_1995": 145.7079775, "GH_XST_D13_1995": 1003.483141, "GH_XST_D21_1995": 856.3389799, "GH_XST_D22_1995": 0.0, "GH_XST_D23_1995": 2108.015419, "GH_XST_D30_1995": 8263.861734, "GH_XST_D11_2000": 12.9996453, "GH_XST_D12_2000": 148.2923066, "GH_XST_D13_2000": 1055.999219, "GH_XST_D21_2000": 865.1859619000001, "GH_XST_D22_2000": 0.0, "GH_XST_D23_2000": 2372.825335, "GH_XST_D30_2000": 9237.351869, "GH_XST_D11_2005": 12.128065, "GH_XST_D12_2005": 190.0990568, "GH_XST_D13_2005": 0.0, "GH_XST_D21_2005": 904.5362892000001, "GH_XST_D22_2005": 0.0, "GH_XST_D23_2005": 2526.942817, "GH_XST_D30_2005": 9501.841159, "GH_XST_D11_2010": 15.366098, "GH_XST_D12_2010": 174.1249754, "GH_XST_D13_2010": 0.0, "GH_XST_D21_2010": 970.3735631, "GH_XST_D22_2010": 0.0, "GH_XST_D23_2010": 2249.077582, "GH_XST_D30_2010": 9389.206953000001, "GH_XST_D11_2015": 21.61570822, "GH_XST_D12_2015": 254.3585647, "GH_XST_D13_2015": 0.0, "GH_XST_D21_2015": 1170.918596, "GH_XST_D22_2015": 0, "GH_XST_D23_2015": 3594.256851, "GH_XST_D30_2015": 9839.536385, "GH_XST_D11_2020": 11.63107091, "GH_XST_D12_2020": 81.54737504000001, "GH_XST_D13_2020": 0.0, "GH_XST_D21_2020": 1151.353836, "GH_XST_D22_2020": 0, "GH_XST_D23_2020": 2665.222889, "GH_XST_D30_2020": 10567.60856, "GH_XST_D11_2025": 0, "GH_XST_D12_2025": 0, "GH_XST_D13_2025": 0, "GH_XST_D21_2025": 0, "GH_XST_D22_2025": 0, "GH_XST_D23_2025": 0, "GH_XST_D30_2025": 11272.29575, "GH_L30_2025": 1139.612153, "GH_W30_2025": 59.387847 }, "geometry": { "type": "Point", "coordinates": [ 3.311992093921498, 6.58008481262983 ] } },
{ "type": "Feature", "properties": { "fid": 1677, "ID_UC_G0": 1711, "GC_UCN_MAI_2025": "Kampala", "GC_CNT_GAD_2025": "Uganda", "GC_UCA_KM2_2025": 810, "GC_POP_TOT_2025": 5177877.659, "GC_DEV_WIG_2025": "Low income", "GC_DEV_USR_2025": "Sub-Saharan Africa", "GH_BUS_TOT_1975": 55830185, "GH_BUS_TOT_1980": 63997937, "GH_BUS_TOT_1985": 75021291, "GH_BUS_TOT_1990": 87491529, "GH_BUS_TOT_1995": 102603460, "GH_BUS_TOT_2000": 119249651, "GH_BUS_TOT_2005": 131236308, "GH_BUS_TOT_2010": 145524215, "GH_BUS_TOT_2015": 159408771, "GH_BUS_TOT_2020": 163802820, "GH_BUS_TOT_2025": 166706125, "GH_BUS_TOT_2030": 167814581, "GH_BUS_NRE_1975": 3243947, "GH_BUS_NRE_1980": 3461841, "GH_BUS_NRE_1985": 3716797, "GH_BUS_NRE_1990": 3996019, "GH_BUS_NRE_1995": 4364375, "GH_BUS_NRE_2000": 4761124, "GH_BUS_NRE_2005": 5050447, "GH_BUS_NRE_2010": 5441326, "GH_BUS_NRE_2015": 5853347, "GH_BUS_NRE_2020": 6412556, "GH_BUS_NRE_2025": 6704790, "GH_BUS_NRE_2030": 6854821, "GH_BUS_RES_1975": 52586238, "GH_BUS_RES_1980": 60536096, "GH_BUS_RES_1985": 71304494, "GH_BUS_RES_1990": 83495510, "GH_BUS_RES_1995": 98239085, "GH_BUS_RES_2000": 114488527, "GH_BUS_RES_2005": 126185861, "GH_BUS_RES_2010": 140082889, "GH_BUS_RES_2015": 153555424, "GH_BUS_RES_2020": 157390264, "GH_BUS_RES_2025": 160001335, "GH_BUS_RES_2030": 160959760, "GH_BPC_TOT_1975": 71.85394144, "GH_BPC_TOT_1980": 71.50017625, "GH_BPC_TOT_1985": 68.46557649, "GH_BPC_TOT_1990": 65.23328635, "GH_BPC_TOT_1995": 62.19801574, "GH_BPC_TOT_2000": 59.19224705, "GH_BPC_TOT_2005": 53.3908926, "GH_BPC_TOT_2010": 48.65808998, "GH_BPC_TOT_2015": 43.96934973, "GH_BPC_TOT_2020": 38.10998157, "GH_BPC_TOT_2025": 32.19584084, "GH_BPC_TOT_2030": 27.21136542, "GH_BPC_NRE_1975": 4.174988454, "GH_BPC_NRE_1980": 3.867659697, "GH_BPC_NRE_1985": 3.392005735, "GH_BPC_NRE_1990": 2.979413603, "GH_BPC_NRE_1995": 2.645675545, "GH_BPC_NRE_2000": 2.363291009, "GH_BPC_NRE_2005": 2.054674331, "GH_BPC_NRE_2010": 1.819384699, "GH_BPC_NRE_2015": 1.614515059, "GH_BPC_NRE_2020": 1.491930304, "GH_BPC_NRE_2025": 1.294891545, "GH_BPC_NRE_2030": 1.111518666, "GH_BPC_RES_1975": 67.67895298000001, "GH_BPC_RES_1980": 67.63251655000001, "GH_BPC_RES_1985": 65.07357075, "GH_BPC_RES_1990": 62.25387274, "GH_BPC_RES_1995": 59.5523402, "GH_BPC_RES_2000": 56.82895604, "GH_BPC_RES_2005": 51.33621827, "GH_BPC_RES_2010": 46.83870528, "GH_BPC_RES_2015": 42.35483467, "GH_BPC_RES_2020": 36.61805127, "GH_BPC_RES_2025": 30.9009493, "GH_BPC_RES_2030": 26.09984676, "GH_BUH_AVG_2020": 6.447377024, "GH_BUH_STD_2020": 2.63154924, "GH_BUH_MAX_2020": 45.38683701, "GH_BUV_TOT_1975": 474314566.0, "GH_BUV_TOT_1980": 536703602.0, "GH_BUV_TOT_1985": 618647238.0, "GH_BUV_TOT_1990": 709548401.0, "GH_BUV_TOT_1995": 827315457.0, "GH_BUV_TOT_2000": 954531899.0, "GH_BUV_TOT_2005": 1033863975.0, "GH_BUV_TOT_2010": 1125152835.0, "GH_BUV_TOT_2015": 1211044129.0, "GH_BUV_TOT_2020": 1232899473.0, "GH_BUV_TOT_2025": 1246602307.0, "GH_BUV_TOT_2030": 1252294396.0, "GH_BUV_NRE_1975": 32464010, "GH_BUV_NRE_1980": 34361403, "GH_BUV_NRE_1985": 36581238, "GH_BUV_NRE_1990": 38964336, "GH_BUV_NRE_1995": 42322888, "GH_BUV_NRE_2000": 45909885, "GH_BUV_NRE_2005": 48407088, "GH_BUV_NRE_2010": 51713107, "GH_BUV_NRE_2015": 55051594, "GH_BUV_NRE_2020": 59037433, "GH_BUV_NRE_2025": 60772144, "GH_BUV_NRE_2030": 61690295, "GH_BUV_RES_1975": 441850556.0, "GH_BUV_RES_1980": 502342199.0, "GH_BUV_RES_1985": 582066000.0, "GH_BUV_RES_1990": 670584065.0, "GH_BUV_RES_1995": 784992569.0, "GH_BUV_RES_2000": 908622014.0, "GH_BUV_RES_2005": 985456887.0, "GH_BUV_RES_2010": 1073439728.0, "GH_BUV_RES_2015": 1155992535.0, "GH_BUV_RES_2020": 1173862040.0, "GH_BUV_RES_2025": 1185830163.0, "GH_BUV_RES_2030": 1190604101.0, "GH_BUT_S11_2020": 67885293, "GH_BUT_S12_2020": 92611690, "GH_BUT_S13_2020": 142370, "GH_BUT_S21_2020": 1625610, "GH_BUT_S22_2020": 5425637, "GH_BUT_S23_2020": 90429, "GH_BUT_V11_2020": 376944967, "GH_BUT_V12_2020": 838312218.0, "GH_BUT_V13_2020": 3723109, "GH_BUT_V21_2020": 9354313, "GH_BUT_V22_2020": 57252365, "GH_BUT_V23_2020": 2429167, "GH_BUT_P11_2020": 1349361.399, "GH_BUT_P12_2020": 2901350.818, "GH_BUT_P13_2020": 5503.07436, "GH_BUT_P21_2020": 6619.813079, "GH_BUT_P22_2020": 33811.13524, "GH_BUT_P23_2020": 1514.326374, "GH_AGE_S75_2025": 34.37280844, "GH_AGE_S85_2025": 10.85908991, "GH_AGE_S95_2025": 20.68528316, "GH_AGE_S05_2025": 16.32926385, "GH_AGE_S15_2025": 13.54259179, "GH_AGE_S25_2025": 4.210962855, "GH_POP_TOT_1975": 776995.4422, "GH_POP_TOT_1980": 895073.8356, "GH_POP_TOT_1985": 1095751.98, "GH_POP_TOT_1990": 1341209.893, "GH_POP_TOT_1995": 1649625.937, "GH_POP_TOT_2000": 2014616.051, "GH_POP_TOT_2005": 2458027.982, "GH_POP_TOT_2010": 2990750.666, "GH_POP_TOT_2015": 3625452.093, "GH_POP_TOT_2020": 4298160.567, "GH_POP_TOT_2025": 5177877.659, "GH_POP_TOT_2030": 6167076.822, "GH_POP_CAG_1980": 2.869843278, "GH_POP_CAG_1985": 4.128756086, "GH_POP_CAG_1990": 4.125451321, "GH_POP_CAG_1995": 4.226401974, "GH_POP_CAG_2000": 4.078581054, "GH_POP_CAG_2005": 4.058822337, "GH_POP_CAG_2010": 4.001278248, "GH_POP_CAG_2015": 3.924128807, "GH_POP_CAG_2020": 3.46276795, "GH_POP_CAG_2025": 3.794377809, "GH_XST_A11_1975": 239, "GH_XST_A12_1975": 236, "GH_XST_A13_1975": 17, "GH_XST_A21_1975": 114, "GH_XST_A22_1975": 0, "XST_A23_1975": 9, "XST_A30_1975": 190, "GH_XST_A11_1980": 137, "GH_XST_A12_1980": 278, "GH_XST_A13_1980": 12, "GH_XST_A21_1980": 161, "GH_XST_A22_1980": 10, "XST_A23_1980": 10, "XST_A30_1980": 197, "GH_XST_A11_1985": 81, "GH_XST_A12_1985": 256, "GH_XST_A13_1985": 7, "GH_XST_A21_1985": 222, "GH_XST_A22_1985": 7, "XST_A23_1985": 17, "XST_A30_1985": 218, "GH_XST_A11_1990": 53, "GH_XST_A12_1990": 212, "GH_XST_A13_1990": 1, "GH_XST_A21_1990": 267, "GH_XST_A22_1990": 0, "XST_A23_1990": 34, "XST_A30_1990": 241, "GH_XST_A11_1995": 37, "GH_XST_A12_1995": 163, "GH_XST_A13_1995": 2, "GH_XST_A21_1995": 280, "GH_XST_A22_1995": 0, "XST_A23_1995": 41, "XST_A30_1995": 285, "GH_XST_A11_2000": 28, "GH_XST_A12_2000": 116, "GH_XST_A13_2000": 0, "GH_XST_A21_2000": 252, "GH_XST_A22_2000": 0, "XST_A23_2000": 45, "XST_A30_2000": 367, "GH_XST_A11_2005": 16, "GH_XST_A12_2005": 62, "GH_XST_A13_2005": 0, "GH_XST_A21_2005": 243, "GH_XST_A22_2005": 0, "XST_A23_2005": 55, "XST_A30_2005": 432, "GH_XST_A11_2010": 9, "GH_XST_A12_2010": 27, "GH_XST_A13_2010": 0, "GH_XST_A21_2010": 182, "GH_XST_A22_2010": 0, "XST_A23_2010": 6, "XST_A30_2010": 584, "GH_XST_A11_2015": 3, "GH_XST_A12_2015": 9, "GH_XST_A13_2015": 0, "GH_XST_A21_2015": 110, "GH_XST_A22_2015": 0, "XST_A23_2015": 13, "XST_A30_2015": 673, "GH_XST_A11_2020": 2, "GH_XST_A12_2020": 2, "GH_XST_A13_2020": 0, "GH_XST_A21_2020": 44, "GH_XST_A22_2020": 0, "XST_A23_2020": 7, "XST_A30_2020": 754, "GH_XST_A11_2025": 0, "GH_XST_A12_2025": 0, "GH_XST_A13_2025": 0, "GH_XST_A21_2025": 0, "GH_XST_A22_2025": 0, "XST_A23_2025": 0, "XST_A30_2025": 810, "GH_XST_S11_1975": 1112976, "GH_XST_S12_1975": 4246305, "GH_XST_S13_1975": 1401634, "GH_XST_S21_1975": 8975427, "GH_XST_S22_1975": 0, "GH_XST_S23_1975": 1118949, "GH_XST_S30_1975": 38974894, "GH_XST_S11_1980": 768542, "GH_XST_S12_1980": 5558944, "GH_XST_S13_1980": 555108, "GH_XST_S21_1980": 12349421, "GH_XST_S22_1980": 1114516, "GH_XST_S23_1980": 1265698, "GH_XST_S30_1980": 42385708, "GH_XST_S11_1985": 435584, "GH_XST_S12_1985": 5975005, "GH_XST_S13_1985": 626482, "GH_XST_S21_1985": 16519167, "GH_XST_S22_1985": 314252, "GH_XST_S23_1985": 2551777, "GH_XST_S30_1985": 48599024, "GH_XST_S11_1990": 226880, "GH_XST_S12_1990": 5720043, "GH_XST_S13_1990": 35940, "GH_XST_S21_1990": 20052085, "GH_XST_S22_1990": 0, "GH_XST_S23_1990": 5024777, "GH_XST_S30_1990": 56431804, "GH_XST_S11_1995": 143462, "GH_XST_S12_1995": 4596328, "GH_XST_S13_1995": 104341, "GH_XST_S21_1995": 21364653, "GH_XST_S22_1995": 0, "GH_XST_S23_1995": 8081897, "GH_XST_S30_1995": 68312779, "GH_XST_S11_2000": 103266, "GH_XST_S12_2000": 3190132, "GH_XST_S13_2000": 0, "GH_XST_S21_2000": 19154853, "GH_XST_S22_2000": 0, "GH_XST_S23_2000": 8811230, "GH_XST_S30_2000": 87990170, "GH_XST_S11_2005": 41263, "GH_XST_S12_2005": 1602992, "GH_XST_S13_2005": 0, "GH_XST_S21_2005": 18280046, "GH_XST_S22_2005": 0, "GH_XST_S23_2005": 10318086, "GH_XST_S30_2005": 100993921, "GH_XST_S11_2010": 7813, "GH_XST_S12_2010": 572573, "GH_XST_S13_2010": 0, "GH_XST_S21_2010": 14701025, "GH_XST_S22_2010": 0, "GH_XST_S23_2010": 1178009, "GH_XST_S30_2010": 129064795, "GH_XST_S11_2015": 829, "GH_XST_S12_2015": 292935, "GH_XST_S13_2015": 0, "GH_XST_S21_2015": 9722624, "GH_XST_S22_2015": 0, "GH_XST_S23_2015": 2331818, "GH_XST_S30_2015": 147060565, "GH_XST_S11_2020": 54, "GH_XST_S12_2020": 23343, "GH_XST_S13_2020": 0, "GH_XST_S21_2020": 3632225, "GH_XST_S22_2020": 0, "GH_XST_S23_2020": 946968, "GH_XST_S30_2020": 159200230, "GH_XST_S11_2025": 0, "GH_XST_S12_2025": 0, "GH_XST_S13_2025": 0, "GH_XST_S21_2025": 0, "GH_XST_S22_2025": 0, "GH_XST_S23_2025": 0, "GH_XST_S30_2025": 166706125, "GH_XST_V11_1975": 4872240, "GH_XST_V12_1975": 27528995, "GH_XST_V13_1975": 10551017, "GH_XST_V21_1975": 70214394, "GH_XST_V22_1975": 0, "GH_XST_V23_1975": 8953737, "GH_XST_V30_1975": 352194183.0, "GH_XST_V11_1980": 3053160, "GH_XST_V12_1980": 33056565, "GH_XST_V13_1980": 4263664, "GH_XST_V21_1980": 96784307, "GH_XST_V22_1980": 8181460, "GH_XST_V23_1980": 10147304, "GH_XST_V30_1980": 381217142.0, "GH_XST_V11_1985": 1550175, "GH_XST_V12_1985": 31428442, "GH_XST_V13_1985": 4356496, "GH_XST_V21_1985": 123770259, "GH_XST_V22_1985": 2424510, "GH_XST_V23_1985": 20142376, "GH_XST_V30_1985": 434974980.0, "GH_XST_V11_1990": 771446, "GH_XST_V12_1990": 26658411, "GH_XST_V13_1990": 234002, "GH_XST_V21_1990": 142050714, "GH_XST_V22_1990": 0, "GH_XST_V23_1990": 38974223, "GH_XST_V30_1990": 500859605.0, "GH_XST_V11_1995": 467975, "GH_XST_V12_1995": 19882522, "GH_XST_V13_1995": 526019, "GH_XST_V21_1995": 143290326, "GH_XST_V22_1995": 0, "GH_XST_V23_1995": 61733695, "GH_XST_V30_1995": 601414920.0, "GH_XST_V11_2000": 305464, "GH_XST_V12_2000": 12394813, "GH_XST_V13_2000": 0, "GH_XST_V21_2000": 114605800, "GH_XST_V22_2000": 0, "GH_XST_V23_2000": 66301497, "GH_XST_V30_2000": 760924325.0, "GH_XST_V11_2005": 117487, "GH_XST_V12_2005": 5750385, "GH_XST_V13_2005": 0, "GH_XST_V21_2005": 96695244, "GH_XST_V22_2005": 0, "GH_XST_V23_2005": 76196685, "GH_XST_V30_2005": 855104174.0, "GH_XST_V11_2010": 20852, "GH_XST_V12_2010": 1733843, "GH_XST_V13_2010": 0, "GH_XST_V21_2010": 69186617, "GH_XST_V22_2010": 0, "GH_XST_V23_2010": 8607433, "GH_XST_V30_2010": 1045604090.0, "GH_XST_V11_2015": 2076, "GH_XST_V12_2015": 1275284, "GH_XST_V13_2015": 0, "GH_XST_V21_2015": 40415401, "GH_XST_V22_2015": 0, "GH_XST_V23_2015": 15882281, "GH_XST_V30_2015": 1153469087.0, "GH_XST_V11_2020": 136, "GH_XST_V12_2020": 64675, "GH_XST_V13_2020": 0, "GH_XST_V21_2020": 12480601, "GH_XST_V22_2020": 0, "GH_XST_V23_2020": 4574418, "GH_XST_V30_2020": 1215779643.0, "GH_XST_V11_2025": 0, "GH_XST_V12_2025": 0, "GH_XST_V13_2025": 0, "GH_XST_V21_2025": 0, "GH_XST_V22_2025": 0, "GH_XST_V23_2025": 0, "GH_XST_V30_2025": 1246602307.0, "GH_XST_P11_1975": 5127.846572, "GH_XST_P12_1975": 32903.07652, "GH_XST_P13_1975": 10692.61486, "GH_XST_P21_1975": 74213.63375, "GH_XST_P22_1975": 0.0, "GH_XST_P23_1975": 35026.41491, "GH_XST_P30_1975": 619031.8556, "GH_XST_P11_1980": 3278.622262, "GH_XST_P12_1980": 39844.71696, "GH_XST_P13_1980": 9096.217735, "GH_XST_P21_1980": 110511.3969, "GH_XST_P22_1980": 5540.270468, "GH_XST_P23_1980": 35696.62552, "GH_XST_P30_1980": 691105.9858, "GH_XST_P11_1985": 1835.220005, "GH_XST_P12_1985": 37848.3023, "GH_XST_P13_1985": 3934.868643, "GH_XST_P21_1985": 158059.2164, "GH_XST_P22_1985": 6821.071618, "GH_XST_P23_1985": 47718.67231, "GH_XST_P30_1985": 839534.6288, "GH_XST_P11_1990": 985.0420773, "GH_XST_P12_1990": 34161.27349, "GH_XST_P13_1990": 518.1217799, "GH_XST_P21_1990": 193227.5437, "GH_XST_P22_1990": 0.0, "GH_XST_P23_1990": 83927.21062, "GH_XST_P30_1990": 1028390.702, "GH_XST_P11_1995": 631.7057505, "GH_XST_P12_1995": 27524.72525, "GH_XST_P13_1995": 663.0158169, "GH_XST_P21_1995": 218831.3172, "GH_XST_P22_1995": 0.0, "GH_XST_P23_1995": 85434.99501, "GH_XST_P30_1995": 1316540.178, "GH_XST_P11_2000": 434.9116205, "GH_XST_P12_2000": 19806.44674, "GH_XST_P13_2000": 0.0, "GH_XST_P21_2000": 191323.8476, "GH_XST_P22_2000": 0.0, "GH_XST_P23_2000": 102053.3423, "GH_XST_P30_2000": 1700997.503, "GH_XST_P11_2005": 206.1663854, "GH_XST_P12_2005": 10621.94785, "GH_XST_P13_2005": 0.0, "GH_XST_P21_2005": 190808.7407, "GH_XST_P22_2005": 0.0, "GH_XST_P23_2005": 142257.3809, "GH_XST_P30_2005": 2114133.746, "GH_XST_P11_2010": 46.77501918, "GH_XST_P12_2010": 4100.56019, "GH_XST_P13_2010": 0.0, "GH_XST_P21_2010": 154428.4955, "GH_XST_P22_2010": 0.0, "GH_XST_P23_2010": 15517.25764, "GH_XST_P30_2010": 2816657.577, "GH_XST_P11_2015": 6.311172672, "GH_XST_P12_2015": 1454.642376, "GH_XST_P13_2015": 0.0, "GH_XST_P21_2015": 107556.2823, "GH_XST_P22_2015": 0, "GH_XST_P23_2015": 37913.81136, "GH_XST_P30_2015": 3478521.046, "GH_XST_P11_2020": 0.515070753, "GH_XST_P12_2020": 234.3799471, "GH_XST_P13_2020": 0.0, "GH_XST_P21_2020": 46461.10703, "GH_XST_P22_2020": 0, "GH_XST_P23_2020": 17206.35255, "GH_XST_P30_2020": 4234258.212, "GH_XST_P11_2025": 0, "GH_XST_P12_2025": 0, "GH_XST_P13_2025": 0, "GH_XST_P21_2025": 0, "GH_XST_P22_2025": 0, "GH_XST_P23_2025": 0, "GH_XST_P30_2025": 5177877.659, "GH_XST_D11_1975": 22.8761598, "GH_XST_D12_1975": 141.0827292, "GH_XST_D13_1975": 629.7501224, "GH_XST_D21_1975": 660.3074584, "GH_XST_D22_1975": 0.0, "GH_XST_D23_1975": 3891.947556, "GH_XST_D30_1975": 3265.815134, "GH_XST_D11_1980": 26.0697497, "GH_XST_D12_1980": 146.5690452, "GH_XST_D13_1980": 758.0181446, "GH_XST_D21_1980": 693.934524, "GH_XST_D22_1980": 555.3253976, "GH_XST_D23_1980": 3569.764647, "GH_XST_D30_1980": 3517.923181, "GH_XST_D11_1985": 26.61650742, "GH_XST_D12_1985": 152.2563768, "GH_XST_D13_1985": 562.1240919000001, "GH_XST_D21_1985": 719.3667999, "GH_XST_D22_1985": 974.4388026, "GH_XST_D23_1985": 2807.256661, "GH_XST_D30_1985": 3861.358403, "GH_XST_D11_1990": 23.22872343, "GH_XST_D12_1990": 166.1714049, "GH_XST_D13_1990": 518.1217799, "GH_XST_D21_1990": 734.569996, "GH_XST_D22_1990": 0.0, "GH_XST_D23_1990": 2520.274897, "GH_XST_D30_1990": 4278.955779, "GH_XST_D11_1995": 22.19729234, "GH_XST_D12_1995": 176.6325234, "GH_XST_D13_1995": 331.5079085, "GH_XST_D21_1995": 797.5520188, "GH_XST_D22_1995": 0.0, "GH_XST_D23_1995": 2089.147999, "GH_XST_D30_1995": 4633.936548, "GH_XST_D11_2000": 20.85412055, "GH_XST_D12_2000": 183.6250322, "GH_XST_D13_2000": 0.0, "GH_XST_D21_2000": 775.0838343, "GH_XST_D22_2000": 0.0, "GH_XST_D23_2000": 2304.142241, "GH_XST_D30_2000": 4649.841525, "GH_XST_D11_2005": 19.25381141, "GH_XST_D12_2005": 190.5278743, "GH_XST_D13_2005": 0.0, "GH_XST_D21_2005": 814.9415084, "GH_XST_D22_2005": 0.0, "GH_XST_D23_2005": 2621.030869, "GH_XST_D30_2005": 4907.463697, "GH_XST_D11_2010": 10.3365708, "GH_XST_D12_2010": 172.9043812, "GH_XST_D13_2010": 0.0, "GH_XST_D21_2010": 884.3213259, "GH_XST_D22_2010": 0.0, "GH_XST_D23_2010": 2586.209606, "GH_XST_D30_2010": 4883.243587, "GH_XST_D11_2015": 6.331109335, "GH_XST_D12_2015": 200.0402346, "GH_XST_D13_2015": 0.0, "GH_XST_D21_2015": 1014.629894, "GH_XST_D22_2015": 0, "GH_XST_D23_2015": 2916.893088, "GH_XST_D30_2015": 5283.303576, "GH_XST_D11_2020": 0.676987116, "GH_XST_D12_2020": 189.6242603, "GH_XST_D13_2020": 0.0, "GH_XST_D21_2020": 1089.15629, "GH_XST_D22_2020": 0, "GH_XST_D23_2020": 2669.508211, "GH_XST_D30_2020": 5764.262279, "GH_XST_D11_2025": 0, "GH_XST_D12_2025": 0, "GH_XST_D13_2025": 0, "GH_XST_D21_2025": 0, "GH_XST_D22_2025": 0, "GH_XST_D23_2025": 0, "GH_XST_D30_2025": 6589.799375, "GH_L30_2025": 785.74132, "GH_W30_2025": 24.25868 }, "geometry": { "type": "Point", "coordinates": [ 32.569235416482769, 0.309729844513834 ] } },
{ "type": "Feature", "properties": { "fid": 1682, "ID_UC_G0": 1717, "GC_UCN_MAI_2025": "Nairobi", "GC_CNT_GAD_2025": "Kenya", "GC_UCA_KM2_2025": 598, "GC_POP_TOT_2025": 6646256.557, "GC_DEV_WIG_2025": "Lower Middle", "GC_DEV_USR_2025": "Sub-Saharan Africa", "GH_BUS_TOT_1975": 58142614, "GH_BUS_TOT_1980": 64332351, "GH_BUS_TOT_1985": 72601493, "GH_BUS_TOT_1990": 82207921, "GH_BUS_TOT_1995": 91600383, "GH_BUS_TOT_2000": 102378652, "GH_BUS_TOT_2005": 106870084, "GH_BUS_TOT_2010": 112222035, "GH_BUS_TOT_2015": 117801000, "GH_BUS_TOT_2020": 121083388, "GH_BUS_TOT_2025": 123504490, "GH_BUS_TOT_2030": 125331171, "GH_BUS_NRE_1975": 4197691, "GH_BUS_NRE_1980": 4379219, "GH_BUS_NRE_1985": 4602020, "GH_BUS_NRE_1990": 4872508, "GH_BUS_NRE_1995": 5256766, "GH_BUS_NRE_2000": 5705897, "GH_BUS_NRE_2005": 5839123, "GH_BUS_NRE_2010": 5987942, "GH_BUS_NRE_2015": 6176525, "GH_BUS_NRE_2020": 6294821, "GH_BUS_NRE_2025": 6425191, "GH_BUS_NRE_2030": 6545487, "GH_BUS_RES_1975": 53944923, "GH_BUS_RES_1980": 59953132, "GH_BUS_RES_1985": 67999473, "GH_BUS_RES_1990": 77335413, "GH_BUS_RES_1995": 86343617, "GH_BUS_RES_2000": 96672755, "GH_BUS_RES_2005": 101030961, "GH_BUS_RES_2010": 106234093, "GH_BUS_RES_2015": 111624475, "GH_BUS_RES_2020": 114788567, "GH_BUS_RES_2025": 117079299, "GH_BUS_RES_2030": 118785684, "GH_BPC_TOT_1975": 67.27098081, "GH_BPC_TOT_1980": 59.69571448, "GH_BPC_TOT_1985": 53.54396294, "GH_BPC_TOT_1990": 47.51498381, "GH_BPC_TOT_1995": 41.63166994, "GH_BPC_TOT_2000": 36.75987903, "GH_BPC_TOT_2005": 32.12191551, "GH_BPC_TOT_2010": 28.53286878, "GH_BPC_TOT_2015": 25.02041949, "GH_BPC_TOT_2020": 21.58662094, "GH_BPC_TOT_2025": 18.58256433, "GH_BPC_TOT_2030": 15.83362229, "GH_BPC_NRE_1975": 4.856726784, "GH_BPC_NRE_1980": 4.063594801, "GH_BPC_NRE_1985": 3.394012687, "GH_BPC_NRE_1990": 2.816238824, "GH_BPC_NRE_1995": 2.389159738, "GH_BPC_NRE_2000": 2.048748243, "GH_BPC_NRE_2005": 1.755063799, "GH_BPC_NRE_2010": 1.522456471, "GH_BPC_NRE_2015": 1.311867017, "GH_BPC_NRE_2020": 1.122234165, "GH_BPC_NRE_2025": 0.966738335, "GH_BPC_NRE_2030": 0.826919337, "GH_BPC_RES_1975": 62.41425403, "GH_BPC_RES_1980": 55.63211967, "GH_BPC_RES_1985": 50.14995025, "GH_BPC_RES_1990": 44.69874499, "GH_BPC_RES_1995": 39.24251021, "GH_BPC_RES_2000": 34.71113078, "GH_BPC_RES_2005": 30.36685171, "GH_BPC_RES_2010": 27.01041231, "GH_BPC_RES_2015": 23.70855247, "GH_BPC_RES_2020": 20.46438678, "GH_BPC_RES_2025": 17.61582599, "GH_BPC_RES_2030": 15.00670295, "GH_BUH_AVG_2020": 7.907090339, "GH_BUH_STD_2020": 3.551749542, "GH_BUH_MAX_2020": 47.08989334, "GH_BUV_TOT_1975": 594798088.0, "GH_BUV_TOT_1980": 646762554.0, "GH_BUV_TOT_1985": 714427352.0, "GH_BUV_TOT_1990": 791201433.0, "GH_BUV_TOT_1995": 876284129.0, "GH_BUV_TOT_2000": 972173222.0, "GH_BUV_TOT_2005": 1008652427.0, "GH_BUV_TOT_2010": 1051298291.0, "GH_BUV_TOT_2015": 1094059841.0, "GH_BUV_TOT_2020": 1114642286.0, "GH_BUV_TOT_2025": 1127647106.0, "GH_BUV_TOT_2030": 1138895018.0, "GH_BUV_NRE_1975": 52923652, "GH_BUV_NRE_1980": 54815692, "GH_BUV_NRE_1985": 57120405, "GH_BUV_NRE_1990": 59909641, "GH_BUV_NRE_1995": 64020093, "GH_BUV_NRE_2000": 68803296, "GH_BUV_NRE_2005": 69958755, "GH_BUV_NRE_2010": 71233822, "GH_BUV_NRE_2015": 72774351, "GH_BUV_NRE_2020": 73613311, "GH_BUV_NRE_2025": 74529707, "GH_BUV_NRE_2030": 75335306, "GH_BUV_RES_1975": 541874436.0, "GH_BUV_RES_1980": 591946862.0, "GH_BUV_RES_1985": 657306947.0, "GH_BUV_RES_1990": 731291792.0, "GH_BUV_RES_1995": 812264036.0, "GH_BUV_RES_2000": 903369926.0, "GH_BUV_RES_2005": 938693672.0, "GH_BUV_RES_2010": 980064469.0, "GH_BUV_RES_2015": 1021285490.0, "GH_BUV_RES_2020": 1041028975.0, "GH_BUV_RES_2025": 1053117399.0, "GH_BUV_RES_2030": 1063559712.0, "GH_BUT_S11_2020": 31126750, "GH_BUT_S12_2020": 84294256, "GH_BUT_S13_2020": 481659, "GH_BUT_S21_2020": 746812, "GH_BUT_S22_2020": 5894087, "GH_BUT_S23_2020": 274892, "GH_BUT_V11_2020": 173204414, "GH_BUT_V12_2020": 871104222.0, "GH_BUT_V13_2020": 13020650, "GH_BUT_V21_2020": 4184116, "GH_BUT_V22_2020": 69518436, "GH_BUT_V23_2020": 8044829, "GH_BUT_P11_2020": 570057.9564, "GH_BUT_P12_2020": 4911239.896, "GH_BUT_P13_2020": 34627.40373, "GH_BUT_P21_2020": 4116.775398, "GH_BUT_P22_2020": 88038.91005000001, "GH_BUT_P23_2020": 1105.800369, "GH_AGE_S75_2025": 48.10659839, "GH_AGE_S85_2025": 13.15105467, "GH_AGE_S95_2025": 18.13198775, "GH_AGE_S05_2025": 9.061384732, "GH_AGE_S15_2025": 6.771172449, "GH_AGE_S25_2025": 4.777802005, "GH_POP_TOT_1975": 864304.5381, "GH_POP_TOT_1980": 1077671.179, "GH_POP_TOT_1985": 1355923.04, "GH_POP_TOT_1990": 1730147.301, "GH_POP_TOT_1995": 2200257.235, "GH_POP_TOT_2000": 2785064.987, "GH_POP_TOT_2005": 3327014.666, "GH_POP_TOT_2010": 3933079.28, "GH_POP_TOT_2015": 4708194.443, "GH_POP_TOT_2020": 5609186.742, "GH_POP_TOT_2025": 6646256.557, "GH_POP_TOT_2030": 7915508.449, "GH_POP_CAG_1980": 4.511455244, "GH_POP_CAG_1985": 4.700740778, "GH_POP_CAG_1990": 4.995239332, "GH_POP_CAG_1995": 4.924782016, "GH_POP_CAG_2000": 4.826811263, "GH_POP_CAG_2005": 3.620068813, "GH_POP_CAG_2010": 3.403585256, "GH_POP_CAG_2015": 3.663134816, "GH_POP_CAG_2020": 3.564068117, "GH_POP_CAG_2025": 3.451178057, "GH_XST_A11_1975": 125, "GH_XST_A12_1975": 94, "GH_XST_A13_1975": 4, "GH_XST_A21_1975": 174, "GH_XST_A22_1975": 0, "XST_A23_1975": 44, "XST_A30_1975": 157, "GH_XST_A11_1980": 108, "GH_XST_A12_1980": 80, "GH_XST_A13_1980": 3, "GH_XST_A21_1980": 164, "GH_XST_A22_1980": 0, "XST_A23_1980": 38, "XST_A30_1980": 205, "GH_XST_A11_1985": 60, "GH_XST_A12_1985": 99, "GH_XST_A13_1985": 3, "GH_XST_A21_1985": 152, "GH_XST_A22_1985": 0, "XST_A23_1985": 30, "XST_A30_1985": 254, "GH_XST_A11_1990": 36, "GH_XST_A12_1990": 80, "GH_XST_A13_1990": 3, "GH_XST_A21_1990": 146, "GH_XST_A22_1990": 0, "XST_A23_1990": 36, "XST_A30_1990": 297, "GH_XST_A11_1995": 26, "GH_XST_A12_1995": 55, "GH_XST_A13_1995": 3, "GH_XST_A21_1995": 137, "GH_XST_A22_1995": 0, "XST_A23_1995": 29, "XST_A30_1995": 348, "GH_XST_A11_2000": 23, "GH_XST_A12_2000": 36, "GH_XST_A13_2000": 0, "GH_XST_A21_2000": 137, "GH_XST_A22_2000": 0, "XST_A23_2000": 21, "XST_A30_2000": 381, "GH_XST_A11_2005": 18, "GH_XST_A12_2005": 28, "GH_XST_A13_2005": 0, "GH_XST_A21_2005": 121, "GH_XST_A22_2005": 0, "XST_A23_2005": 22, "XST_A30_2005": 409, "GH_XST_A11_2010": 17, "GH_XST_A12_2010": 18, "GH_XST_A13_2010": 0, "GH_XST_A21_2010": 106, "GH_XST_A22_2010": 0, "XST_A23_2010": 22, "XST_A30_2010": 435, "GH_XST_A11_2015": 17, "GH_XST_A12_2015": 11, "GH_XST_A13_2015": 0, "GH_XST_A21_2015": 69, "GH_XST_A22_2015": 0, "XST_A23_2015": 14, "XST_A30_2015": 487, "GH_XST_A11_2020": 7, "GH_XST_A12_2020": 10, "GH_XST_A13_2020": 0, "GH_XST_A21_2020": 36, "GH_XST_A22_2020": 0, "XST_A23_2020": 18, "XST_A30_2020": 527, "GH_XST_A11_2025": 0, "GH_XST_A12_2025": 0, "GH_XST_A13_2025": 0, "GH_XST_A21_2025": 0, "GH_XST_A22_2025": 0, "XST_A23_2025": 0, "XST_A30_2025": 598, "GH_XST_S11_1975": 947197, "GH_XST_S12_1975": 3638983, "GH_XST_S13_1975": 239713, "GH_XST_S21_1975": 10765198, "GH_XST_S22_1975": 0, "GH_XST_S23_1975": 7162113, "GH_XST_S30_1975": 35389410, "GH_XST_S11_1980": 1173247, "GH_XST_S12_1980": 3541878, "GH_XST_S13_1980": 49302, "GH_XST_S21_1980": 10842375, "GH_XST_S22_1980": 0, "GH_XST_S23_1980": 6219311, "GH_XST_S30_1980": 42506238, "GH_XST_S11_1985": 523803, "GH_XST_S12_1985": 3614878, "GH_XST_S13_1985": 108479, "GH_XST_S21_1985": 11980100, "GH_XST_S22_1985": 0, "GH_XST_S23_1985": 3370298, "GH_XST_S30_1985": 53003935, "GH_XST_S11_1990": 134607, "GH_XST_S12_1990": 2357731, "GH_XST_S13_1990": 173283, "GH_XST_S21_1990": 12455077, "GH_XST_S22_1990": 0, "GH_XST_S23_1990": 5005629, "GH_XST_S30_1990": 62081594, "GH_XST_S11_1995": 88222, "GH_XST_S12_1995": 1479424, "GH_XST_S13_1995": 230232, "GH_XST_S21_1995": 11785780, "GH_XST_S22_1995": 0, "GH_XST_S23_1995": 4723861, "GH_XST_S30_1995": 73292864, "GH_XST_S11_2000": 70958, "GH_XST_S12_2000": 1073048, "GH_XST_S13_2000": 0, "GH_XST_S21_2000": 12349857, "GH_XST_S22_2000": 0, "GH_XST_S23_2000": 3309929, "GH_XST_S30_2000": 85574860, "GH_XST_S11_2005": 49677, "GH_XST_S12_2005": 820006, "GH_XST_S13_2005": 0, "GH_XST_S21_2005": 11423733, "GH_XST_S22_2005": 0, "GH_XST_S23_2005": 3682870, "GH_XST_S30_2005": 90893798, "GH_XST_S11_2010": 42144, "GH_XST_S12_2010": 569755, "GH_XST_S13_2010": 0, "GH_XST_S21_2010": 11777557, "GH_XST_S22_2010": 0, "GH_XST_S23_2010": 4400642, "GH_XST_S30_2010": 95431937, "GH_XST_S11_2015": 59759, "GH_XST_S12_2015": 363289, "GH_XST_S13_2015": 0, "GH_XST_S21_2015": 7923980, "GH_XST_S22_2015": 0, "GH_XST_S23_2015": 2735648, "GH_XST_S30_2015": 106718324, "GH_XST_S11_2020": 21845, "GH_XST_S12_2020": 227945, "GH_XST_S13_2020": 0, "GH_XST_S21_2020": 4616465, "GH_XST_S22_2020": 0, "GH_XST_S23_2020": 3511898, "GH_XST_S30_2020": 112705235, "GH_XST_S11_2025": 0, "GH_XST_S12_2025": 0, "GH_XST_S13_2025": 0, "GH_XST_S21_2025": 0, "GH_XST_S22_2025": 0, "GH_XST_S23_2025": 0, "GH_XST_S30_2025": 123504490, "GH_XST_V11_1975": 6331096, "GH_XST_V12_1975": 29401706, "GH_XST_V13_1975": 2125782, "GH_XST_V21_1975": 89883390, "GH_XST_V22_1975": 0, "GH_XST_V23_1975": 68071251, "GH_XST_V30_1975": 398984863.0, "GH_XST_V11_1980": 7466334, "GH_XST_V12_1980": 27035617, "GH_XST_V13_1980": 441611, "GH_XST_V21_1980": 87242213, "GH_XST_V22_1980": 0, "GH_XST_V23_1980": 57814695, "GH_XST_V30_1980": 466762084.0, "GH_XST_V11_1985": 3117681, "GH_XST_V12_1985": 24708688, "GH_XST_V13_1985": 971703, "GH_XST_V21_1985": 94744997, "GH_XST_V22_1985": 0, "GH_XST_V23_1985": 27161897, "GH_XST_V30_1985": 563722386.0, "GH_XST_V11_1990": 540632, "GH_XST_V12_1990": 14715396, "GH_XST_V13_1990": 1553167, "GH_XST_V21_1990": 93521340, "GH_XST_V22_1990": 0, "GH_XST_V23_1990": 39197620, "GH_XST_V30_1990": 641673278.0, "GH_XST_V11_1995": 348960, "GH_XST_V12_1995": 8512596, "GH_XST_V13_1995": 2070827, "GH_XST_V21_1995": 86898377, "GH_XST_V22_1995": 0, "GH_XST_V23_1995": 38237641, "GH_XST_V30_1995": 740215728.0, "GH_XST_V11_2000": 251380, "GH_XST_V12_2000": 5898988, "GH_XST_V13_2000": 0, "GH_XST_V21_2000": 88777724, "GH_XST_V22_2000": 0, "GH_XST_V23_2000": 28603744, "GH_XST_V30_2000": 848641386.0, "GH_XST_V11_2005": 190928, "GH_XST_V12_2005": 4071143, "GH_XST_V13_2005": 0, "GH_XST_V21_2005": 81929772, "GH_XST_V22_2005": 0, "GH_XST_V23_2005": 34183161, "GH_XST_V30_2005": 888277423.0, "GH_XST_V11_2010": 108302, "GH_XST_V12_2010": 2707336, "GH_XST_V13_2010": 0, "GH_XST_V21_2010": 84611618, "GH_XST_V22_2010": 0, "GH_XST_V23_2010": 41451566, "GH_XST_V30_2010": 922419469.0, "GH_XST_V11_2015": 153082, "GH_XST_V12_2015": 1704459, "GH_XST_V13_2015": 0, "GH_XST_V21_2015": 54061331, "GH_XST_V22_2015": 0, "GH_XST_V23_2015": 21381470, "GH_XST_V30_2015": 1016759499.0, "GH_XST_V11_2020": 54717, "GH_XST_V12_2020": 1107215, "GH_XST_V13_2020": 0, "GH_XST_V21_2020": 29602845, "GH_XST_V22_2020": 0, "GH_XST_V23_2020": 28438309, "GH_XST_V30_2020": 1055439200.0, "GH_XST_V11_2025": 0, "GH_XST_V12_2025": 0, "GH_XST_V13_2025": 0, "GH_XST_V21_2025": 0, "GH_XST_V22_2025": 0, "GH_XST_V23_2025": 0, "GH_XST_V30_2025": 1127647106.0, "GH_XST_P11_1975": 1571.543412, "GH_XST_P12_1975": 14613.79014, "GH_XST_P13_1975": 2025.500275, "GH_XST_P21_1975": 153787.0253, "GH_XST_P22_1975": 0.0, "GH_XST_P23_1975": 120479.8433, "GH_XST_P30_1975": 571826.8357000001, "GH_XST_P11_1980": 1831.512634, "GH_XST_P12_1980": 11690.91198, "GH_XST_P13_1980": 1410.685349, "GH_XST_P21_1980": 148590.6416, "GH_XST_P22_1980": 0.0, "GH_XST_P23_1980": 107569.5701, "GH_XST_P30_1980": 806577.8572, "GH_XST_P11_1985": 1047.121657, "GH_XST_P12_1985": 14169.08163, "GH_XST_P13_1985": 1864.189862, "GH_XST_P21_1985": 136573.1438, "GH_XST_P22_1985": 0.0, "GH_XST_P23_1985": 77942.62294, "GH_XST_P30_1985": 1124326.88, "GH_XST_P11_1990": 458.1243125, "GH_XST_P12_1990": 12645.0181, "GH_XST_P13_1990": 2343.579478, "GH_XST_P21_1990": 127558.0356, "GH_XST_P22_1990": 0.0, "GH_XST_P23_1990": 89207.69657, "GH_XST_P30_1990": 1497934.847, "GH_XST_P11_1995": 287.6351504, "GH_XST_P12_1995": 9097.989645, "GH_XST_P13_1995": 3008.326246, "GH_XST_P21_1995": 114745.167, "GH_XST_P22_1995": 0.0, "GH_XST_P23_1995": 72197.21991, "GH_XST_P30_1995": 2000920.897, "GH_XST_P11_2000": 287.2021497, "GH_XST_P12_2000": 6064.374785, "GH_XST_P13_2000": 0.0, "GH_XST_P21_2000": 123217.0722, "GH_XST_P22_2000": 0.0, "GH_XST_P23_2000": 51319.82201, "GH_XST_P30_2000": 2604176.516, "GH_XST_P11_2005": 168.1498396, "GH_XST_P12_2005": 5049.549016, "GH_XST_P13_2005": 0.0, "GH_XST_P21_2005": 110594.9823, "GH_XST_P22_2005": 0.0, "GH_XST_P23_2005": 48055.25444, "GH_XST_P30_2005": 3163146.73, "GH_XST_P11_2010": 167.5071143, "GH_XST_P12_2010": 2899.715401, "GH_XST_P13_2010": 0.0, "GH_XST_P21_2010": 106982.0456, "GH_XST_P22_2010": 0.0, "GH_XST_P23_2010": 49935.8828, "GH_XST_P30_2010": 3773094.129, "GH_XST_P11_2015": 264.558448, "GH_XST_P12_2015": 1721.136087, "GH_XST_P13_2015": 0.0, "GH_XST_P21_2015": 76163.3542, "GH_XST_P22_2015": 0, "GH_XST_P23_2015": 28693.22874, "GH_XST_P30_2015": 4601352.166, "GH_XST_P11_2020": 81.52139381000001, "GH_XST_P12_2020": 1415.717813, "GH_XST_P13_2020": 0.0, "GH_XST_P21_2020": 41178.43985, "GH_XST_P22_2020": 0, "GH_XST_P23_2020": 37764.62964, "GH_XST_P30_2020": 5528746.433, "GH_XST_P11_2025": 0, "GH_XST_P12_2025": 0, "GH_XST_P13_2025": 0, "GH_XST_P21_2025": 0, "GH_XST_P22_2025": 0, "GH_XST_P23_2025": 0, "GH_XST_P30_2025": 6646256.557, "GH_XST_D11_1975": 12.62723638, "GH_XST_D12_1975": 155.5801841, "GH_XST_D13_1975": 506.7096238, "GH_XST_D21_1975": 885.2650488, "GH_XST_D22_1975": 0.0, "GH_XST_D23_1975": 2741.451488, "GH_XST_D30_1975": 3646.996815, "GH_XST_D11_1980": 17.04161926, "GH_XST_D12_1980": 146.2566208, "GH_XST_D13_1980": 470.2284496, "GH_XST_D21_1980": 907.646024, "GH_XST_D22_1980": 0.0, "GH_XST_D23_1980": 2834.426665, "GH_XST_D30_1980": 3938.815561, "GH_XST_D11_1985": 17.50639987, "GH_XST_D12_1985": 143.6911086, "GH_XST_D13_1985": 621.3966208000001, "GH_XST_D21_1985": 899.9778161, "GH_XST_D22_1985": 0.0, "GH_XST_D23_1985": 2598.087431, "GH_XST_D30_1985": 4432.213287, "GH_XST_D11_1990": 12.76371156, "GH_XST_D12_1990": 158.4272455, "GH_XST_D13_1990": 781.1931593, "GH_XST_D21_1990": 876.315171, "GH_XST_D22_1990": 0.0, "GH_XST_D23_1990": 2480.150267, "GH_XST_D30_1990": 5050.255369, "GH_XST_D11_1995": 11.10728108, "GH_XST_D12_1995": 165.7637919, "GH_XST_D13_1995": 1002.775415, "GH_XST_D21_1995": 840.5596144, "GH_XST_D22_1995": 0.0, "GH_XST_D23_1995": 2490.936967, "GH_XST_D30_1995": 5756.900281, "GH_XST_D11_2000": 12.53656725, "GH_XST_D12_2000": 168.7168818, "GH_XST_D13_2000": 0.0, "GH_XST_D21_2000": 903.0410554, "GH_XST_D22_2000": 0.0, "GH_XST_D23_2000": 2443.801048, "GH_XST_D30_2000": 6843.284103, "GH_XST_D11_2005": 9.376690637, "GH_XST_D12_2005": 180.7265906, "GH_XST_D13_2005": 0.0, "GH_XST_D21_2005": 917.5732851, "GH_XST_D22_2005": 0.0, "GH_XST_D23_2005": 2184.329747, "GH_XST_D30_2005": 7744.420331, "GH_XST_D11_2010": 9.892388627000001, "GH_XST_D12_2010": 161.36222, "GH_XST_D13_2010": 0.0, "GH_XST_D21_2010": 1013.762838, "GH_XST_D22_2010": 0.0, "GH_XST_D23_2010": 2269.812855, "GH_XST_D30_2010": 8685.518194, "GH_XST_D11_2015": 15.62390346, "GH_XST_D12_2015": 156.8631391, "GH_XST_D13_2015": 0.0, "GH_XST_D21_2015": 1109.717271, "GH_XST_D22_2015": 0, "GH_XST_D23_2015": 2051.322088, "GH_XST_D30_2015": 9461.593046, "GH_XST_D11_2020": 11.69201669, "GH_XST_D12_2020": 142.0369666, "GH_XST_D13_2020": 0.0, "GH_XST_D21_2020": 1150.540675, "GH_XST_D22_2020": 0, "GH_XST_D23_2020": 2103.140939, "GH_XST_D30_2020": 10507.75957, "GH_XST_D11_2025": 0, "GH_XST_D12_2025": 0, "GH_XST_D13_2025": 0, "GH_XST_D21_2025": 0, "GH_XST_D22_2025": 0, "GH_XST_D23_2025": 0, "GH_XST_D30_2025": 11135.65101, "GH_L30_2025": 596.844904, "GH_W30_2025": 1.155096 }, "geometry": { "type": "Point", "coordinates": [ 36.845622747096989, -1.243512479624902 ] } },
{ "type": "Feature", "properties": { "fid": 3096, "ID_UC_G0": 3175, "GC_UCN_MAI_2025": "Accra", "GC_CNT_GAD_2025": "Ghana", "GC_UCA_KM2_2025": 1121, "GC_POP_TOT_2025": 5890466.043, "GC_DEV_WIG_2025": "Lower Middle", "GC_DEV_USR_2025": "Sub-Saharan Africa", "GH_BUS_TOT_1975": 183576702, "GH_BUS_TOT_1980": 193106835, "GH_BUS_TOT_1985": 207002960, "GH_BUS_TOT_1990": 223775478, "GH_BUS_TOT_1995": 243709655, "GH_BUS_TOT_2000": 267141899, "GH_BUS_TOT_2005": 287885319, "GH_BUS_TOT_2010": 310545619, "GH_BUS_TOT_2015": 331025078, "GH_BUS_TOT_2020": 336361481, "GH_BUS_TOT_2025": 338400010, "GH_BUS_TOT_2030": 339846596, "GH_BUS_NRE_1975": 6357645, "GH_BUS_NRE_1980": 6566436, "GH_BUS_NRE_1985": 6852345, "GH_BUS_NRE_1990": 7176738, "GH_BUS_NRE_1995": 7586188, "GH_BUS_NRE_2000": 8049077, "GH_BUS_NRE_2005": 8298258, "GH_BUS_NRE_2010": 8556553, "GH_BUS_NRE_2015": 8885999, "GH_BUS_NRE_2020": 9388145, "GH_BUS_NRE_2025": 9507771, "GH_BUS_NRE_2030": 9668917, "GH_BUS_RES_1975": 177219057, "GH_BUS_RES_1980": 186540399, "GH_BUS_RES_1985": 200150615, "GH_BUS_RES_1990": 216598740, "GH_BUS_RES_1995": 236123467, "GH_BUS_RES_2000": 259092822, "GH_BUS_RES_2005": 279587061, "GH_BUS_RES_2010": 301989066, "GH_BUS_RES_2015": 322139079, "GH_BUS_RES_2020": 326973336, "GH_BUS_RES_2025": 328892239, "GH_BUS_RES_2030": 330177679, "GH_BPC_TOT_1975": 141.9094506, "GH_BPC_TOT_1980": 125.5073608, "GH_BPC_TOT_1985": 113.6338223, "GH_BPC_TOT_1990": 104.7381255, "GH_BPC_TOT_1995": 96.50050243, "GH_BPC_TOT_2000": 89.57069735, "GH_BPC_TOT_2005": 80.86662852000001, "GH_BPC_TOT_2010": 73.96992505, "GH_BPC_TOT_2015": 69.93934704, "GH_BPC_TOT_2020": 63.2863249, "GH_BPC_TOT_2025": 57.44876679, "GH_BPC_TOT_2030": 51.3404641, "GH_BPC_NRE_1975": 4.91462097, "GH_BPC_NRE_1980": 4.267772564, "GH_BPC_NRE_1985": 3.761579804, "GH_BPC_NRE_1990": 3.359072639, "GH_BPC_NRE_1995": 3.003865208, "GH_BPC_NRE_2000": 2.698795818, "GH_BPC_NRE_2005": 2.330970365, "GH_BPC_NRE_2010": 2.038114677, "GH_BPC_NRE_2015": 1.877443762, "GH_BPC_NRE_2020": 1.766377033, "GH_BPC_NRE_2025": 1.614094866, "GH_BPC_NRE_2030": 1.460678706, "GH_BPC_RES_1975": 136.9948297, "GH_BPC_RES_1980": 121.2395883, "GH_BPC_RES_1985": 109.8722425, "GH_BPC_RES_1990": 101.3790529, "GH_BPC_RES_1995": 93.49663722, "GH_BPC_RES_2000": 86.87190153, "GH_BPC_RES_2005": 78.53565816, "GH_BPC_RES_2010": 71.93181037, "GH_BPC_RES_2015": 68.06190328, "GH_BPC_RES_2020": 61.51994787, "GH_BPC_RES_2025": 55.83467193, "GH_BPC_RES_2030": 49.8797854, "GH_BUH_AVG_2020": 7.359042208, "GH_BUH_STD_2020": 2.166881852, "GH_BUH_MAX_2020": 41.83362198, "GH_BUV_TOT_1975": 1504958562.0, "GH_BUV_TOT_1980": 1577300735.0, "GH_BUV_TOT_1985": 1682272333.0, "GH_BUV_TOT_1990": 1807030596.0, "GH_BUV_TOT_1995": 1964369566.0, "GH_BUV_TOT_2000": 2147900328.0, "GH_BUV_TOT_2005": 2307557688.0, "GH_BUV_TOT_2010": 2481273096.0, "GH_BUV_TOT_2015": 2636157896.0, "GH_BUV_TOT_2020": 2668725284.0, "GH_BUV_TOT_2025": 2681009687.0, "GH_BUV_TOT_2030": 2690431341.0, "GH_BUV_NRE_1975": 61099649, "GH_BUV_NRE_1980": 62858655, "GH_BUV_NRE_1985": 65235980, "GH_BUV_NRE_1990": 67893541, "GH_BUV_NRE_1995": 71382049, "GH_BUV_NRE_2000": 75258696, "GH_BUV_NRE_2005": 77113391, "GH_BUV_NRE_2010": 79031656, "GH_BUV_NRE_2015": 81405518, "GH_BUV_NRE_2020": 84756705, "GH_BUV_NRE_2025": 85576533, "GH_BUV_NRE_2030": 86618028, "GH_BUV_RES_1975": 1443858913.0, "GH_BUV_RES_1980": 1514442080.0, "GH_BUV_RES_1985": 1617036353.0, "GH_BUV_RES_1990": 1739137055.0, "GH_BUV_RES_1995": 1892987517.0, "GH_BUV_RES_2000": 2072641632.0, "GH_BUV_RES_2005": 2230444297.0, "GH_BUV_RES_2010": 2402241440.0, "GH_BUV_RES_2015": 2554752378.0, "GH_BUV_RES_2020": 2583968579.0, "GH_BUV_RES_2025": 2595433154.0, "GH_BUV_RES_2030": 2603813313.0, "GH_BUT_S11_2020": 122096045, "GH_BUT_S12_2020": 206678016, "GH_BUT_S13_2020": 229929, "GH_BUT_S21_2020": 2690653, "GH_BUT_S22_2020": 7250973, "GH_BUT_S23_2020": 51285, "GH_BUT_V11_2020": 806106853, "GH_BUT_V12_2020": 1781710909.0, "GH_BUT_V13_2020": 6250777, "GH_BUT_V21_2020": 16440446, "GH_BUT_V22_2020": 71401901, "GH_BUT_V23_2020": 1327651, "GH_BUT_P11_2020": 1533840.014, "GH_BUT_P12_2020": 3705425.202, "GH_BUT_P13_2020": 22195.7676, "GH_BUT_P21_2020": 8342.568304, "GH_BUT_P22_2020": 44471.82643, "GH_BUT_P23_2020": 640.3080449, "GH_AGE_S75_2025": 55.26605333, "GH_AGE_S85_2025": 5.663723237, "GH_AGE_S95_2025": 11.74783299, "GH_AGE_S05_2025": 15.59671083, "GH_AGE_S15_2025": 9.692898354, "GH_AGE_S25_2025": 2.032781264, "GH_POP_TOT_1975": 1293618.58, "GH_POP_TOT_1980": 1538609.638, "GH_POP_TOT_1985": 1821666.788, "GH_POP_TOT_1990": 2136523.61, "GH_POP_TOT_1995": 2525475.504, "GH_POP_TOT_2000": 2982469.791, "GH_POP_TOT_2005": 3560001.502, "GH_POP_TOT_2010": 4198268.672, "GH_POP_TOT_2015": 4733030.719, "GH_POP_TOT_2020": 5314915.687, "GH_POP_TOT_2025": 5890466.043, "GH_POP_TOT_2030": 6619468.716, "GH_POP_CAG_1980": 3.529577288, "GH_POP_CAG_1985": 3.435138042, "GH_POP_CAG_1990": 3.239941834, "GH_POP_CAG_1995": 3.401560445, "GH_POP_CAG_2000": 3.382392528, "GH_POP_CAG_2005": 3.603595011, "GH_POP_CAG_2010": 3.353219441, "GH_POP_CAG_2015": 2.426850523, "GH_POP_CAG_2020": 2.34612667, "GH_POP_CAG_2025": 2.077648155, "GH_XST_A11_1975": 213, "GH_XST_A12_1975": 234, "GH_XST_A13_1975": 22, "GH_XST_A21_1975": 136, "GH_XST_A22_1975": 0, "XST_A23_1975": 12, "XST_A30_1975": 495, "GH_XST_A11_1980": 105, "GH_XST_A12_1980": 259, "GH_XST_A13_1980": 13, "GH_XST_A21_1980": 189, "GH_XST_A22_1980": 14, "XST_A23_1980": 20, "XST_A30_1980": 514, "GH_XST_A11_1985": 58, "GH_XST_A12_1985": 186, "GH_XST_A13_1985": 6, "GH_XST_A21_1985": 299, "GH_XST_A22_1985": 0, "XST_A23_1985": 37, "XST_A30_1985": 529, "GH_XST_A11_1990": 43, "GH_XST_A12_1990": 142, "GH_XST_A13_1990": 0, "GH_XST_A21_1990": 318, "GH_XST_A22_1990": 0, "XST_A23_1990": 49, "XST_A30_1990": 566, "GH_XST_A11_1995": 29, "GH_XST_A12_1995": 83, "GH_XST_A13_1995": 0, "GH_XST_A21_1995": 291, "GH_XST_A22_1995": 0, "XST_A23_1995": 3, "XST_A30_1995": 712, "GH_XST_A11_2000": 22, "GH_XST_A12_2000": 67, "GH_XST_A13_2000": 0, "GH_XST_A21_2000": 268, "GH_XST_A22_2000": 0, "XST_A23_2000": 6, "XST_A30_2000": 755, "GH_XST_A11_2005": 14, "GH_XST_A12_2005": 42, "GH_XST_A13_2005": 0, "GH_XST_A21_2005": 200, "GH_XST_A22_2005": 0, "XST_A23_2005": 28, "XST_A30_2005": 834, "GH_XST_A11_2010": 11, "GH_XST_A12_2010": 23, "GH_XST_A13_2010": 0, "GH_XST_A21_2010": 93, "GH_XST_A22_2010": 0, "XST_A23_2010": 8, "XST_A30_2010": 983, "GH_XST_A11_2015": 0, "GH_XST_A12_2015": 7, "GH_XST_A13_2015": 0, "GH_XST_A21_2015": 35, "GH_XST_A22_2015": 0, "XST_A23_2015": 3, "XST_A30_2015": 1073, "GH_XST_A11_2020": 0, "GH_XST_A12_2020": 3, "GH_XST_A13_2020": 0, "GH_XST_A21_2020": 10, "GH_XST_A22_2020": 0, "XST_A23_2020": 0, "XST_A30_2020": 1106, "GH_XST_A11_2025": 0, "GH_XST_A12_2025": 0, "GH_XST_A13_2025": 0, "GH_XST_A21_2025": 0, "GH_XST_A22_2025": 0, "XST_A23_2025": 0, "XST_A30_2025": 1121, "GH_XST_S11_1975": 1031870, "GH_XST_S12_1975": 5984519, "GH_XST_S13_1975": 1401981, "GH_XST_S21_1975": 8362855, "GH_XST_S22_1975": 0, "GH_XST_S23_1975": 1698503, "GH_XST_S30_1975": 165096974, "GH_XST_S11_1980": 798822, "GH_XST_S12_1980": 6804795, "GH_XST_S13_1980": 910619, "GH_XST_S21_1980": 10993683, "GH_XST_S22_1980": 785314, "GH_XST_S23_1980": 2926440, "GH_XST_S30_1980": 169887162, "GH_XST_S11_1985": 411826, "GH_XST_S12_1985": 5508838, "GH_XST_S13_1985": 726582, "GH_XST_S21_1985": 19503191, "GH_XST_S22_1985": 0, "GH_XST_S23_1985": 5377851, "GH_XST_S30_1985": 175474672, "GH_XST_S11_1990": 354970, "GH_XST_S12_1990": 5438401, "GH_XST_S13_1990": 0, "GH_XST_S21_1990": 25427404, "GH_XST_S22_1990": 0, "GH_XST_S23_1990": 6786988, "GH_XST_S30_1990": 185767715, "GH_XST_S11_1995": 240061, "GH_XST_S12_1995": 3394201, "GH_XST_S13_1995": 0, "GH_XST_S21_1995": 25918650, "GH_XST_S22_1995": 0, "GH_XST_S23_1995": 517565, "GH_XST_S30_1995": 213639178, "GH_XST_S11_2000": 160877, "GH_XST_S12_2000": 3038165, "GH_XST_S13_2000": 0, "GH_XST_S21_2000": 27472874, "GH_XST_S22_2000": 0, "GH_XST_S23_2000": 1419876, "GH_XST_S30_2000": 235050107, "GH_XST_S11_2005": 92645, "GH_XST_S12_2005": 2011527, "GH_XST_S13_2005": 0, "GH_XST_S21_2005": 24673833, "GH_XST_S22_2005": 0, "GH_XST_S23_2005": 5684475, "GH_XST_S30_2005": 255422839, "GH_XST_S11_2010": 57725, "GH_XST_S12_2010": 1113841, "GH_XST_S13_2010": 0, "GH_XST_S21_2010": 11100572, "GH_XST_S22_2010": 0, "GH_XST_S23_2010": 2096955, "GH_XST_S30_2010": 296176526, "GH_XST_S11_2015": 0, "GH_XST_S12_2015": 245070, "GH_XST_S13_2015": 0, "GH_XST_S21_2015": 4503755, "GH_XST_S22_2015": 0, "GH_XST_S23_2015": 406625, "GH_XST_S30_2015": 325869628, "GH_XST_S11_2020": 0, "GH_XST_S12_2020": 165709, "GH_XST_S13_2020": 0, "GH_XST_S21_2020": 1387803, "GH_XST_S22_2020": 0, "GH_XST_S23_2020": 0, "GH_XST_S30_2020": 334807969, "GH_XST_S11_2025": 0, "GH_XST_S12_2025": 0, "GH_XST_S13_2025": 0, "GH_XST_S21_2025": 0, "GH_XST_S22_2025": 0, "GH_XST_S23_2025": 0, "GH_XST_S30_2025": 338400010, "GH_XST_V11_1975": 5947763, "GH_XST_V12_1975": 43152331, "GH_XST_V13_1975": 10239549, "GH_XST_V21_1975": 65398716, "GH_XST_V22_1975": 0, "GH_XST_V23_1975": 12877828, "GH_XST_V30_1975": 1367342375.0, "GH_XST_V11_1980": 4205867, "GH_XST_V12_1980": 48296795, "GH_XST_V13_1980": 6900339, "GH_XST_V21_1980": 83709592, "GH_XST_V22_1980": 5534818, "GH_XST_V23_1980": 22521287, "GH_XST_V30_1980": 1406132037.0, "GH_XST_V11_1985": 1528509, "GH_XST_V12_1985": 36969492, "GH_XST_V13_1985": 4976373, "GH_XST_V21_1985": 147010251, "GH_XST_V22_1985": 0, "GH_XST_V23_1985": 41710532, "GH_XST_V30_1985": 1450077176.0, "GH_XST_V11_1990": 1271695, "GH_XST_V12_1990": 35026031, "GH_XST_V13_1990": 0, "GH_XST_V21_1990": 188170311, "GH_XST_V22_1990": 0, "GH_XST_V23_1990": 52381922, "GH_XST_V30_1990": 1530180637.0, "GH_XST_V11_1995": 750699, "GH_XST_V12_1995": 20210869, "GH_XST_V13_1995": 0, "GH_XST_V21_1995": 189317682, "GH_XST_V22_1995": 0, "GH_XST_V23_1995": 4162757, "GH_XST_V30_1995": 1749927559.0, "GH_XST_V11_2000": 463149, "GH_XST_V12_2000": 16933833, "GH_XST_V13_2000": 0, "GH_XST_V21_2000": 198866054, "GH_XST_V22_2000": 0, "GH_XST_V23_2000": 10128609, "GH_XST_V30_2000": 1921508683.0, "GH_XST_V11_2005": 245797, "GH_XST_V12_2005": 10233047, "GH_XST_V13_2005": 0, "GH_XST_V21_2005": 172815920, "GH_XST_V22_2005": 0, "GH_XST_V23_2005": 43644706, "GH_XST_V30_2005": 2080618218.0, "GH_XST_V11_2010": 146935, "GH_XST_V12_2010": 5280170, "GH_XST_V13_2010": 0, "GH_XST_V21_2010": 70465024, "GH_XST_V22_2010": 0, "GH_XST_V23_2010": 14880517, "GH_XST_V30_2010": 2390500450.0, "GH_XST_V11_2015": 0, "GH_XST_V12_2015": 781613, "GH_XST_V13_2015": 0, "GH_XST_V21_2015": 26110162, "GH_XST_V22_2015": 0, "GH_XST_V23_2015": 2542418, "GH_XST_V30_2015": 2606723703.0, "GH_XST_V11_2020": 0, "GH_XST_V12_2020": 544364, "GH_XST_V13_2020": 0, "GH_XST_V21_2020": 7702209, "GH_XST_V22_2020": 0, "GH_XST_V23_2020": 0, "GH_XST_V30_2020": 2660478711.0, "GH_XST_V11_2025": 0, "GH_XST_V12_2025": 0, "GH_XST_V13_2025": 0, "GH_XST_V21_2025": 0, "GH_XST_V22_2025": 0, "GH_XST_V23_2025": 0, "GH_XST_V30_2025": 2681009687.0, "GH_XST_P11_1975": 3500.417132, "GH_XST_P12_1975": 33521.55828, "GH_XST_P13_1975": 11400.62268, "GH_XST_P21_1975": 102412.0645, "GH_XST_P22_1975": 0.0, "GH_XST_P23_1975": 39723.31627, "GH_XST_P30_1975": 1103060.601, "GH_XST_P11_1980": 2240.867368, "GH_XST_P12_1980": 39781.7395, "GH_XST_P13_1980": 6843.775976, "GH_XST_P21_1980": 137877.698, "GH_XST_P22_1980": 6801.473566, "GH_XST_P23_1980": 53064.86138, "GH_XST_P30_1980": 1291999.223, "GH_XST_P11_1985": 1010.855122, "GH_XST_P12_1985": 28470.97804, "GH_XST_P13_1985": 3324.966683, "GH_XST_P21_1985": 206415.5207, "GH_XST_P22_1985": 0.0, "GH_XST_P23_1985": 83692.47365, "GH_XST_P30_1985": 1498751.994, "GH_XST_P11_1990": 697.071561, "GH_XST_P12_1990": 24489.38455, "GH_XST_P13_1990": 0.0, "GH_XST_P21_1990": 239687.4401, "GH_XST_P22_1990": 0.0, "GH_XST_P23_1990": 106786.7729, "GH_XST_P30_1990": 1764862.941, "GH_XST_P11_1995": 485.6087656, "GH_XST_P12_1995": 12991.3665, "GH_XST_P13_1995": 0.0, "GH_XST_P21_1995": 222929.5039, "GH_XST_P22_1995": 0.0, "GH_XST_P23_1995": 5494.04522, "GH_XST_P30_1995": 2283574.979, "GH_XST_P11_2000": 278.0951758, "GH_XST_P12_2000": 10688.46831, "GH_XST_P13_2000": 0.0, "GH_XST_P21_2000": 222928.7896, "GH_XST_P22_2000": 0.0, "GH_XST_P23_2000": 7921.690793, "GH_XST_P30_2000": 2740652.747, "GH_XST_P11_2005": 146.8804106, "GH_XST_P12_2005": 6712.540691, "GH_XST_P13_2005": 0.0, "GH_XST_P21_2005": 187727.6702, "GH_XST_P22_2005": 0.0, "GH_XST_P23_2005": 45586.5585, "GH_XST_P30_2005": 3319827.852, "GH_XST_P11_2010": 93.99871964, "GH_XST_P12_2010": 3789.405647, "GH_XST_P13_2010": 0.0, "GH_XST_P21_2010": 80592.90921, "GH_XST_P22_2010": 0.0, "GH_XST_P23_2010": 15476.47575, "GH_XST_P30_2010": 4098315.883, "GH_XST_P11_2015": 0.0, "GH_XST_P12_2015": 1144.274153, "GH_XST_P13_2015": 0.0, "GH_XST_P21_2015": 37146.80997, "GH_XST_P22_2015": 0, "GH_XST_P23_2015": 5213.525619, "GH_XST_P30_2015": 4689526.109, "GH_XST_P11_2020": 0.0, "GH_XST_P12_2020": 542.4942774, "GH_XST_P13_2020": 0.0, "GH_XST_P21_2020": 11247.61016, "GH_XST_P22_2020": 0, "GH_XST_P23_2020": 0.0, "GH_XST_P30_2020": 5303125.583, "GH_XST_P11_2025": 0, "GH_XST_P12_2025": 0, "GH_XST_P13_2025": 0, "GH_XST_P21_2025": 0, "GH_XST_P22_2025": 0, "GH_XST_P23_2025": 0, "GH_XST_P30_2025": 5890466.043, "GH_XST_D11_1975": 17.27018234, "GH_XST_D12_1975": 146.0509832, "GH_XST_D13_1975": 530.0458777, "GH_XST_D21_1975": 756.6873342, "GH_XST_D22_1975": 0.0, "GH_XST_D23_1975": 3625.135043, "GH_XST_D30_1975": 2344.204186, "GH_XST_D11_1980": 22.71680419, "GH_XST_D12_1980": 158.2071851, "GH_XST_D13_1980": 544.400606, "GH_XST_D21_1980": 737.7880858, "GH_XST_D22_1980": 485.9392203, "GH_XST_D23_1980": 2799.132157, "GH_XST_D30_1980": 2644.46566, "GH_XST_D11_1985": 19.63654638, "GH_XST_D12_1985": 159.8626414, "GH_XST_D13_1985": 598.9605693, "GH_XST_D21_1985": 696.2198307, "GH_XST_D22_1985": 0.0, "GH_XST_D23_1985": 2327.711048, "GH_XST_D30_1985": 2976.269998, "GH_XST_D11_1990": 18.97539471, "GH_XST_D12_1990": 182.1280433, "GH_XST_D13_1990": 0.0, "GH_XST_D21_1990": 765.970065, "GH_XST_D22_1990": 0.0, "GH_XST_D23_1990": 2227.971424, "GH_XST_D30_1990": 3272.968349, "GH_XST_D11_1995": 19.1862849, "GH_XST_D12_1995": 168.5788185, "GH_XST_D13_1995": 0.0, "GH_XST_D21_1995": 781.3270841, "GH_XST_D22_1995": 0.0, "GH_XST_D23_1995": 1831.348407, "GH_XST_D30_1995": 3355.355038, "GH_XST_D11_2000": 14.9264953, "GH_XST_D12_2000": 172.3641667, "GH_XST_D13_2000": 0.0, "GH_XST_D21_2000": 851.7177308, "GH_XST_D22_2000": 0.0, "GH_XST_D23_2000": 1429.610293, "GH_XST_D30_2000": 3788.839802, "GH_XST_D11_2005": 12.58708641, "GH_XST_D12_2005": 176.1079508, "GH_XST_D13_2005": 0.0, "GH_XST_D21_2005": 959.4148097, "GH_XST_D22_2005": 0.0, "GH_XST_D23_2005": 1749.109245, "GH_XST_D30_2005": 4151.054654, "GH_XST_D11_2010": 10.49941009, "GH_XST_D12_2010": 178.0804609, "GH_XST_D13_2010": 0.0, "GH_XST_D21_2010": 900.7523655, "GH_XST_D22_2010": 0.0, "GH_XST_D23_2010": 2052.26889, "GH_XST_D30_2010": 4341.316052, "GH_XST_D11_2015": 0.0, "GH_XST_D12_2015": 171.0141764, "GH_XST_D13_2015": 0.0, "GH_XST_D21_2015": 1075.393123, "GH_XST_D22_2015": 0, "GH_XST_D23_2015": 1737.841873, "GH_XST_D30_2015": 4566.066617, "GH_XST_D11_2020": 0.0, "GH_XST_D12_2020": 181.9052123, "GH_XST_D13_2020": 0.0, "GH_XST_D21_2020": 1178.610306, "GH_XST_D22_2020": 0, "GH_XST_D23_2020": 0.0, "GH_XST_D30_2020": 5008.783305, "GH_XST_D11_2025": 0, "GH_XST_D12_2025": 0, "GH_XST_D13_2025": 0, "GH_XST_D21_2025": 0, "GH_XST_D22_2025": 0, "GH_XST_D23_2025": 0, "GH_XST_D30_2025": 5498.258741, "GH_L30_2025": 1071.333002, "GH_W30_2025": 49.666998 }, "geometry": { "type": "Point", "coordinates": [ -0.20367223337959, 5.632683368651092 ] } },
{ "type": "Feature", "properties": { "fid": 3479, "ID_UC_G0": 3570, "GC_UCN_MAI_2025": "Dar es-Salaam", "GC_CNT_GAD_2025": "Tanzania", "GC_UCA_KM2_2025": 907, "GC_POP_TOT_2025": 8918524.621, "GC_DEV_WIG_2025": "Lower Middle", "GC_DEV_USR_2025": "Sub-Saharan Africa", "GH_BUS_TOT_1975": 81690636, "GH_BUS_TOT_1980": 89858221, "GH_BUS_TOT_1985": 101529382, "GH_BUS_TOT_1990": 115482263, "GH_BUS_TOT_1995": 131798993, "GH_BUS_TOT_2000": 151752437, "GH_BUS_TOT_2005": 163043441, "GH_BUS_TOT_2010": 176797000, "GH_BUS_TOT_2015": 190273652, "GH_BUS_TOT_2020": 194525189, "GH_BUS_TOT_2025": 196752497, "GH_BUS_TOT_2030": 197305557, "GH_BUS_NRE_1975": 4932394, "GH_BUS_NRE_1980": 5101553, "GH_BUS_NRE_1985": 5299796, "GH_BUS_NRE_1990": 5522420, "GH_BUS_NRE_1995": 5701982, "GH_BUS_NRE_2000": 5892626, "GH_BUS_NRE_2005": 5955896, "GH_BUS_NRE_2010": 6028695, "GH_BUS_NRE_2015": 6131699, "GH_BUS_NRE_2020": 6362984, "GH_BUS_NRE_2025": 6421704, "GH_BUS_NRE_2030": 6456344, "GH_BUS_RES_1975": 76758242, "GH_BUS_RES_1980": 84756668, "GH_BUS_RES_1985": 96229586, "GH_BUS_RES_1990": 109959843, "GH_BUS_RES_1995": 126097011, "GH_BUS_RES_2000": 145859811, "GH_BUS_RES_2005": 157087545, "GH_BUS_RES_2010": 170768305, "GH_BUS_RES_2015": 184141953, "GH_BUS_RES_2020": 188162205, "GH_BUS_RES_2025": 190330793, "GH_BUS_RES_2030": 190849213, "GH_BPC_TOT_1975": 134.8909095, "GH_BPC_TOT_1980": 99.54297517000001, "GH_BPC_TOT_1985": 84.68358968, "GH_BPC_TOT_1990": 74.41254383, "GH_BPC_TOT_1995": 68.35522392, "GH_BPC_TOT_2000": 63.47439394, "GH_BPC_TOT_2005": 52.87385041, "GH_BPC_TOT_2010": 43.23015207, "GH_BPC_TOT_2015": 35.21735122, "GH_BPC_TOT_2020": 27.83480422, "GH_BPC_TOT_2025": 22.06110375, "GH_BPC_TOT_2030": 17.64779645, "GH_BPC_NRE_1975": 8.144570116000001, "GH_BPC_NRE_1980": 5.651389021, "GH_BPC_NRE_1985": 4.420451903, "GH_BPC_NRE_1990": 3.558445337, "GH_BPC_NRE_1995": 2.95723243, "GH_BPC_NRE_2000": 2.464743707, "GH_BPC_NRE_2005": 1.93145552, "GH_BPC_NRE_2010": 1.474127964, "GH_BPC_NRE_2015": 1.134903309, "GH_BPC_NRE_2020": 0.910485757, "GH_BPC_NRE_2025": 0.720041069, "GH_BPC_NRE_2030": 0.577481174, "GH_BPC_RES_1975": 126.7463394, "GH_BPC_RES_1980": 93.89158615, "GH_BPC_RES_1985": 80.26313778, "GH_BPC_RES_1990": 70.85409849, "GH_BPC_RES_1995": 65.39799149, "GH_BPC_RES_2000": 61.00965024, "GH_BPC_RES_2005": 50.94239489, "GH_BPC_RES_2010": 41.75602411, "GH_BPC_RES_2015": 34.08244791, "GH_BPC_RES_2020": 26.92431846, "GH_BPC_RES_2025": 21.34106269, "GH_BPC_RES_2030": 17.07031528, "GH_BUH_AVG_2020": 6.864089268, "GH_BUH_STD_2020": 2.886682918, "GH_BUH_MAX_2020": 33.83942413, "GH_BUV_TOT_1975": 661847761.0, "GH_BUV_TOT_1980": 724447512.0, "GH_BUV_TOT_1985": 812361294.0, "GH_BUV_TOT_1990": 914632964.0, "GH_BUV_TOT_1995": 1048815787.0, "GH_BUV_TOT_2000": 1209781843.0, "GH_BUV_TOT_2005": 1297495251.0, "GH_BUV_TOT_2010": 1402805000.0, "GH_BUV_TOT_2015": 1503403295.0, "GH_BUV_TOT_2020": 1527050579.0, "GH_BUV_TOT_2025": 1538929974.0, "GH_BUV_TOT_2030": 1542482916.0, "GH_BUV_NRE_1975": 47496386, "GH_BUV_NRE_1980": 48884926, "GH_BUV_NRE_1985": 50518302, "GH_BUV_NRE_1990": 52318185, "GH_BUV_NRE_1995": 53854063, "GH_BUV_NRE_2000": 55471557, "GH_BUV_NRE_2005": 55966824, "GH_BUV_NRE_2010": 56525315, "GH_BUV_NRE_2015": 57318101, "GH_BUV_NRE_2020": 59091818, "GH_BUV_NRE_2025": 59517403, "GH_BUV_NRE_2030": 59763629, "GH_BUV_RES_1975": 614351375.0, "GH_BUV_RES_1980": 675562586.0, "GH_BUV_RES_1985": 761842992.0, "GH_BUV_RES_1990": 862314779.0, "GH_BUV_RES_1995": 994961724.0, "GH_BUV_RES_2000": 1154310286.0, "GH_BUV_RES_2005": 1241528427.0, "GH_BUV_RES_2010": 1346279685.0, "GH_BUV_RES_2015": 1446085194.0, "GH_BUV_RES_2020": 1467958761.0, "GH_BUV_RES_2025": 1479412571.0, "GH_BUV_RES_2030": 1482719287.0, "GH_BUT_S11_2020": 93804350, "GH_BUT_S12_2020": 95564807, "GH_BUT_S13_2020": 423709, "GH_BUT_S21_2020": 1151853, "GH_BUT_S22_2020": 5153658, "GH_BUT_S23_2020": 71802, "GH_BUT_V11_2020": 555295562, "GH_BUT_V12_2020": 911045142.0, "GH_BUT_V13_2020": 10852302, "GH_BUT_V21_2020": 7240819, "GH_BUT_V22_2020": 49960339, "GH_BUT_V23_2020": 1992361, "GH_BUT_P11_2020": 2539587.274, "GH_BUT_P12_2020": 4320393.099, "GH_BUT_P13_2020": 28115.74921, "GH_BUT_P21_2020": 11861.9239, "GH_BUT_P22_2020": 85969.91816, "GH_BUT_P23_2020": 2631.663433, "GH_AGE_S75_2025": 42.1826738, "GH_AGE_S85_2025": 9.937012896000001, "GH_AGE_S95_2025": 18.56804948, "GH_AGE_S05_2025": 15.06080911, "GH_AGE_S15_2025": 11.38053663, "GH_AGE_S25_2025": 2.870918075, "GH_POP_TOT_1975": 605605.1983, "GH_POP_TOT_1980": 902707.8088, "GH_POP_TOT_1985": 1198926.29, "GH_POP_TOT_1990": 1551919.301, "GH_POP_TOT_1995": 1928148.069, "GH_POP_TOT_2000": 2390766.222, "GH_POP_TOT_2005": 3083630.939, "GH_POP_TOT_2010": 4089668.704, "GH_POP_TOT_2015": 5402838.243, "GH_POP_TOT_2020": 6988559.628, "GH_POP_TOT_2025": 8918524.621, "GH_POP_TOT_2030": 11180180.91, "GH_POP_CAG_1980": 8.310739492, "GH_POP_CAG_1985": 5.839811289, "GH_POP_CAG_1990": 5.296838098, "GH_POP_CAG_1995": 4.436966682, "GH_POP_CAG_2000": 4.394915212, "GH_POP_CAG_2005": 5.221637611, "GH_POP_CAG_2010": 5.809618063, "GH_POP_CAG_2015": 5.727208912, "GH_POP_CAG_2020": 5.281761333, "GH_POP_CAG_2025": 4.998010009, "GH_XST_A11_1975": 172, "GH_XST_A12_1975": 309, "GH_XST_A13_1975": 27, "GH_XST_A21_1975": 158, "GH_XST_A22_1975": 9, "XST_A23_1975": 38, "XST_A30_1975": 187, "GH_XST_A11_1980": 77, "GH_XST_A12_1980": 299, "GH_XST_A13_1980": 20, "GH_XST_A21_1980": 242, "GH_XST_A22_1980": 0, "XST_A23_1980": 50, "XST_A30_1980": 212, "GH_XST_A11_1985": 37, "GH_XST_A12_1985": 232, "GH_XST_A13_1985": 13, "GH_XST_A21_1985": 283, "GH_XST_A22_1985": 17, "XST_A23_1985": 39, "XST_A30_1985": 279, "GH_XST_A11_1990": 27, "GH_XST_A12_1990": 171, "GH_XST_A13_1990": 13, "GH_XST_A21_1990": 289, "GH_XST_A22_1990": 18, "XST_A23_1990": 16, "XST_A30_1990": 367, "GH_XST_A11_1995": 21, "GH_XST_A12_1995": 114, "GH_XST_A13_1995": 0, "GH_XST_A21_1995": 330, "GH_XST_A22_1995": 0, "XST_A23_1995": 29, "XST_A30_1995": 407, "GH_XST_A11_2000": 14, "GH_XST_A12_2000": 72, "GH_XST_A13_2000": 0, "GH_XST_A21_2000": 308, "GH_XST_A22_2000": 0, "XST_A23_2000": 25, "XST_A30_2000": 482, "GH_XST_A11_2005": 8, "GH_XST_A12_2005": 44, "GH_XST_A13_2005": 0, "GH_XST_A21_2005": 255, "GH_XST_A22_2005": 0, "XST_A23_2005": 37, "XST_A30_2005": 557, "GH_XST_A11_2010": 7, "GH_XST_A12_2010": 25, "GH_XST_A13_2010": 0, "GH_XST_A21_2010": 180, "GH_XST_A22_2010": 0, "XST_A23_2010": 35, "XST_A30_2010": 655, "GH_XST_A11_2015": 7, "GH_XST_A12_2015": 16, "GH_XST_A13_2015": 0, "GH_XST_A21_2015": 108, "GH_XST_A22_2015": 0, "XST_A23_2015": 10, "XST_A30_2015": 763, "GH_XST_A11_2020": 4, "GH_XST_A12_2020": 8, "GH_XST_A13_2020": 0, "GH_XST_A21_2020": 41, "GH_XST_A22_2020": 0, "XST_A23_2020": 8, "XST_A30_2020": 844, "GH_XST_A11_2025": 0, "GH_XST_A12_2025": 0, "GH_XST_A13_2025": 0, "GH_XST_A21_2025": 0, "GH_XST_A22_2025": 0, "XST_A23_2025": 0, "XST_A30_2025": 907, "GH_XST_S11_1975": 614360, "GH_XST_S12_1975": 5187834, "GH_XST_S13_1975": 1108929, "GH_XST_S21_1975": 12344627, "GH_XST_S22_1975": 516338, "GH_XST_S23_1975": 7372836, "GH_XST_S30_1975": 54545712, "GH_XST_S11_1980": 319230, "GH_XST_S12_1980": 5323175, "GH_XST_S13_1980": 1308548, "GH_XST_S21_1980": 14058276, "GH_XST_S22_1980": 0, "GH_XST_S23_1980": 10140303, "GH_XST_S30_1980": 58708689, "GH_XST_S11_1985": 158020, "GH_XST_S12_1985": 5079062, "GH_XST_S13_1985": 598016, "GH_XST_S21_1985": 16416226, "GH_XST_S22_1985": 1628091, "GH_XST_S23_1985": 7935907, "GH_XST_S30_1985": 69714060, "GH_XST_S11_1990": 110397, "GH_XST_S12_1990": 4366189, "GH_XST_S13_1990": 612886, "GH_XST_S21_1990": 19395879, "GH_XST_S22_1990": 2229761, "GH_XST_S23_1990": 2611012, "GH_XST_S30_1990": 86156139, "GH_XST_S11_1995": 84847, "GH_XST_S12_1995": 3545294, "GH_XST_S13_1995": 0, "GH_XST_S21_1995": 24688347, "GH_XST_S22_1995": 0, "GH_XST_S23_1995": 5053602, "GH_XST_S30_1995": 98426903, "GH_XST_S11_2000": 46216, "GH_XST_S12_2000": 2319850, "GH_XST_S13_2000": 0, "GH_XST_S21_2000": 26944690, "GH_XST_S22_2000": 0, "GH_XST_S23_2000": 5075541, "GH_XST_S30_2000": 117366140, "GH_XST_S11_2005": 14391, "GH_XST_S12_2005": 1487718, "GH_XST_S13_2005": 0, "GH_XST_S21_2005": 24058122, "GH_XST_S22_2005": 0, "GH_XST_S23_2005": 7342975, "GH_XST_S30_2005": 130140235, "GH_XST_S11_2010": 19075, "GH_XST_S12_2010": 848488, "GH_XST_S13_2010": 0, "GH_XST_S21_2010": 18912722, "GH_XST_S22_2010": 0, "GH_XST_S23_2010": 7483931, "GH_XST_S30_2010": 149532784, "GH_XST_S11_2015": 16553, "GH_XST_S12_2015": 619086, "GH_XST_S13_2015": 0, "GH_XST_S21_2015": 11578993, "GH_XST_S22_2015": 0, "GH_XST_S23_2015": 1552652, "GH_XST_S30_2015": 176506368, "GH_XST_S11_2020": 8905, "GH_XST_S12_2020": 126543, "GH_XST_S13_2020": 0, "GH_XST_S21_2020": 4175290, "GH_XST_S22_2020": 0, "GH_XST_S23_2020": 1226202, "GH_XST_S30_2020": 188988249, "GH_XST_S11_2025": 0, "GH_XST_S12_2025": 0, "GH_XST_S13_2025": 0, "GH_XST_S21_2025": 0, "GH_XST_S22_2025": 0, "GH_XST_S23_2025": 0, "GH_XST_S30_2025": 196752497, "GH_XST_V11_1975": 2671901, "GH_XST_V12_1975": 32025679, "GH_XST_V13_1975": 7428598, "GH_XST_V21_1975": 95611012, "GH_XST_V22_1975": 3782293, "GH_XST_V23_1975": 58856745, "GH_XST_V30_1975": 461471533.0, "GH_XST_V11_1980": 1273294, "GH_XST_V12_1980": 30635502, "GH_XST_V13_1980": 8945591, "GH_XST_V21_1980": 107138937, "GH_XST_V22_1980": 0, "GH_XST_V23_1980": 78121113, "GH_XST_V30_1980": 498333075.0, "GH_XST_V11_1985": 503911, "GH_XST_V12_1985": 26039552, "GH_XST_V13_1985": 3422626, "GH_XST_V21_1985": 123920239, "GH_XST_V22_1985": 11549528, "GH_XST_V23_1985": 59214990, "GH_XST_V30_1985": 587710448.0, "GH_XST_V11_1990": 360931, "GH_XST_V12_1990": 21555840, "GH_XST_V13_1990": 3976201, "GH_XST_V21_1990": 133585514, "GH_XST_V22_1990": 15620374, "GH_XST_V23_1990": 19902892, "GH_XST_V30_1990": 719631212.0, "GH_XST_V11_1995": 254371, "GH_XST_V12_1995": 16592201, "GH_XST_V13_1995": 0, "GH_XST_V21_1995": 163571612, "GH_XST_V22_1995": 0, "GH_XST_V23_1995": 38127464, "GH_XST_V30_1995": 830270139.0, "GH_XST_V11_2000": 136363, "GH_XST_V12_2000": 9442592, "GH_XST_V13_2000": 0, "GH_XST_V21_2000": 169769371, "GH_XST_V22_2000": 0, "GH_XST_V23_2000": 37026574, "GH_XST_V30_2000": 993406943.0, "GH_XST_V11_2005": 36593, "GH_XST_V12_2005": 5083248, "GH_XST_V13_2005": 0, "GH_XST_V21_2005": 143493748, "GH_XST_V22_2005": 0, "GH_XST_V23_2005": 51999483, "GH_XST_V30_2005": 1096882179.0, "GH_XST_V11_2010": 48409, "GH_XST_V12_2010": 2690494, "GH_XST_V13_2010": 0, "GH_XST_V21_2010": 101109484, "GH_XST_V22_2010": 0, "GH_XST_V23_2010": 52256828, "GH_XST_V30_2010": 1246699785.0, "GH_XST_V11_2015": 42012, "GH_XST_V12_2015": 1908919, "GH_XST_V13_2015": 0, "GH_XST_V21_2015": 53388387, "GH_XST_V22_2015": 0, "GH_XST_V23_2015": 9480200, "GH_XST_V30_2015": 1438583777.0, "GH_XST_V11_2020": 23165, "GH_XST_V12_2020": 361610, "GH_XST_V13_2020": 0, "GH_XST_V21_2020": 16657713, "GH_XST_V22_2020": 0, "GH_XST_V23_2020": 5813270, "GH_XST_V30_2020": 1504194821.0, "GH_XST_V11_2025": 0, "GH_XST_V12_2025": 0, "GH_XST_V13_2025": 0, "GH_XST_V21_2025": 0, "GH_XST_V22_2025": 0, "GH_XST_V23_2025": 0, "GH_XST_V30_2025": 1538929974.0, "GH_XST_P11_1975": 3478.877101, "GH_XST_P12_1975": 42949.14437, "GH_XST_P13_1975": 17040.33108, "GH_XST_P21_1975": 109727.7168, "GH_XST_P22_1975": 6608.545766, "GH_XST_P23_1975": 63983.95396, "GH_XST_P30_1975": 361816.6292, "GH_XST_P11_1980": 1830.82987, "GH_XST_P12_1980": 44337.75808, "GH_XST_P13_1980": 10973.63088, "GH_XST_P21_1980": 180232.3884, "GH_XST_P22_1980": 0.0, "GH_XST_P23_1980": 82773.26905, "GH_XST_P30_1980": 582559.9325, "GH_XST_P11_1985": 777.3566337, "GH_XST_P12_1985": 36762.9929, "GH_XST_P13_1985": 7122.073036, "GH_XST_P21_1985": 215364.9609, "GH_XST_P22_1985": 9945.894636000001, "GH_XST_P23_1985": 74467.55541, "GH_XST_P30_1985": 854485.4569, "GH_XST_P11_1990": 523.6356346, "GH_XST_P12_1990": 30031.87781, "GH_XST_P13_1990": 7357.189244, "GH_XST_P21_1990": 220847.8924, "GH_XST_P22_1990": 13921.11327, "GH_XST_P23_1990": 33446.69934, "GH_XST_P30_1990": 1245790.893, "GH_XST_P11_1995": 356.957582, "GH_XST_P12_1995": 20604.61997, "GH_XST_P13_1995": 0.0, "GH_XST_P21_1995": 246445.7, "GH_XST_P22_1995": 0.0, "GH_XST_P23_1995": 61662.18892, "GH_XST_P30_1995": 1599078.602, "GH_XST_P11_2000": 193.9838135, "GH_XST_P12_2000": 12101.05167, "GH_XST_P13_2000": 0.0, "GH_XST_P21_2000": 241422.3065, "GH_XST_P22_2000": 0.0, "GH_XST_P23_2000": 54116.00068, "GH_XST_P30_2000": 2082932.88, "GH_XST_P11_2005": 68.12563201, "GH_XST_P12_2005": 7138.740058, "GH_XST_P13_2005": 0.0, "GH_XST_P21_2005": 224835.0671, "GH_XST_P22_2005": 0.0, "GH_XST_P23_2005": 86331.92258, "GH_XST_P30_2005": 2765257.083, "GH_XST_P11_2010": 104.3534266, "GH_XST_P12_2010": 3969.198196, "GH_XST_P13_2010": 0.0, "GH_XST_P21_2010": 179575.9265, "GH_XST_P22_2010": 0.0, "GH_XST_P23_2010": 98026.46088, "GH_XST_P30_2010": 3807992.765, "GH_XST_P11_2015": 85.12972808000001, "GH_XST_P12_2015": 3048.69935, "GH_XST_P13_2015": 0.0, "GH_XST_P21_2015": 111071.3844, "GH_XST_P22_2015": 0, "GH_XST_P23_2015": 28832.90449, "GH_XST_P30_2015": 5259800.125, "GH_XST_P11_2020": 49.96270244, "GH_XST_P12_2020": 1068.34684, "GH_XST_P13_2020": 0.0, "GH_XST_P21_2020": 42926.5027, "GH_XST_P22_2020": 0, "GH_XST_P23_2020": 14253.62255, "GH_XST_P30_2020": 6930261.193, "GH_XST_P11_2025": 0, "GH_XST_P12_2025": 0, "GH_XST_P13_2025": 0, "GH_XST_P21_2025": 0, "GH_XST_P22_2025": 0, "GH_XST_P23_2025": 0, "GH_XST_P30_2025": 8918524.621, "GH_XST_D11_1975": 21.4856837, "GH_XST_D12_1975": 143.7366578, "GH_XST_D13_1975": 650.384883, "GH_XST_D21_1975": 702.5537461, "GH_XST_D22_1975": 734.2828629000001, "GH_XST_D23_1975": 1763.469713, "GH_XST_D30_1975": 2089.476676, "GH_XST_D11_1980": 26.82272511, "GH_XST_D12_1980": 152.9144658, "GH_XST_D13_1980": 555.8051037, "GH_XST_D21_1980": 757.3393965, "GH_XST_D22_1980": 0.0, "GH_XST_D23_1980": 1713.624175, "GH_XST_D30_1980": 2952.458338, "GH_XST_D11_1985": 24.02572131, "GH_XST_D12_1985": 165.1975136, "GH_XST_D13_1985": 558.3513545, "GH_XST_D21_1985": 781.8306314, "GH_XST_D22_1985": 585.2089453, "GH_XST_D23_1985": 1995.701648, "GH_XST_D30_1985": 3235.130308, "GH_XST_D11_1990": 22.60917878, "GH_XST_D12_1990": 183.8951975, "GH_XST_D13_1990": 566.0213182, "GH_XST_D21_1990": 787.3344237, "GH_XST_D22_1990": 773.5903415, "GH_XST_D23_1990": 2094.053068, "GH_XST_D30_1990": 3583.838524, "GH_XST_D11_1995": 20.63824398, "GH_XST_D12_1995": 192.7281507, "GH_XST_D13_1995": 0.0, "GH_XST_D21_1995": 769.7566714, "GH_XST_D22_1995": 0.0, "GH_XST_D23_1995": 2129.210849, "GH_XST_D30_1995": 4118.966149, "GH_XST_D11_2000": 17.81429504, "GH_XST_D12_2000": 182.2502627, "GH_XST_D13_2000": 0.0, "GH_XST_D21_2000": 803.9076909, "GH_XST_D22_2000": 0.0, "GH_XST_D23_2000": 2165.322623, "GH_XST_D30_2000": 4538.377381, "GH_XST_D11_2005": 10.62361682, "GH_XST_D12_2005": 175.0015115, "GH_XST_D13_2005": 0.0, "GH_XST_D21_2005": 891.3222366, "GH_XST_D22_2005": 0.0, "GH_XST_D23_2005": 2345.150129, "GH_XST_D30_2005": 5264.317097, "GH_XST_D11_2010": 16.54416197, "GH_XST_D12_2010": 180.3836875, "GH_XST_D13_2010": 0.0, "GH_XST_D21_2010": 1007.169487, "GH_XST_D22_2010": 0.0, "GH_XST_D23_2010": 2801.919062, "GH_XST_D30_2010": 6142.112863, "GH_XST_D11_2015": 15.76457762, "GH_XST_D12_2015": 199.7411397, "GH_XST_D13_2015": 0.0, "GH_XST_D21_2015": 1046.806012, "GH_XST_D22_2015": 0, "GH_XST_D23_2015": 2883.290449, "GH_XST_D30_2015": 7256.651493, "GH_XST_D11_2020": 12.56277968, "GH_XST_D12_2020": 173.087372, "GH_XST_D13_2020": 0.0, "GH_XST_D21_2020": 1057.701067, "GH_XST_D22_2020": 0, "GH_XST_D23_2020": 1782.387924, "GH_XST_D30_2020": 8631.9452, "GH_XST_D11_2025": 0, "GH_XST_D12_2025": 0, "GH_XST_D13_2025": 0, "GH_XST_D21_2025": 0, "GH_XST_D22_2025": 0, "GH_XST_D23_2025": 0, "GH_XST_D30_2025": 10351.02864, "GH_L30_2025": 861.607569, "GH_W30_2025": 45.392431 }, "geometry": { "type": "Point", "coordinates": [ 39.188589759835089, -6.81572170270924 ] } },
{ "type": "Feature", "properties": { "fid": 6994, "ID_UC_G0": 7209, "GC_UCN_MAI_2025": "Port Harcourt", "GC_CNT_GAD_2025": "Nigeria", "GC_UCA_KM2_2025": 310, "GC_POP_TOT_2025": 2623779.514, "GC_DEV_WIG_2025": "Lower Middle", "GC_DEV_USR_2025": "Sub-Saharan Africa", "GH_BUS_TOT_1975": 32013175, "GH_BUS_TOT_1980": 34410889, "GH_BUS_TOT_1985": 37380909, "GH_BUS_TOT_1990": 40513237, "GH_BUS_TOT_1995": 45227327, "GH_BUS_TOT_2000": 50783458, "GH_BUS_TOT_2005": 58531996, "GH_BUS_TOT_2010": 70341732, "GH_BUS_TOT_2015": 82349249, "GH_BUS_TOT_2020": 83972835, "GH_BUS_TOT_2025": 84582248, "GH_BUS_TOT_2030": 85039007, "GH_BUS_NRE_1975": 1735618, "GH_BUS_NRE_1980": 1768853, "GH_BUS_NRE_1985": 1809525, "GH_BUS_NRE_1990": 1850143, "GH_BUS_NRE_1995": 1870862, "GH_BUS_NRE_2000": 1902141, "GH_BUS_NRE_2005": 1931537, "GH_BUS_NRE_2010": 1975929, "GH_BUS_NRE_2015": 2044081, "GH_BUS_NRE_2020": 2118465, "GH_BUS_NRE_2025": 2150811, "GH_BUS_NRE_2030": 2211880, "GH_BUS_RES_1975": 30277557, "GH_BUS_RES_1980": 32642036, "GH_BUS_RES_1985": 35571384, "GH_BUS_RES_1990": 38663094, "GH_BUS_RES_1995": 43356465, "GH_BUS_RES_2000": 48881317, "GH_BUS_RES_2005": 56600459, "GH_BUS_RES_2010": 68365803, "GH_BUS_RES_2015": 80305168, "GH_BUS_RES_2020": 81854370, "GH_BUS_RES_2025": 82431437, "GH_BUS_RES_2030": 82827127, "GH_BPC_TOT_1975": 86.82917461, "GH_BPC_TOT_1980": 70.70827282, "GH_BPC_TOT_1985": 62.04963321, "GH_BPC_TOT_1990": 59.9005257, "GH_BPC_TOT_1995": 58.46851524, "GH_BPC_TOT_2000": 57.01777693, "GH_BPC_TOT_2005": 57.37205395, "GH_BPC_TOT_2010": 54.86479099, "GH_BPC_TOT_2015": 50.02625759, "GH_BPC_TOT_2020": 39.77234199, "GH_BPC_TOT_2025": 32.23679717, "GH_BPC_TOT_2030": 27.01869813, "GH_BPC_NRE_1975": 4.70750803, "GH_BPC_NRE_1980": 3.634679142, "GH_BPC_NRE_1985": 3.003681974, "GH_BPC_NRE_1990": 2.73551428, "GH_BPC_NRE_1995": 2.418593594, "GH_BPC_NRE_2000": 2.135653134, "GH_BPC_NRE_2005": 1.893259286, "GH_BPC_NRE_2010": 1.541175182, "GH_BPC_NRE_2015": 1.24175659, "GH_BPC_NRE_2020": 1.003375847, "GH_BPC_NRE_2025": 0.819737706, "GH_BPC_NRE_2030": 0.70276124, "GH_BPC_RES_1975": 82.12166658, "GH_BPC_RES_1980": 67.07359368, "GH_BPC_RES_1985": 59.04595124, "GH_BPC_RES_1990": 57.16501142, "GH_BPC_RES_1995": 56.04992165, "GH_BPC_RES_2000": 54.8821238, "GH_BPC_RES_2005": 55.47879467, "GH_BPC_RES_2010": 53.32361581, "GH_BPC_RES_2015": 48.784501, "GH_BPC_RES_2020": 38.76896614, "GH_BPC_RES_2025": 31.41705946, "GH_BPC_RES_2030": 26.31593689, "GH_BUH_AVG_2020": 7.042129037, "GH_BUH_STD_2020": 2.339137916, "GH_BUH_MAX_2020": 29.19856262, "GH_BUV_TOT_1975": 274799372.0, "GH_BUV_TOT_1980": 293642700.0, "GH_BUV_TOT_1985": 316888453.0, "GH_BUV_TOT_1990": 341188717.0, "GH_BUV_TOT_1995": 379426379.0, "GH_BUV_TOT_2000": 424373021.0, "GH_BUV_TOT_2005": 482385788.0, "GH_BUV_TOT_2010": 569295873.0, "GH_BUV_TOT_2015": 656002812.0, "GH_BUV_TOT_2020": 664388563.0, "GH_BUV_TOT_2025": 668086529.0, "GH_BUV_TOT_2030": 671060476.0, "GH_BUV_NRE_1975": 17396009, "GH_BUV_NRE_1980": 17686431, "GH_BUV_NRE_1985": 18026815, "GH_BUV_NRE_1990": 18367460, "GH_BUV_NRE_1995": 18546950, "GH_BUV_NRE_2000": 18802494, "GH_BUV_NRE_2005": 19020331, "GH_BUV_NRE_2010": 19325753, "GH_BUV_NRE_2015": 19853798, "GH_BUV_NRE_2020": 20330991, "GH_BUV_NRE_2025": 20539258, "GH_BUV_NRE_2030": 20946356, "GH_BUV_RES_1975": 257403363.0, "GH_BUV_RES_1980": 275956269.0, "GH_BUV_RES_1985": 298861638.0, "GH_BUV_RES_1990": 322821257.0, "GH_BUV_RES_1995": 360879429.0, "GH_BUV_RES_2000": 405570527.0, "GH_BUV_RES_2005": 463365457.0, "GH_BUV_RES_2010": 549970120.0, "GH_BUV_RES_2015": 636149014.0, "GH_BUV_RES_2020": 644057572.0, "GH_BUV_RES_2025": 647547271.0, "GH_BUV_RES_2030": 650114120.0, "GH_BUT_S11_2020": 29809818, "GH_BUT_S12_2020": 53141743, "GH_BUT_S13_2020": 42535, "GH_BUT_S21_2020": 507028, "GH_BUT_S22_2020": 2011489, "GH_BUT_S23_2020": 0, "GH_BUT_V11_2020": 185259945, "GH_BUT_V12_2020": 462250521.0, "GH_BUT_V13_2020": 1076147, "GH_BUT_V21_2020": 2659925, "GH_BUT_V22_2020": 20673886, "GH_BUT_V23_2020": 0, "GH_BUT_P11_2020": 510340.4539, "GH_BUT_P12_2020": 1578226.344, "GH_BUT_P13_2020": 5565.972271, "GH_BUT_P21_2020": 1313.229559, "GH_BUT_P22_2020": 15891.4477, "GH_BUT_P23_2020": 0.0, "GH_AGE_S75_2025": 37.98242038, "GH_AGE_S85_2025": 6.05396182, "GH_AGE_S95_2025": 10.85923609, "GH_AGE_S05_2025": 10.55497603, "GH_AGE_S15_2025": 31.97638587, "GH_AGE_S25_2025": 2.573019814, "GH_POP_TOT_1975": 368691.4582, "GH_POP_TOT_1980": 486660.0134, "GH_POP_TOT_1985": 602435.6159, "GH_POP_TOT_1990": 676341.9273, "GH_POP_TOT_1995": 773533.0171000001, "GH_POP_TOT_2000": 890660.0841, "GH_POP_TOT_2005": 1020217.893, "GH_POP_TOT_2010": 1282092.408, "GH_POP_TOT_2015": 1646120.517, "GH_POP_TOT_2020": 2111337.447, "GH_POP_TOT_2025": 2623779.514, "GH_POP_TOT_2030": 3147413.195, "GH_POP_CAG_1980": 5.709134625, "GH_POP_CAG_1985": 4.360702801, "GH_POP_CAG_1990": 2.341348292, "GH_POP_CAG_1995": 2.721773515, "GH_POP_CAG_2000": 2.860025286, "GH_POP_CAG_2005": 2.753397213, "GH_POP_CAG_2010": 4.675556503, "GH_POP_CAG_2015": 5.125593309, "GH_POP_CAG_2020": 5.103990316, "GH_POP_CAG_2025": 4.441701213, "GH_XST_A11_1975": 82, "GH_XST_A12_1975": 55, "GH_XST_A13_1975": 12, "GH_XST_A21_1975": 59, "GH_XST_A22_1975": 0, "XST_A23_1975": 6, "XST_A30_1975": 96, "GH_XST_A11_1980": 55, "GH_XST_A12_1980": 58, "GH_XST_A13_1980": 7, "GH_XST_A21_1980": 66, "GH_XST_A22_1980": 0, "XST_A23_1980": 9, "XST_A30_1980": 115, "GH_XST_A11_1985": 43, "GH_XST_A12_1985": 56, "GH_XST_A13_1985": 10, "GH_XST_A21_1985": 60, "GH_XST_A22_1985": 0, "XST_A23_1985": 13, "XST_A30_1985": 128, "GH_XST_A11_1990": 38, "GH_XST_A12_1990": 46, "GH_XST_A13_1990": 7, "GH_XST_A21_1990": 72, "GH_XST_A22_1990": 0, "XST_A23_1990": 12, "XST_A30_1990": 135, "GH_XST_A11_1995": 27, "GH_XST_A12_1995": 44, "GH_XST_A13_1995": 4, "GH_XST_A21_1995": 70, "GH_XST_A22_1995": 0, "XST_A23_1995": 6, "XST_A30_1995": 159, "GH_XST_A11_2000": 22, "GH_XST_A12_2000": 43, "GH_XST_A13_2000": 0, "GH_XST_A21_2000": 68, "GH_XST_A22_2000": 0, "XST_A23_2000": 10, "XST_A30_2000": 167, "GH_XST_A11_2005": 10, "GH_XST_A12_2005": 16, "GH_XST_A13_2005": 0, "GH_XST_A21_2005": 79, "GH_XST_A22_2005": 0, "XST_A23_2005": 25, "XST_A30_2005": 180, "GH_XST_A11_2010": 1, "GH_XST_A12_2010": 7, "GH_XST_A13_2010": 0, "GH_XST_A21_2010": 45, "GH_XST_A22_2010": 0, "XST_A23_2010": 26, "XST_A30_2010": 231, "GH_XST_A11_2015": 0, "GH_XST_A12_2015": 1, "GH_XST_A13_2015": 0, "GH_XST_A21_2015": 11, "GH_XST_A22_2015": 0, "XST_A23_2015": 0, "XST_A30_2015": 298, "GH_XST_A11_2020": 0, "GH_XST_A12_2020": 0, "GH_XST_A13_2020": 0, "GH_XST_A21_2020": 5, "GH_XST_A22_2020": 0, "XST_A23_2020": 0, "XST_A30_2020": 305, "GH_XST_A11_2025": 0, "GH_XST_A12_2025": 0, "GH_XST_A13_2025": 0, "GH_XST_A21_2025": 0, "GH_XST_A22_2025": 0, "XST_A23_2025": 0, "XST_A30_2025": 310, "GH_XST_S11_1975": 161878, "GH_XST_S12_1975": 957834, "GH_XST_S13_1975": 799460, "GH_XST_S21_1975": 5267643, "GH_XST_S22_1975": 0, "GH_XST_S23_1975": 1005177, "GH_XST_S30_1975": 23821183, "GH_XST_S11_1980": 101602, "GH_XST_S12_1980": 780000, "GH_XST_S13_1980": 580634, "GH_XST_S21_1980": 4808479, "GH_XST_S22_1980": 0, "GH_XST_S23_1980": 1614934, "GH_XST_S30_1980": 26525240, "GH_XST_S11_1985": 80469, "GH_XST_S12_1985": 757310, "GH_XST_S13_1985": 759105, "GH_XST_S21_1985": 4050119, "GH_XST_S22_1985": 0, "GH_XST_S23_1985": 2474094, "GH_XST_S30_1985": 29259812, "GH_XST_S11_1990": 72408, "GH_XST_S12_1990": 668840, "GH_XST_S13_1990": 630840, "GH_XST_S21_1990": 5018300, "GH_XST_S22_1990": 0, "GH_XST_S23_1990": 2338073, "GH_XST_S30_1990": 31784776, "GH_XST_S11_1995": 47725, "GH_XST_S12_1995": 631628, "GH_XST_S13_1995": 294354, "GH_XST_S21_1995": 5344472, "GH_XST_S22_1995": 0, "GH_XST_S23_1995": 1233217, "GH_XST_S30_1995": 37675931, "GH_XST_S11_2000": 34212, "GH_XST_S12_2000": 629305, "GH_XST_S13_2000": 0, "GH_XST_S21_2000": 5323144, "GH_XST_S22_2000": 0, "GH_XST_S23_2000": 1898308, "GH_XST_S30_2000": 42898489, "GH_XST_S11_2005": 30133, "GH_XST_S12_2005": 410251, "GH_XST_S13_2005": 0, "GH_XST_S21_2005": 5720590, "GH_XST_S22_2005": 0, "GH_XST_S23_2005": 4547277, "GH_XST_S30_2005": 47823745, "GH_XST_S11_2010": 767, "GH_XST_S12_2010": 86095, "GH_XST_S13_2010": 0, "GH_XST_S21_2010": 4298330, "GH_XST_S22_2010": 0, "GH_XST_S23_2010": 5183314, "GH_XST_S30_2010": 60773226, "GH_XST_S11_2015": 0, "GH_XST_S12_2015": 28715, "GH_XST_S13_2015": 0, "GH_XST_S21_2015": 1323219, "GH_XST_S22_2015": 0, "GH_XST_S23_2015": 0, "GH_XST_S30_2015": 80997315, "GH_XST_S11_2020": 0, "GH_XST_S12_2020": 0, "GH_XST_S13_2020": 0, "GH_XST_S21_2020": 358084, "GH_XST_S22_2020": 0, "GH_XST_S23_2020": 0, "GH_XST_S30_2020": 83614751, "GH_XST_S11_2025": 0, "GH_XST_S12_2025": 0, "GH_XST_S13_2025": 0, "GH_XST_S21_2025": 0, "GH_XST_S22_2025": 0, "GH_XST_S23_2025": 0, "GH_XST_S30_2025": 84582248, "GH_XST_V11_1975": 840462, "GH_XST_V12_1975": 6808926, "GH_XST_V13_1975": 5670997, "GH_XST_V21_1975": 41741067, "GH_XST_V22_1975": 0, "GH_XST_V23_1975": 7968463, "GH_XST_V30_1975": 211769457.0, "GH_XST_V11_1980": 524154, "GH_XST_V12_1980": 5392318, "GH_XST_V13_1980": 4181979, "GH_XST_V21_1980": 37444575, "GH_XST_V22_1980": 0, "GH_XST_V23_1980": 12608325, "GH_XST_V30_1980": 233491349.0, "GH_XST_V11_1985": 378685, "GH_XST_V12_1985": 5038177, "GH_XST_V13_1985": 5464985, "GH_XST_V21_1985": 31011297, "GH_XST_V22_1985": 0, "GH_XST_V23_1985": 19191379, "GH_XST_V30_1985": 255803930.0, "GH_XST_V11_1990": 329920, "GH_XST_V12_1990": 4436300, "GH_XST_V13_1990": 4403735, "GH_XST_V21_1990": 37916728, "GH_XST_V22_1990": 0, "GH_XST_V23_1990": 18124738, "GH_XST_V30_1990": 275977296.0, "GH_XST_V11_1995": 223948, "GH_XST_V12_1995": 4138614, "GH_XST_V13_1995": 1916258, "GH_XST_V21_1995": 40329279, "GH_XST_V22_1995": 0, "GH_XST_V23_1995": 9657898, "GH_XST_V30_1995": 323160382.0, "GH_XST_V11_2000": 145085, "GH_XST_V12_2000": 3942472, "GH_XST_V13_2000": 0, "GH_XST_V21_2000": 39516158, "GH_XST_V22_2000": 0, "GH_XST_V23_2000": 14680181, "GH_XST_V30_2000": 366089125.0, "GH_XST_V11_2005": 86914, "GH_XST_V12_2005": 2459704, "GH_XST_V13_2005": 0, "GH_XST_V21_2005": 40395056, "GH_XST_V22_2005": 0, "GH_XST_V23_2005": 34649506, "GH_XST_V30_2005": 404794608.0, "GH_XST_V11_2010": 1946, "GH_XST_V12_2010": 280682, "GH_XST_V13_2010": 0, "GH_XST_V21_2010": 28275403, "GH_XST_V22_2010": 0, "GH_XST_V23_2010": 38210173, "GH_XST_V30_2010": 502527669.0, "GH_XST_V11_2015": 0, "GH_XST_V12_2015": 81461, "GH_XST_V13_2015": 0, "GH_XST_V21_2015": 9144246, "GH_XST_V22_2015": 0, "GH_XST_V23_2015": 0, "GH_XST_V30_2015": 646777105.0, "GH_XST_V11_2020": 0, "GH_XST_V12_2020": 0, "GH_XST_V13_2020": 0, "GH_XST_V21_2020": 1578387, "GH_XST_V22_2020": 0, "GH_XST_V23_2020": 0, "GH_XST_V30_2020": 662810176.0, "GH_XST_V11_2025": 0, "GH_XST_V12_2025": 0, "GH_XST_V13_2025": 0, "GH_XST_V21_2025": 0, "GH_XST_V22_2025": 0, "GH_XST_V23_2025": 0, "GH_XST_V30_2025": 668086529.0, "GH_XST_P11_1975": 1109.503238, "GH_XST_P12_1975": 7945.309949, "GH_XST_P13_1975": 7762.794512, "GH_XST_P21_1975": 51104.51214, "GH_XST_P22_1975": 0.0, "GH_XST_P23_1975": 23208.24557, "GH_XST_P30_1975": 277561.0928, "GH_XST_P11_1980": 833.9916932, "GH_XST_P12_1980": 7457.310945, "GH_XST_P13_1980": 5554.104232, "GH_XST_P21_1980": 56809.15642, "GH_XST_P22_1980": 0.0, "GH_XST_P23_1980": 29420.86183, "GH_XST_P30_1980": 386584.5883, "GH_XST_P11_1985": 686.6407032, "GH_XST_P12_1985": 8142.723011, "GH_XST_P13_1985": 8181.631622, "GH_XST_P21_1985": 53317.17081, "GH_XST_P22_1985": 0.0, "GH_XST_P23_1985": 39668.60894, "GH_XST_P30_1985": 492438.8408, "GH_XST_P11_1990": 639.0146594, "GH_XST_P12_1990": 6900.098886, "GH_XST_P13_1990": 6757.017886, "GH_XST_P21_1990": 65942.39387, "GH_XST_P22_1990": 0.0, "GH_XST_P23_1990": 38761.14647, "GH_XST_P30_1990": 557342.2555, "GH_XST_P11_1995": 414.21104, "GH_XST_P12_1995": 6482.359517, "GH_XST_P13_1995": 2876.718169, "GH_XST_P21_1995": 72096.07644, "GH_XST_P22_1995": 0.0, "GH_XST_P23_1995": 27661.60672, "GH_XST_P30_1995": 664002.0452000001, "GH_XST_P11_2000": 272.4531178, "GH_XST_P12_2000": 6317.437248, "GH_XST_P13_2000": 0.0, "GH_XST_P21_2000": 73904.17025, "GH_XST_P22_2000": 0.0, "GH_XST_P23_2000": 37844.2144, "GH_XST_P30_2000": 772321.8091, "GH_XST_P11_2005": 187.9451494, "GH_XST_P12_2005": 3560.546629, "GH_XST_P13_2005": 0.0, "GH_XST_P21_2005": 68048.16135, "GH_XST_P22_2005": 0.0, "GH_XST_P23_2005": 79460.16009, "GH_XST_P30_2005": 868961.0796000001, "GH_XST_P11_2010": 2.864101252, "GH_XST_P12_2010": 633.4169688, "GH_XST_P13_2010": 0.0, "GH_XST_P21_2010": 44679.67466, "GH_XST_P22_2010": 0.0, "GH_XST_P23_2010": 90304.33755, "GH_XST_P30_2010": 1146472.115, "GH_XST_P11_2015": 0.0, "GH_XST_P12_2015": 131.0904132, "GH_XST_P13_2015": 0.0, "GH_XST_P21_2015": 11437.15263, "GH_XST_P22_2015": 0, "GH_XST_P23_2015": 0.0, "GH_XST_P30_2015": 1634552.274, "GH_XST_P11_2020": 0.0, "GH_XST_P12_2020": 0.0, "GH_XST_P13_2020": 0.0, "GH_XST_P21_2020": 4211.877761, "GH_XST_P22_2020": 0, "GH_XST_P23_2020": 0.0, "GH_XST_P30_2020": 2107125.57, "GH_XST_P11_2025": 0, "GH_XST_P12_2025": 0, "GH_XST_P13_2025": 0, "GH_XST_P21_2025": 0, "GH_XST_P22_2025": 0, "GH_XST_P23_2025": 0, "GH_XST_P30_2025": 2623779.514, "GH_XST_D11_1975": 13.92063056, "GH_XST_D12_1975": 147.6500584, "GH_XST_D13_1975": 666.0201486, "GH_XST_D21_1975": 897.5665613, "GH_XST_D22_1975": 0.0, "GH_XST_D23_1975": 3870.820177, "GH_XST_D30_1975": 3037.965663, "GH_XST_D11_1980": 15.46743276, "GH_XST_D12_1980": 131.8948686, "GH_XST_D13_1980": 807.9641942, "GH_XST_D21_1980": 888.3538076, "GH_XST_D22_1980": 0.0, "GH_XST_D23_1980": 3345.97174, "GH_XST_D30_1980": 3533.9716, "GH_XST_D11_1985": 16.31870008, "GH_XST_D12_1985": 149.2989761, "GH_XST_D13_1985": 828.5871196000001, "GH_XST_D21_1985": 910.8492914, "GH_XST_D22_1985": 0.0, "GH_XST_D23_1985": 3100.825218, "GH_XST_D30_1985": 4048.114081, "GH_XST_D11_1990": 17.22745489, "GH_XST_D12_1990": 153.2249364, "GH_XST_D13_1990": 982.9539173, "GH_XST_D21_1990": 936.3020234000001, "GH_XST_D22_1990": 0.0, "GH_XST_D23_1990": 3231.25556, "GH_XST_D30_1990": 4352.802123, "GH_XST_D11_1995": 15.84776875, "GH_XST_D12_1995": 148.4852361, "GH_XST_D13_1995": 742.5329459, "GH_XST_D21_1995": 1063.985779, "GH_XST_D22_1995": 0.0, "GH_XST_D23_1995": 4613.580338, "GH_XST_D30_1995": 4367.222718, "GH_XST_D11_2000": 12.75881222, "GH_XST_D12_2000": 148.7621979, "GH_XST_D13_2000": 0.0, "GH_XST_D21_2000": 1126.463707, "GH_XST_D22_2000": 0.0, "GH_XST_D23_2000": 3786.052471, "GH_XST_D30_2000": 4825.739242, "GH_XST_D11_2005": 19.60350453, "GH_XST_D12_2005": 226.233032, "GH_XST_D13_2005": 0.0, "GH_XST_D21_2005": 884.5734752, "GH_XST_D22_2005": 0.0, "GH_XST_D23_2005": 3178.954201, "GH_XST_D30_2005": 5045.738472, "GH_XST_D11_2010": 2.864101252, "GH_XST_D12_2010": 90.4881384, "GH_XST_D13_2010": 0.0, "GH_XST_D21_2010": 1014.333298, "GH_XST_D22_2010": 0.0, "GH_XST_D23_2010": 3473.953775, "GH_XST_D30_2010": 5177.748665, "GH_XST_D11_2015": 0.0, "GH_XST_D12_2015": 131.0904132, "GH_XST_D13_2015": 0.0, "GH_XST_D21_2015": 1123.158762, "GH_XST_D22_2015": 0, "GH_XST_D23_2015": 0.0, "GH_XST_D30_2015": 5669.959628, "GH_XST_D11_2020": 0.0, "GH_XST_D12_2020": 0.0, "GH_XST_D13_2020": 0.0, "GH_XST_D21_2020": 1006.897824, "GH_XST_D22_2020": 0, "GH_XST_D23_2020": 0.0, "GH_XST_D30_2020": 7135.955837, "GH_XST_D11_2025": 0, "GH_XST_D12_2025": 0, "GH_XST_D13_2025": 0, "GH_XST_D21_2025": 0, "GH_XST_D22_2025": 0, "GH_XST_D23_2025": 0, "GH_XST_D30_2025": 8761.530128, "GH_L30_2025": 299.465901, "GH_W30_2025": 10.534099 }, "geometry": { "type": "Point", "coordinates": [ 6.998923523729015, 4.841383391129176 ] } }
]
}
