{
"type": "FeatureCollection",
"name": "Training_polygons",
"crs": { "type": "name", "properties": { "name": "urn:ogc:def:crs:OGC:1.3:CRS84" } },
"features": [
{ "type": "Feature", "properties": { "fid": 1, "class": 1.0 }, "geometry": { "type": "MultiPolygon", "coordinates": [ [ [ [ 32.554329244827571, 0.335421015705739 ], [ 32.554337014154704, 0.335417131042172 ], [ 32.554356437472542, 0.335409361715036 ], [ 32.554371976126809, 0.335401592387901 ], [ 32.554403053435351, 0.33538605373363 ], [ 32.554418592089625, 0.335378284406495 ], [ 32.554445784734597, 0.335362745752225 ], [ 32.55450405468811, 0.335323899116548 ], [ 32.554535131996651, 0.33530447579871 ], [ 32.554562324641623, 0.335292821808007 ], [ 32.554616709931572, 0.335253975172331 ], [ 32.55463613324941, 0.335242321181628 ], [ 32.554655556567248, 0.335234551854493 ], [ 32.554682749212219, 0.335230667190925 ], [ 32.554702172530064, 0.33522289786379 ], [ 32.554725480511465, 0.335215128536654 ], [ 32.554752673156443, 0.335203474545952 ], [ 32.554775981137844, 0.335195705218816 ], [ 32.554803173782823, 0.335187935891681 ], [ 32.554826481764223, 0.33517239723741 ], [ 32.554845905082061, 0.33517239723741 ], [ 32.554865328399899, 0.33517239723741 ], [ 32.55489640570844, 0.335168512573843 ], [ 32.554935252344116, 0.335164627910275 ], [ 32.554954675661961, 0.335160743246707 ], [ 32.554977983643361, 0.33515685858314 ], [ 32.554997406961199, 0.335152973919572 ], [ 32.55500517628834, 0.335149089256005 ], [ 32.555028484269741, 0.335141319928869 ], [ 32.555051792251149, 0.335133550601734 ], [ 32.555067330905416, 0.335129665938166 ], [ 32.555082869559691, 0.335121896611031 ], [ 32.555106177541091, 0.335110242620328 ], [ 32.555137254849633, 0.335106357956761 ], [ 32.555160562831041, 0.335098588629625 ], [ 32.555176101485316, 0.33509081930249 ], [ 32.555191640139583, 0.335086934638922 ], [ 32.555203294130287, 0.335086934638922 ], [ 32.555218832784554, 0.335083049975355 ], [ 32.555226602111695, 0.335083049975355 ], [ 32.555238256102392, 0.335075280648219 ], [ 32.555249910093096, 0.335067511321084 ], [ 32.555269333410934, 0.335063626657517 ], [ 32.555280987401638, 0.335055857330381 ], [ 32.555292641392342, 0.335055857330381 ], [ 32.555300410719475, 0.335055857330381 ], [ 32.555312064710179, 0.335051972666814 ], [ 32.555323718700883, 0.335048088003246 ], [ 32.555339257355151, 0.335044203339678 ], [ 32.555347026682291, 0.335044203339678 ], [ 32.555358680672988, 0.335040318676111 ], [ 32.555366450000129, 0.335040318676111 ], [ 32.555378103990833, 0.335040318676111 ], [ 32.5553936426451, 0.335040318676111 ], [ 32.555405296635804, 0.335036434012543 ], [ 32.555413065962938, 0.335036434012543 ], [ 32.555424719953642, 0.335036434012543 ], [ 32.555440258607909, 0.335032549348975 ], [ 32.555451912598613, 0.335028664685408 ], [ 32.555467451252888, 0.33502478002184 ], [ 32.555475220580021, 0.33502478002184 ], [ 32.555486874570725, 0.33502478002184 ], [ 32.555494643897859, 0.335020895358273 ], [ 32.555502413224993, 0.335020895358273 ], [ 32.555510182552126, 0.335020895358273 ], [ 32.55552183654283, 0.335017010694705 ], [ 32.555529605869971, 0.335017010694705 ], [ 32.555537375197105, 0.335017010694705 ], [ 32.555545144524238, 0.335017010694705 ], [ 32.555552913851372, 0.335013126031137 ], [ 32.555560683178506, 0.335013126031137 ], [ 32.555568452505646, 0.33500924136757 ], [ 32.55558010649635, 0.335001472040434 ], [ 32.555587875823484, 0.334993702713299 ], [ 32.555603414477751, 0.334985933386164 ], [ 32.555615068468455, 0.334982048722596 ], [ 32.555626722459159, 0.334974279395461 ], [ 32.555634491786293, 0.334962625404758 ], [ 32.555638376449863, 0.334950971414055 ], [ 32.555646145776997, 0.334939317423352 ], [ 32.555646145776997, 0.334927663432649 ], [ 32.555650030440567, 0.334916009441946 ], [ 32.555650030440567, 0.334904355451243 ], [ 32.555653915104131, 0.334888816796973 ], [ 32.555653915104131, 0.334881047469838 ], [ 32.555657799767701, 0.334873278142702 ], [ 32.555657799767701, 0.334861624151999 ], [ 32.555661684431264, 0.334846085497729 ], [ 32.555669453758405, 0.334842200834161 ], [ 32.555677223085539, 0.334830546843458 ], [ 32.555677223085539, 0.334818892852755 ], [ 32.555681107749102, 0.334803354198485 ], [ 32.555688877076243, 0.334791700207782 ], [ 32.555688877076243, 0.334783930880647 ], [ 32.555696646403376, 0.334768392226376 ], [ 32.555700531066947, 0.334756738235673 ], [ 32.55570441573051, 0.33474508424497 ], [ 32.55570830039408, 0.334733430254267 ], [ 32.55570830039408, 0.334721776263564 ], [ 32.55570830039408, 0.334710122272861 ], [ 32.555712185057644, 0.334698468282159 ], [ 32.555716069721214, 0.33467904496432 ], [ 32.555716069721214, 0.33466350631005 ], [ 32.555719954384784, 0.334644082992212 ], [ 32.555719954384784, 0.334632429001509 ], [ 32.555719954384784, 0.334624659674373 ], [ 32.555719954384784, 0.334613005683671 ], [ 32.555719954384784, 0.334593582365832 ], [ 32.555719954384784, 0.334578043711562 ], [ 32.555719954384784, 0.334558620393724 ], [ 32.555719954384784, 0.334539197075885 ], [ 32.555719954384784, 0.334527543085183 ], [ 32.555719954384784, 0.33451588909448 ], [ 32.555719954384784, 0.334488696449506 ], [ 32.555716069721214, 0.334473157795236 ], [ 32.555716069721214, 0.334461503804533 ], [ 32.555716069721214, 0.334453734477397 ], [ 32.555716069721214, 0.334414887841721 ], [ 32.555723839048348, 0.334391579860315 ], [ 32.555739377702622, 0.334348848561071 ], [ 32.555751031693326, 0.334321655916098 ], [ 32.555762685684023, 0.334286693943989 ], [ 32.555770455011164, 0.334255616635448 ], [ 32.555778224338297, 0.334232308654042 ], [ 32.555789878329001, 0.334209000672636 ], [ 32.555789878329001, 0.334197346681933 ], [ 32.555789878329001, 0.33418569269123 ], [ 32.555793762992565, 0.33417015403696 ], [ 32.555797647656135, 0.334158500046257 ], [ 32.555797647656135, 0.334146846055554 ], [ 32.555801532319705, 0.334139076728419 ], [ 32.555801532319705, 0.334127422737716 ], [ 32.555805416983269, 0.334115768747013 ], [ 32.555813186310402, 0.33410411475631 ], [ 32.555817070973973, 0.334096345429175 ], [ 32.555820955637543, 0.334084691438472 ], [ 32.555824840301106, 0.334065268120634 ], [ 32.555828724964677, 0.334053614129931 ], [ 32.555828724964677, 0.334045844802795 ], [ 32.55583260962824, 0.33403807547566 ], [ 32.55583649429181, 0.334026421484957 ], [ 32.55583649429181, 0.334018652157822 ], [ 32.555840378955381, 0.334010882830687 ], [ 32.555840378955381, 0.334003113503551 ], [ 32.555844263618944, 0.333991459512848 ], [ 32.555844263618944, 0.333983690185713 ], [ 32.555844263618944, 0.33397203619501 ], [ 32.555844263618944, 0.333964266867875 ], [ 32.555844263618944, 0.333952612877172 ], [ 32.555848148282514, 0.333944843550037 ], [ 32.555855917609648, 0.333933189559334 ], [ 32.555855917609648, 0.333925420232199 ], [ 32.555855917609648, 0.333909881577928 ], [ 32.555855917609648, 0.333902112250793 ], [ 32.555863686936782, 0.333886573596522 ], [ 32.555863686936782, 0.333874919605819 ], [ 32.555871456263922, 0.333859380951549 ], [ 32.555871456263922, 0.333851611624414 ], [ 32.555875340927486, 0.333843842297278 ], [ 32.555879225591056, 0.333836072970143 ], [ 32.555879225591056, 0.33382441897944 ], [ 32.555883110254619, 0.333808880325169 ], [ 32.55588699491819, 0.333793341670899 ], [ 32.55589087958176, 0.333777803016628 ], [ 32.55589087958176, 0.333766149025925 ], [ 32.555894764245323, 0.333750610371655 ], [ 32.555894764245323, 0.333738956380952 ], [ 32.555894764245323, 0.333727302390249 ], [ 32.555898648908894, 0.333711763735979 ], [ 32.555898648908894, 0.333703994408843 ], [ 32.555902533572464, 0.333696225081708 ], [ 32.555906418236027, 0.333680686427437 ], [ 32.555906418236027, 0.333669032436735 ], [ 32.555910302899598, 0.333661263109599 ], [ 32.555910302899598, 0.333653493782464 ], [ 32.555918072226731, 0.333645724455329 ], [ 32.555918072226731, 0.333634070464626 ], [ 32.555918072226731, 0.33362630113749 ], [ 32.555918072226731, 0.333618531810355 ], [ 32.555918072226731, 0.33361076248322 ], [ 32.555918072226731, 0.333599108492517 ], [ 32.555921956890302, 0.333583569838246 ], [ 32.555925841553865, 0.333575800511111 ], [ 32.555925841553865, 0.333564146520408 ], [ 32.555929726217435, 0.333556377193273 ], [ 32.555929726217435, 0.333548607866138 ], [ 32.555933610880999, 0.333536953875435 ], [ 32.555937495544569, 0.3335291845483 ], [ 32.555937495544569, 0.333521415221164 ], [ 32.555941380208139, 0.333513645894029 ], [ 32.555941380208139, 0.333505876566894 ], [ 32.555941380208139, 0.333498107239758 ], [ 32.555941380208139, 0.333490337912623 ], [ 32.555945264871703, 0.33347868392192 ], [ 32.555949149535273, 0.333467029931217 ], [ 32.555953034198843, 0.333459260604082 ], [ 32.555953034198843, 0.333447606613379 ], [ 32.555956918862407, 0.333439837286244 ], [ 32.555960803525977, 0.333428183295541 ], [ 32.555960803525977, 0.333420413968406 ], [ 32.555960803525977, 0.33341264464127 ], [ 32.55596468818954, 0.333404875314135 ], [ 32.555968572853111, 0.333397105987 ], [ 32.555976342180244, 0.333385451996297 ], [ 32.555980226843815, 0.333373798005594 ], [ 32.555980226843815, 0.333366028678459 ], [ 32.555987996170948, 0.333358259351324 ], [ 32.555987996170948, 0.333350490024188 ], [ 32.555991880834519, 0.333342720697053 ], [ 32.555995765498082, 0.333334951369918 ], [ 32.555995765498082, 0.333327182042782 ], [ 32.555995765498082, 0.333319412715647 ], [ 32.555999650161652, 0.333311643388512 ], [ 32.555999650161652, 0.333303874061377 ], [ 32.556003534825223, 0.333292220070674 ], [ 32.556003534825223, 0.333284450743538 ], [ 32.556007419488786, 0.333272796752835 ], [ 32.556007419488786, 0.333261142762133 ], [ 32.556007419488786, 0.333253373434997 ], [ 32.556011304152356, 0.333245604107862 ], [ 32.556011304152356, 0.333237834780727 ], [ 32.55601518881592, 0.333230065453591 ], [ 32.55601518881592, 0.333222296126456 ], [ 32.55601907347949, 0.333210642135753 ], [ 32.55601907347949, 0.333202872808618 ], [ 32.55602295814306, 0.333191218817915 ], [ 32.556026842806624, 0.33318344949078 ], [ 32.556034612133757, 0.333171795500077 ], [ 32.556034612133757, 0.333164026172942 ], [ 32.556038496797328, 0.333156256845806 ], [ 32.556038496797328, 0.333148487518671 ], [ 32.556038496797328, 0.333140718191536 ], [ 32.556042381460898, 0.333129064200833 ], [ 32.556042381460898, 0.33311741021013 ], [ 32.556046266124461, 0.333105756219427 ], [ 32.556046266124461, 0.333097986892292 ], [ 32.556050150788032, 0.333086332901589 ], [ 32.556050150788032, 0.333074678910886 ], [ 32.556054035451602, 0.333066909583751 ], [ 32.556057920115165, 0.333055255593048 ], [ 32.556061804778736, 0.333043601602345 ], [ 32.556061804778736, 0.333031947611642 ], [ 32.556061804778736, 0.333024178284507 ], [ 32.556061804778736, 0.333016408957371 ], [ 32.556061804778736, 0.333008639630236 ], [ 32.556061804778736, 0.332996985639533 ], [ 32.556065689442299, 0.332981446985263 ], [ 32.556065689442299, 0.332973677658127 ], [ 32.556069574105869, 0.332965908330992 ], [ 32.556069574105869, 0.332958139003857 ], [ 32.55607345876944, 0.332942600349586 ], [ 32.556077343433003, 0.332927061695316 ], [ 32.556081228096573, 0.332915407704613 ], [ 32.556081228096573, 0.332907638377477 ], [ 32.556081228096573, 0.332899869050342 ], [ 32.556085112760137, 0.332892099723207 ], [ 32.556088997423707, 0.332880445732504 ], [ 32.556096766750841, 0.332876561068936 ], [ 32.556100651414411, 0.332868791741801 ], [ 32.556108420741545, 0.332853253087531 ], [ 32.556112305405115, 0.332845483760395 ], [ 32.556116190068678, 0.332833829769692 ], [ 32.556120074732249, 0.332826060442557 ], [ 32.556120074732249, 0.332810521788287 ], [ 32.556123959395819, 0.332802752461151 ], [ 32.556127844059382, 0.332791098470448 ], [ 32.556135613386516, 0.332787213806881 ], [ 32.556143382713657, 0.332775559816178 ], [ 32.556143382713657, 0.332767790489043 ], [ 32.556143382713657, 0.332760021161907 ], [ 32.55614726737722, 0.332752251834772 ], [ 32.556158921367924, 0.332740597844069 ], [ 32.556162806031494, 0.332732828516934 ], [ 32.556170575358628, 0.332721174526231 ], [ 32.556174460022199, 0.332713405199096 ], [ 32.556178344685762, 0.33270563587196 ], [ 32.556178344685762, 0.332697866544825 ], [ 32.556186114012895, 0.332686212554122 ], [ 32.556189998676466, 0.332674558563419 ], [ 32.556189998676466, 0.332666789236284 ], [ 32.556189998676466, 0.332659019909149 ], [ 32.556189998676466, 0.332651250582013 ], [ 32.556189998676466, 0.332643481254878 ], [ 32.556189998676466, 0.332635711927743 ], [ 32.556189998676466, 0.33262405793704 ], [ 32.556189998676466, 0.332616288609905 ], [ 32.556189998676466, 0.332608519282769 ], [ 32.556189998676466, 0.332596865292066 ], [ 32.556189998676466, 0.332589095964931 ], [ 32.556189998676466, 0.332577441974228 ], [ 32.556189998676466, 0.332565787983525 ], [ 32.556189998676466, 0.33255801865639 ], [ 32.556189998676466, 0.332550249329255 ], [ 32.556189998676466, 0.33254248000212 ], [ 32.556189998676466, 0.332530826011417 ], [ 32.556189998676466, 0.332515287357146 ], [ 32.556189998676466, 0.332499748702876 ], [ 32.556189998676466, 0.332488094712173 ], [ 32.556189998676466, 0.332480325385037 ], [ 32.556189998676466, 0.332472556057902 ], [ 32.556189998676466, 0.332460902067199 ], [ 32.556186114012895, 0.332453132740064 ], [ 32.556178344685762, 0.332449248076496 ], [ 32.556166690695058, 0.332449248076496 ], [ 32.556155036704354, 0.332449248076496 ], [ 32.556139498050086, 0.332449248076496 ], [ 32.556127844059382, 0.332460902067199 ], [ 32.556120074732249, 0.332468671394334 ], [ 32.556104536077981, 0.332472556057902 ], [ 32.556088997423707, 0.332480325385037 ], [ 32.556077343433003, 0.332488094712173 ], [ 32.556057920115165, 0.332495864039308 ], [ 32.556038496797328, 0.332503633366443 ], [ 32.556030727470194, 0.332511402693578 ], [ 32.55601907347949, 0.332526941347849 ], [ 32.556003534825223, 0.332530826011417 ], [ 32.555991880834519, 0.332538595338552 ], [ 32.555984111507378, 0.332538595338552 ], [ 32.555976342180244, 0.332550249329255 ], [ 32.55596468818954, 0.332550249329255 ], [ 32.555956918862407, 0.33255801865639 ], [ 32.555945264871703, 0.332561903319958 ], [ 32.555933610880999, 0.332565787983525 ], [ 32.555925841553865, 0.332569672647093 ], [ 32.555918072226731, 0.332573557310661 ], [ 32.555910302899598, 0.332577441974228 ], [ 32.555906418236027, 0.332585211301364 ], [ 32.555898648908894, 0.332592980628499 ], [ 32.555883110254619, 0.332596865292066 ], [ 32.555875340927486, 0.332604634619202 ], [ 32.555863686936782, 0.332604634619202 ], [ 32.555855917609648, 0.332608519282769 ], [ 32.555848148282514, 0.332612403946337 ], [ 32.55583649429181, 0.332616288609905 ], [ 32.555824840301106, 0.332620173273472 ], [ 32.555817070973973, 0.332620173273472 ], [ 32.555809301646839, 0.332620173273472 ], [ 32.555797647656135, 0.332620173273472 ], [ 32.555785993665431, 0.33262405793704 ], [ 32.555770455011164, 0.33262405793704 ], [ 32.55575880102046, 0.33262405793704 ], [ 32.555751031693326, 0.33262405793704 ], [ 32.555735493039052, 0.332627942600608 ], [ 32.555723839048348, 0.332627942600608 ], [ 32.55570830039408, 0.332627942600608 ], [ 32.555700531066947, 0.332627942600608 ], [ 32.555688877076243, 0.332627942600608 ], [ 32.555677223085539, 0.332627942600608 ], [ 32.555657799767701, 0.332631827264175 ], [ 32.555638376449863, 0.332631827264175 ], [ 32.555622837795589, 0.332635711927743 ], [ 32.555615068468455, 0.332635711927743 ], [ 32.555603414477751, 0.33263959659131 ], [ 32.555591760487047, 0.33263959659131 ], [ 32.55558010649635, 0.332643481254878 ], [ 32.555568452505646, 0.332643481254878 ], [ 32.555560683178506, 0.332647365918446 ], [ 32.555552913851372, 0.332651250582013 ], [ 32.555541259860668, 0.332659019909149 ], [ 32.555529605869971, 0.332659019909149 ], [ 32.55552183654283, 0.332662904572716 ], [ 32.555510182552126, 0.332662904572716 ], [ 32.555498528561429, 0.332666789236284 ], [ 32.555486874570725, 0.332670673899852 ], [ 32.555479105243592, 0.332670673899852 ], [ 32.555467451252888, 0.332674558563419 ], [ 32.555455797262184, 0.332674558563419 ], [ 32.555440258607909, 0.332678443226987 ], [ 32.555432489280776, 0.332678443226987 ], [ 32.555420835290072, 0.332682327890555 ], [ 32.555409181299368, 0.332682327890555 ], [ 32.555401411972234, 0.332682327890555 ], [ 32.555378103990833, 0.332686212554122 ], [ 32.555370334663692, 0.332686212554122 ], [ 32.555358680672988, 0.33269009721769 ], [ 32.555347026682291, 0.33269009721769 ], [ 32.555339257355151, 0.33269009721769 ], [ 32.555327603364454, 0.332693981881257 ], [ 32.555308180046609, 0.332693981881257 ], [ 32.555296526055912, 0.332697866544825 ], [ 32.555288756728771, 0.332697866544825 ], [ 32.555280987401638, 0.332697866544825 ], [ 32.555269333410934, 0.332697866544825 ], [ 32.555249910093096, 0.332701751208393 ], [ 32.555238256102392, 0.332701751208393 ], [ 32.555222717448125, 0.33270563587196 ], [ 32.555214948120991, 0.33270563587196 ], [ 32.555203294130287, 0.33270563587196 ], [ 32.555191640139583, 0.33270563587196 ], [ 32.555179986148879, 0.33270563587196 ], [ 32.555168332158175, 0.33270563587196 ], [ 32.555160562831041, 0.33270563587196 ], [ 32.555152793503908, 0.33270563587196 ], [ 32.555141139513204, 0.33270563587196 ], [ 32.5551294855225, 0.33270563587196 ], [ 32.555121716195366, 0.33270563587196 ], [ 32.555110062204662, 0.33270563587196 ], [ 32.555098408213958, 0.33270563587196 ], [ 32.555090638886824, 0.33270563587196 ], [ 32.55507898489612, 0.33270563587196 ], [ 32.555071215568987, 0.33270563587196 ], [ 32.555059561578283, 0.33270563587196 ], [ 32.555051792251149, 0.33270563587196 ], [ 32.555044022924015, 0.33270563587196 ], [ 32.555028484269741, 0.332701751208393 ], [ 32.555020714942607, 0.332701751208393 ], [ 32.555012945615474, 0.332697866544825 ], [ 32.55500129162477, 0.332697866544825 ], [ 32.554989637634066, 0.332697866544825 ], [ 32.554977983643361, 0.332697866544825 ], [ 32.554970214316228, 0.332697866544825 ], [ 32.554958560325524, 0.332697866544825 ], [ 32.55495079099839, 0.332697866544825 ], [ 32.554943021671257, 0.332697866544825 ], [ 32.554935252344116, 0.332697866544825 ], [ 32.554927483016982, 0.332697866544825 ], [ 32.554919713689848, 0.332697866544825 ], [ 32.554911944362715, 0.332697866544825 ], [ 32.554900290372011, 0.332697866544825 ], [ 32.554888636381307, 0.332697866544825 ], [ 32.554880867054173, 0.332697866544825 ], [ 32.554869213063469, 0.332697866544825 ], [ 32.554861443736336, 0.332697866544825 ], [ 32.554845905082061, 0.332701751208393 ], [ 32.554838135754927, 0.332701751208393 ], [ 32.55481871243709, 0.33270563587196 ], [ 32.554810943109956, 0.33270563587196 ], [ 32.554799289119252, 0.33270563587196 ], [ 32.554783750464978, 0.33270563587196 ], [ 32.554772096474281, 0.332709520535528 ], [ 32.55476432714714, 0.332709520535528 ], [ 32.554756557820006, 0.332713405199096 ], [ 32.554748788492873, 0.332713405199096 ], [ 32.554741019165739, 0.332721174526231 ], [ 32.554725480511465, 0.332725059189798 ], [ 32.554713826520761, 0.332728943853366 ], [ 32.554698287866493, 0.332728943853366 ], [ 32.554686633875789, 0.332736713180501 ], [ 32.554678864548656, 0.332736713180501 ], [ 32.554671095221522, 0.332736713180501 ], [ 32.554663325894381, 0.332740597844069 ], [ 32.554655556567248, 0.332744482507637 ], [ 32.554647787240114, 0.332748367171204 ], [ 32.55463613324941, 0.332752251834772 ], [ 32.554628363922276, 0.332752251834772 ], [ 32.554620594595143, 0.33275613649834 ], [ 32.554612825268002, 0.332767790489043 ], [ 32.554605055940868, 0.332775559816178 ], [ 32.554585632623031, 0.332787213806881 ], [ 32.554577863295897, 0.332794983134016 ], [ 32.554570093968763, 0.332798867797584 ], [ 32.554554555314489, 0.332814406451854 ], [ 32.554546785987355, 0.332822175778989 ], [ 32.554539016660222, 0.332829945106125 ], [ 32.554527362669518, 0.332845483760395 ], [ 32.554527362669518, 0.332853253087531 ], [ 32.554519593342384, 0.332861022414666 ], [ 32.554515708678814, 0.332872676405369 ], [ 32.55450793935168, 0.332880445732504 ], [ 32.55450793935168, 0.332888215059639 ], [ 32.55450405468811, 0.332895984386775 ], [ 32.554500170024546, 0.332915407704613 ], [ 32.554496285360976, 0.332923177031748 ], [ 32.554496285360976, 0.332934831022451 ], [ 32.554492400697406, 0.332958139003857 ], [ 32.554488516033842, 0.33296979299456 ], [ 32.554488516033842, 0.332996985639533 ], [ 32.554488516033842, 0.333008639630236 ], [ 32.554484631370272, 0.333024178284507 ], [ 32.554484631370272, 0.33303583227521 ], [ 32.554484631370272, 0.333047486265912 ], [ 32.554480746706709, 0.333055255593048 ], [ 32.554480746706709, 0.333066909583751 ], [ 32.554480746706709, 0.333082448238021 ], [ 32.554476862043138, 0.333090217565156 ], [ 32.554476862043138, 0.333097986892292 ], [ 32.554476862043138, 0.333109640882995 ], [ 32.554476862043138, 0.33311741021013 ], [ 32.554476862043138, 0.3331329488644 ], [ 32.554476862043138, 0.333144602855103 ], [ 32.554472977379568, 0.333152372182239 ], [ 32.554472977379568, 0.333160141509374 ], [ 32.554472977379568, 0.333175680163645 ], [ 32.554472977379568, 0.333187334154347 ], [ 32.554472977379568, 0.333202872808618 ], [ 32.554472977379568, 0.333226180790024 ], [ 32.554472977379568, 0.333253373434997 ], [ 32.554472977379568, 0.333272796752835 ], [ 32.554472977379568, 0.333292220070674 ], [ 32.554476862043138, 0.333303874061377 ], [ 32.554476862043138, 0.333323297379215 ], [ 32.554476862043138, 0.333334951369918 ], [ 32.554476862043138, 0.333342720697053 ], [ 32.554476862043138, 0.333358259351324 ], [ 32.554476862043138, 0.333369913342026 ], [ 32.554476862043138, 0.333385451996297 ], [ 32.554476862043138, 0.333393221323432 ], [ 32.554476862043138, 0.333400990650567 ], [ 32.554476862043138, 0.333408759977703 ], [ 32.554476862043138, 0.333416529304838 ], [ 32.554476862043138, 0.333424298631973 ], [ 32.554476862043138, 0.333432067959109 ], [ 32.554472977379568, 0.333443721949812 ], [ 32.554472977379568, 0.333451491276947 ], [ 32.554469092716005, 0.333470914594785 ], [ 32.554469092716005, 0.333482568585488 ], [ 32.554469092716005, 0.333498107239758 ], [ 32.554469092716005, 0.333517530557597 ], [ 32.554469092716005, 0.3335291845483 ], [ 32.554469092716005, 0.333540838539002 ], [ 32.554469092716005, 0.333556377193273 ], [ 32.554465208052434, 0.333571915847544 ], [ 32.554465208052434, 0.333583569838246 ], [ 32.554465208052434, 0.333595223828949 ], [ 32.554461323388864, 0.333602993156085 ], [ 32.554461323388864, 0.33361076248322 ], [ 32.554461323388864, 0.333622416473923 ], [ 32.554461323388864, 0.333630185801058 ], [ 32.554461323388864, 0.333649609118896 ], [ 32.554449669398167, 0.333653493782464 ], [ 32.554438015407463, 0.333661263109599 ], [ 32.554430246080329, 0.333672917100302 ], [ 32.554422476753189, 0.333684571091005 ], [ 32.554414707426055, 0.33369234041814 ], [ 32.554406938098921, 0.33369234041814 ], [ 32.554403053435351, 0.333700109745276 ], [ 32.554399168771788, 0.333711763735979 ], [ 32.554391399444647, 0.333719533063114 ], [ 32.55437974545395, 0.333723417726681 ], [ 32.554371976126809, 0.333731187053817 ], [ 32.554371976126809, 0.333738956380952 ], [ 32.554360322136105, 0.33374284104452 ], [ 32.554356437472542, 0.333754495035223 ], [ 32.554344783481838, 0.333770033689493 ], [ 32.554333129491134, 0.333777803016628 ], [ 32.554325360164, 0.333785572343764 ], [ 32.55432147550043, 0.333793341670899 ], [ 32.554313706173296, 0.333793341670899 ], [ 32.554305936846163, 0.333801110998034 ], [ 32.554298167519029, 0.333808880325169 ], [ 32.554294282855459, 0.333816649652305 ], [ 32.554286513528325, 0.333816649652305 ], [ 32.554278744201191, 0.33382441897944 ], [ 32.554267090210487, 0.333828303643008 ], [ 32.554259320883347, 0.333836072970143 ], [ 32.554251551556213, 0.333843842297278 ], [ 32.554243782229079, 0.333847726960846 ], [ 32.554232128238375, 0.333859380951549 ], [ 32.554224358911242, 0.333863265615116 ], [ 32.554220474247671, 0.333871034942252 ], [ 32.554204935593404, 0.333871034942252 ], [ 32.55419716626627, 0.333874919605819 ], [ 32.554185512275566, 0.333878804269387 ], [ 32.554181627611996, 0.333886573596522 ], [ 32.554169973621292, 0.333886573596522 ], [ 32.554162204294158, 0.333886573596522 ], [ 32.554154434967025, 0.333894342923657 ], [ 32.554142780976321, 0.333894342923657 ], [ 32.554135011649187, 0.333898227587225 ], [ 32.554123357658483, 0.333902112250793 ], [ 32.554111703667779, 0.33390599691436 ], [ 32.554103934340645, 0.33390599691436 ], [ 32.554096165013512, 0.333909881577928 ], [ 32.554084511022808, 0.333909881577928 ], [ 32.554076741695674, 0.333909881577928 ], [ 32.554068972368533, 0.333909881577928 ], [ 32.5540612030414, 0.333909881577928 ], [ 32.554053433714266, 0.333909881577928 ], [ 32.554045664387132, 0.333909881577928 ], [ 32.554037895059992, 0.333909881577928 ], [ 32.554030125732858, 0.333909881577928 ], [ 32.554022356405724, 0.333909881577928 ], [ 32.554014587078591, 0.333909881577928 ], [ 32.554006817751457, 0.333909881577928 ], [ 32.553999048424316, 0.333909881577928 ], [ 32.553987394433612, 0.333909881577928 ], [ 32.553979625106479, 0.333909881577928 ], [ 32.553971855779345, 0.333909881577928 ], [ 32.553964086452211, 0.333909881577928 ], [ 32.553948547797937, 0.333909881577928 ], [ 32.553936893807233, 0.333909881577928 ], [ 32.553929124480099, 0.333909881577928 ], [ 32.553917470489395, 0.333909881577928 ], [ 32.553909701162262, 0.333909881577928 ], [ 32.553898047171558, 0.33390599691436 ], [ 32.553886393180854, 0.33390599691436 ], [ 32.553866969863016, 0.333902112250793 ], [ 32.553859200535882, 0.333898227587225 ], [ 32.553839777218045, 0.333898227587225 ], [ 32.553812584573073, 0.33389045826009 ], [ 32.553785391928095, 0.333882688932955 ], [ 32.553758199283124, 0.333878804269387 ], [ 32.553734891301715, 0.333874919605819 ], [ 32.553715467983878, 0.333871034942252 ], [ 32.553703813993181, 0.333859380951549 ], [ 32.553688275338907, 0.333859380951549 ], [ 32.553680506011773, 0.333855496287981 ], [ 32.553668852021069, 0.333851611624414 ], [ 32.553661082693935, 0.333847726960846 ], [ 32.553645544039661, 0.333843842297278 ], [ 32.553637774712527, 0.333839957633711 ], [ 32.553630005385394, 0.333836072970143 ], [ 32.553626120721823, 0.333828303643008 ], [ 32.553614466731119, 0.33382441897944 ], [ 32.553606697403985, 0.333820534315872 ], [ 32.553598928076852, 0.333812764988737 ], [ 32.553587274086148, 0.333808880325169 ], [ 32.553583389422577, 0.333801110998034 ], [ 32.553571735431881, 0.333801110998034 ], [ 32.55356785076831, 0.333793341670899 ], [ 32.553552312114043, 0.333789457007331 ], [ 32.553544542786902, 0.333785572343764 ], [ 32.553532888796205, 0.333785572343764 ], [ 32.553525119469064, 0.333789457007331 ], [ 32.553517350141931, 0.333797226334467 ], [ 32.55351346547836, 0.333804995661602 ], [ 32.553505696151227, 0.333816649652305 ], [ 32.553501811487664, 0.333832188306575 ], [ 32.553497926824093, 0.333843842297278 ], [ 32.553494042160523, 0.333851611624414 ], [ 32.55349015749696, 0.333863265615116 ], [ 32.55349015749696, 0.333871034942252 ], [ 32.553486272833389, 0.333878804269387 ], [ 32.553486272833389, 0.333886573596522 ], [ 32.553486272833389, 0.333898227587225 ], [ 32.553486272833389, 0.333913766241496 ], [ 32.553486272833389, 0.333925420232199 ], [ 32.553486272833389, 0.333933189559334 ], [ 32.553486272833389, 0.333940958886469 ], [ 32.553486272833389, 0.333948728213604 ], [ 32.553486272833389, 0.33395649754074 ], [ 32.553486272833389, 0.333964266867875 ], [ 32.553486272833389, 0.33397203619501 ], [ 32.553486272833389, 0.333979805522146 ], [ 32.55349015749696, 0.333991459512848 ], [ 32.55349015749696, 0.333999228839984 ], [ 32.553494042160523, 0.334006998167119 ], [ 32.553497926824093, 0.334014767494254 ], [ 32.553501811487664, 0.33402253682139 ], [ 32.553501811487664, 0.334030306148525 ], [ 32.553505696151227, 0.33403807547566 ], [ 32.553505696151227, 0.334045844802795 ], [ 32.553505696151227, 0.334053614129931 ], [ 32.553509580814797, 0.334061383457066 ], [ 32.55351346547836, 0.334073037447769 ], [ 32.553525119469064, 0.334088576102039 ], [ 32.553525119469064, 0.33410411475631 ], [ 32.553529004132635, 0.334119653410581 ], [ 32.553544542786902, 0.334139076728419 ], [ 32.553544542786902, 0.334150730719122 ], [ 32.553548427450473, 0.334158500046257 ], [ 32.553552312114043, 0.33417015403696 ], [ 32.553556196777606, 0.334181808027663 ], [ 32.553560081441177, 0.334189577354798 ], [ 32.55356396610474, 0.334201231345501 ], [ 32.553575620095444, 0.334205116009069 ], [ 32.553583389422577, 0.334212885336204 ], [ 32.553587274086148, 0.334224539326907 ], [ 32.553602812740422, 0.334240077981177 ], [ 32.55361835139469, 0.33425173197188 ], [ 32.553626120721823, 0.334259501299015 ], [ 32.553630005385394, 0.334267270626151 ], [ 32.553641659376098, 0.334267270626151 ], [ 32.553649428703231, 0.334271155289718 ], [ 32.553657198030365, 0.334282809280421 ], [ 32.553672736684639, 0.334286693943989 ], [ 32.553680506011773, 0.334286693943989 ], [ 32.553688275338907, 0.334294463271124 ], [ 32.55369604466604, 0.334298347934692 ], [ 32.553703813993181, 0.334302232598259 ], [ 32.553715467983878, 0.334306117261827 ], [ 32.553723237311019, 0.334313886588962 ], [ 32.553731006638152, 0.334313886588962 ], [ 32.553738775965286, 0.334313886588962 ], [ 32.55375042995599, 0.334321655916098 ], [ 32.553758199283124, 0.334325540579665 ], [ 32.553769853273828, 0.334329425243233 ], [ 32.553777622600961, 0.334333309906801 ], [ 32.553789276591665, 0.334337194570368 ], [ 32.553800930582369, 0.334341079233936 ], [ 32.553808699909503, 0.334348848561071 ], [ 32.553812584573073, 0.334356617888206 ], [ 32.553820353900207, 0.334356617888206 ], [ 32.553828123227341, 0.334356617888206 ], [ 32.553832007890911, 0.334364387215342 ], [ 32.553839777218045, 0.334364387215342 ], [ 32.553847546545178, 0.334368271878909 ], [ 32.553855315872319, 0.334372156542477 ], [ 32.553863085199453, 0.334379925869612 ], [ 32.553870854526586, 0.33438381053318 ], [ 32.55387862385372, 0.334387695196748 ], [ 32.553886393180854, 0.334395464523883 ], [ 32.553894162507994, 0.33439934918745 ], [ 32.553894162507994, 0.334407118514586 ], [ 32.553901931835128, 0.334407118514586 ], [ 32.553901931835128, 0.334422657168856 ], [ 32.553909701162262, 0.334422657168856 ], [ 32.553913585825832, 0.334434311159559 ], [ 32.553917470489395, 0.334442080486694 ], [ 32.553925239816536, 0.334445965150262 ], [ 32.55393300914367, 0.334457619140965 ], [ 32.553940778470803, 0.334461503804533 ], [ 32.553940778470803, 0.334469273131668 ], [ 32.553948547797937, 0.334473157795236 ], [ 32.553948547797937, 0.334484811785938 ], [ 32.553952432461507, 0.334492581113074 ], [ 32.553960201788641, 0.334496465776641 ], [ 32.553960201788641, 0.334504235103777 ], [ 32.553964086452211, 0.33451588909448 ], [ 32.553964086452211, 0.334523658421615 ], [ 32.553964086452211, 0.334535312412318 ], [ 32.553964086452211, 0.334546966403021 ], [ 32.553964086452211, 0.334554735730156 ], [ 32.553964086452211, 0.334562505057291 ], [ 32.553964086452211, 0.334570274384426 ], [ 32.553964086452211, 0.334578043711562 ], [ 32.553964086452211, 0.334589697702265 ], [ 32.553964086452211, 0.334601351692968 ], [ 32.553956317125078, 0.334601351692968 ], [ 32.553956317125078, 0.334609121020103 ], [ 32.553956317125078, 0.334616890347238 ], [ 32.553956317125078, 0.334624659674373 ], [ 32.553956317125078, 0.334632429001509 ], [ 32.553956317125078, 0.334640198328644 ], [ 32.553956317125078, 0.334647967655779 ], [ 32.553956317125078, 0.33466350631005 ], [ 32.553960201788641, 0.33467904496432 ], [ 32.553964086452211, 0.334694583618591 ], [ 32.553967971115775, 0.3347295455907 ], [ 32.553971855779345, 0.334756738235673 ], [ 32.553987394433612, 0.334783930880647 ], [ 32.553995163760753, 0.334818892852755 ], [ 32.554006817751457, 0.334846085497729 ], [ 32.554014587078591, 0.334857739488432 ], [ 32.554014587078591, 0.33487716280627 ], [ 32.554026241069295, 0.334888816796973 ], [ 32.554026241069295, 0.334900470787676 ], [ 32.554034010396428, 0.334908240114811 ], [ 32.554037895059992, 0.334916009441946 ], [ 32.554045664387132, 0.334919894105514 ], [ 32.554045664387132, 0.334927663432649 ], [ 32.554045664387132, 0.334935432759784 ], [ 32.554053433714266, 0.33494320208692 ], [ 32.554053433714266, 0.334950971414055 ], [ 32.554329244827571, 0.335421015705739 ] ] ] ] } },
{ "type": "Feature", "properties": { "fid": 2, "class": 1.0 }, "geometry": { "type": "MultiPolygon", "coordinates": [ [ [ [ 32.566784169814667, 0.356075166718495 ], [ 32.566784169814667, 0.356030977845016 ], [ 32.566803107903304, 0.355967850882902 ], [ 32.566803107903304, 0.355885785832155 ], [ 32.566815733295726, 0.355797408085196 ], [ 32.566822045991941, 0.355746906515505 ], [ 32.566828358688149, 0.355702717642026 ], [ 32.566834671384363, 0.355652216072335 ], [ 32.566859922169208, 0.355620652591279 ], [ 32.566859922169208, 0.355601714502645 ], [ 32.566866234865415, 0.355576463717799 ], [ 32.56687254756163, 0.355551212932954 ], [ 32.566878860257837, 0.355525962148109 ], [ 32.566885172954052, 0.355507024059475 ], [ 32.56689148565026, 0.355469147882207 ], [ 32.566904111042689, 0.355431271704939 ], [ 32.566904111042689, 0.355412333616305 ], [ 32.566910423738896, 0.355387082831459 ], [ 32.566916736435111, 0.355368144742825 ], [ 32.566923049131319, 0.355349206654191 ], [ 32.566923049131319, 0.355336581261769 ], [ 32.566929361827533, 0.355323955869346 ], [ 32.566929361827533, 0.355305017780712 ], [ 32.566935674523741, 0.355292392388289 ], [ 32.566935674523741, 0.355279766995867 ], [ 32.566935674523741, 0.355267141603444 ], [ 32.566935674523741, 0.355241890818599 ], [ 32.566941987219955, 0.355229265426176 ], [ 32.566941987219955, 0.355210327337542 ], [ 32.566941987219955, 0.355197701945119 ], [ 32.566941987219955, 0.355178763856485 ], [ 32.566948299916163, 0.355166138464062 ], [ 32.566954612612378, 0.355140887679217 ], [ 32.566954612612378, 0.355128262286794 ], [ 32.566960925308585, 0.35510932419816 ], [ 32.5669672380048, 0.355090386109526 ], [ 32.5669672380048, 0.355077760717104 ], [ 32.566979863397222, 0.355052509932258 ], [ 32.56698617609343, 0.355033571843624 ], [ 32.567011426878281, 0.354983070273934 ], [ 32.567011426878281, 0.354938881400454 ], [ 32.567030364966911, 0.354901005223186 ], [ 32.567049303055548, 0.354856816349707 ], [ 32.567049303055548, 0.354844190957284 ], [ 32.567055615751755, 0.354818940172439 ], [ 32.56706192844797, 0.354800002083805 ], [ 32.5670808665366, 0.354781063995171 ], [ 32.5670808665366, 0.354768438602748 ], [ 32.567087179232814, 0.354749500514114 ], [ 32.567087179232814, 0.354736875121692 ], [ 32.567093491929029, 0.354724249729269 ], [ 32.567099804625236, 0.354705311640635 ], [ 32.567099804625236, 0.354692686248212 ], [ 32.567106117321451, 0.354667435463367 ], [ 32.567125055410081, 0.35463587198231 ], [ 32.567125055410081, 0.354610621197465 ], [ 32.567137680802503, 0.354591683108831 ], [ 32.567143993498718, 0.354566432323985 ], [ 32.567150306194925, 0.354534868842929 ], [ 32.56715661889114, 0.354522243450506 ], [ 32.56715661889114, 0.354509618058083 ], [ 32.567162931587347, 0.354496992665661 ], [ 32.567162931587347, 0.354484367273238 ], [ 32.567169244283562, 0.354465429184604 ], [ 32.56717555697977, 0.354452803792181 ], [ 32.567181869675984, 0.354440178399759 ], [ 32.567181869675984, 0.354427553007336 ], [ 32.567188182372199, 0.354408614918702 ], [ 32.567194495068406, 0.354395989526279 ], [ 32.567200807764621, 0.354377051437645 ], [ 32.567219745853251, 0.354358113349011 ], [ 32.567219745853251, 0.354332862564166 ], [ 32.567244996638095, 0.354307611779321 ], [ 32.567244996638095, 0.354288673690687 ], [ 32.567257622030517, 0.354276048298264 ], [ 32.567257622030517, 0.354263422905841 ], [ 32.567263934726732, 0.354250797513419 ], [ 32.56727024742294, 0.354231859424785 ], [ 32.567276560119154, 0.354212921336151 ], [ 32.567289185511576, 0.354200295943728 ], [ 32.567295498207791, 0.354187670551305 ], [ 32.567301810903999, 0.354175045158883 ], [ 32.567314436296421, 0.354168732462671 ], [ 32.567327061688843, 0.35416241976646 ], [ 32.56734599977748, 0.354149794374037 ], [ 32.56736493786611, 0.354149794374037 ], [ 32.567383875954746, 0.354143481677826 ], [ 32.567396501347169, 0.354137168981615 ], [ 32.567415439435806, 0.354137168981615 ], [ 32.56744069022065, 0.354130856285403 ], [ 32.567465941005494, 0.354130856285403 ], [ 32.567491191790339, 0.354130856285403 ], [ 32.567516442575183, 0.354130856285403 ], [ 32.567541693360027, 0.354130856285403 ], [ 32.56755431875245, 0.354130856285403 ], [ 32.567566944144879, 0.354130856285403 ], [ 32.567579569537301, 0.354137168981615 ], [ 32.567592194929723, 0.354143481677826 ], [ 32.567617445714568, 0.354149794374037 ], [ 32.567636383803197, 0.354149794374037 ], [ 32.567661634588049, 0.354156107070249 ], [ 32.567686885372893, 0.35416241976646 ], [ 32.567712136157738, 0.354168732462671 ], [ 32.567762637727427, 0.354175045158883 ], [ 32.567800513904693, 0.354181357855094 ], [ 32.567851015474389, 0.354193983247517 ], [ 32.567895204347863, 0.354206608639939 ], [ 32.567933080525137, 0.354219234032362 ], [ 32.567952018613767, 0.354219234032362 ], [ 32.567964644006189, 0.354225546728573 ], [ 32.567989894791033, 0.354225546728573 ], [ 32.568002520183455, 0.354231859424785 ], [ 32.568021458272092, 0.354231859424785 ], [ 32.568034083664514, 0.354238172120996 ], [ 32.568046709056937, 0.354244484817207 ], [ 32.568059334449359, 0.354244484817207 ], [ 32.568084585234203, 0.354250797513419 ], [ 32.568097210626625, 0.354263422905841 ], [ 32.568122461411477, 0.354276048298264 ], [ 32.568135086803899, 0.354276048298264 ], [ 32.568147712196321, 0.354282360994475 ], [ 32.568179275677373, 0.354294986386898 ], [ 32.568191901069795, 0.354301299083109 ], [ 32.568204526462218, 0.354307611779321 ], [ 32.568223464550854, 0.354313924475532 ], [ 32.568242402639491, 0.354320237171743 ], [ 32.568255028031913, 0.354326549867955 ], [ 32.568261340728121, 0.354345487956589 ], [ 32.56829290420918, 0.354345487956589 ], [ 32.568318154994024, 0.354370738741434 ], [ 32.568324467690239, 0.354383364133857 ], [ 32.568343405778869, 0.354395989526279 ], [ 32.568356031171291, 0.354395989526279 ], [ 32.568356031171291, 0.354414927614913 ], [ 32.568374969259928, 0.354421240311125 ], [ 32.56838759465235, 0.354427553007336 ], [ 32.568406532740987, 0.35444649109597 ], [ 32.568425470829617, 0.354459116488393 ], [ 32.568425470829617, 0.354478054577027 ], [ 32.568444408918253, 0.354490679969449 ], [ 32.568457034310676, 0.354496992665661 ], [ 32.568469659703098, 0.354522243450506 ], [ 32.568488597791728, 0.354522243450506 ], [ 32.568507535880364, 0.35454118153914 ], [ 32.568513848576579, 0.354553806931563 ], [ 32.568526473969001, 0.354566432323985 ], [ 32.568539099361423, 0.354591683108831 ], [ 32.568551724753846, 0.354604308501254 ], [ 32.568564350146268, 0.354616933893676 ], [ 32.56857697553869, 0.35463587198231 ], [ 32.568589600931112, 0.354654810070944 ], [ 32.568595913627327, 0.354673748159578 ], [ 32.568621164412171, 0.354698998944424 ], [ 32.568627477108379, 0.354711624336846 ], [ 32.568640102500801, 0.35473056242548 ], [ 32.568659040589438, 0.354755813210326 ], [ 32.56867166598186, 0.35477475129896 ], [ 32.568684291374282, 0.354800002083805 ], [ 32.568684291374282, 0.354818940172439 ], [ 32.568703229462919, 0.354831565564862 ], [ 32.568715854855341, 0.354844190957284 ], [ 32.568722167551549, 0.354863129045918 ], [ 32.568734792943971, 0.354875754438341 ], [ 32.568741105640186, 0.354901005223186 ], [ 32.568747418336393, 0.354913630615609 ], [ 32.568753731032608, 0.354926256008032 ], [ 32.56876635642503, 0.354945194096666 ], [ 32.56876635642503, 0.354957819489088 ], [ 32.568778981817452, 0.354976757577722 ], [ 32.568785294513667, 0.354989382970145 ], [ 32.568791607209874, 0.35501463375499 ], [ 32.568797919906089, 0.355039884539836 ], [ 32.568816857994719, 0.355046197236047 ], [ 32.568823170690933, 0.355065135324681 ], [ 32.568829483387141, 0.355084073413315 ], [ 32.568835796083356, 0.355096698805738 ], [ 32.568848421475778, 0.355115636894372 ], [ 32.568848421475778, 0.355128262286794 ], [ 32.568854734171985, 0.355140887679217 ], [ 32.5688610468682, 0.35515351307164 ], [ 32.568867359564408, 0.355166138464062 ], [ 32.568867359564408, 0.355178763856485 ], [ 32.568867359564408, 0.355191389248908 ], [ 32.568867359564408, 0.355204014641331 ], [ 32.568873672260622, 0.355216640033753 ], [ 32.568879984956837, 0.355229265426176 ], [ 32.568886297653044, 0.355241890818599 ], [ 32.568886297653044, 0.355254516211021 ], [ 32.568905235741681, 0.355273454299655 ], [ 32.568905235741681, 0.355286079692078 ], [ 32.568924173830311, 0.355286079692078 ], [ 32.568936799222733, 0.355286079692078 ], [ 32.568949424615155, 0.355298705084501 ], [ 32.568962050007578, 0.355317643173135 ], [ 32.568974675400007, 0.355323955869346 ], [ 32.568993613488637, 0.355330268565557 ], [ 32.569006238881059, 0.355349206654191 ], [ 32.569018864273481, 0.355361832046614 ], [ 32.569031489665903, 0.355380770135248 ], [ 32.569037802362118, 0.355393395527671 ], [ 32.56905042775454, 0.355399708223882 ], [ 32.569056740450755, 0.355412333616305 ], [ 32.569056740450755, 0.355424959008727 ], [ 32.569069365843177, 0.355431271704939 ], [ 32.569081991235599, 0.35543758440115 ], [ 32.569088303931807, 0.355450209793573 ], [ 32.569094616628021, 0.355462835185995 ], [ 32.569107242020443, 0.355469147882207 ], [ 32.569107242020443, 0.355481773274629 ], [ 32.569119867412866, 0.355488085970841 ], [ 32.569126180109073, 0.355500711363263 ], [ 32.569138805501495, 0.355513336755686 ], [ 32.569138805501495, 0.355525962148109 ], [ 32.569151430893925, 0.355525962148109 ], [ 32.569164056286347, 0.355544900236743 ], [ 32.569176681678769, 0.355551212932954 ], [ 32.569182994374977, 0.355563838325377 ], [ 32.569195619767399, 0.355576463717799 ], [ 32.569201932463614, 0.355589089110222 ], [ 32.569214557856036, 0.355595401806433 ], [ 32.569214557856036, 0.355608027198856 ], [ 32.569227183248458, 0.355614339895067 ], [ 32.569227183248458, 0.35562696528749 ], [ 32.569233495944665, 0.355639590679913 ], [ 32.569252434033302, 0.355652216072335 ], [ 32.569252434033302, 0.355664841464758 ], [ 32.569258746729517, 0.355677466857181 ], [ 32.569265059425724, 0.355690092249603 ], [ 32.569271372121939, 0.355709030338237 ], [ 32.569271372121939, 0.35572165573066 ], [ 32.569283997514361, 0.355734281123083 ], [ 32.569290310210569, 0.355753219211717 ], [ 32.569296622906784, 0.355778469996562 ], [ 32.569302935602991, 0.355791095388985 ], [ 32.569315560995413, 0.355803720781407 ], [ 32.569315560995413, 0.35581634617383 ], [ 32.569321873691628, 0.355835284262464 ], [ 32.569340811780265, 0.355847909654887 ], [ 32.569340811780265, 0.35586053504731 ], [ 32.569353437172687, 0.355873160439732 ], [ 32.569353437172687, 0.355885785832155 ], [ 32.569359749868894, 0.355898411224578 ], [ 32.569366062565109, 0.355911036617 ], [ 32.569378687957531, 0.355917349313212 ], [ 32.569385000653739, 0.355929974705634 ], [ 32.569397626046161, 0.355942600098057 ], [ 32.569410251438583, 0.355948912794268 ], [ 32.569435502223435, 0.355948912794268 ], [ 32.569460753008279, 0.355948912794268 ], [ 32.569492316489331, 0.355948912794268 ], [ 32.569530192666605, 0.355948912794268 ], [ 32.569561756147657, 0.355948912794268 ], [ 32.569593319628716, 0.355948912794268 ], [ 32.56961857041356, 0.355948912794268 ], [ 32.569656446590827, 0.355936287401846 ], [ 32.569675384679464, 0.355936287401846 ], [ 32.569700635464308, 0.355929974705634 ], [ 32.56971326085673, 0.355929974705634 ], [ 32.569738511641575, 0.355923662009423 ], [ 32.569757449730211, 0.355923662009423 ], [ 32.569770075122634, 0.355917349313212 ], [ 32.569782700515056, 0.355917349313212 ], [ 32.569795325907478, 0.355911036617 ], [ 32.569801638603685, 0.355898411224578 ], [ 32.569814263996115, 0.355892098528366 ], [ 32.569826889388537, 0.355885785832155 ], [ 32.569839514780959, 0.355879473135944 ], [ 32.569871078262011, 0.355873160439732 ], [ 32.569890016350648, 0.35586053504731 ], [ 32.569915267135492, 0.355847909654887 ], [ 32.569927892527915, 0.355847909654887 ], [ 32.569946830616551, 0.355835284262464 ], [ 32.569972081401396, 0.355828971566253 ], [ 32.569991019490026, 0.35581634617383 ], [ 32.570003644882455, 0.355810033477619 ], [ 32.570028895667299, 0.355803720781407 ], [ 32.57009202262941, 0.355784782692773 ], [ 32.570129898806677, 0.355772157300351 ], [ 32.570161462287736, 0.355772157300351 ], [ 32.570193025768795, 0.355765844604139 ], [ 32.570218276553639, 0.355765844604139 ], [ 32.570243527338484, 0.355765844604139 ], [ 32.570275090819543, 0.355765844604139 ], [ 32.570306654300595, 0.355765844604139 ], [ 32.570338217781654, 0.355772157300351 ], [ 32.570363468566498, 0.355772157300351 ], [ 32.570382406655135, 0.355772157300351 ], [ 32.570413970136187, 0.355772157300351 ], [ 32.570458159009668, 0.355772157300351 ], [ 32.570489722490727, 0.355765844604139 ], [ 32.570533911364201, 0.355765844604139 ], [ 32.570578100237682, 0.355765844604139 ], [ 32.570609663718741, 0.355765844604139 ], [ 32.570653852592223, 0.355765844604139 ], [ 32.570698041465697, 0.355765844604139 ], [ 32.570716979554334, 0.355765844604139 ], [ 32.570735917642963, 0.355765844604139 ], [ 32.570773793820237, 0.355765844604139 ], [ 32.570811669997504, 0.355765844604139 ], [ 32.570830608086133, 0.355759531907928 ], [ 32.570881109655829, 0.355740593819294 ], [ 32.570893735048251, 0.355734281123083 ], [ 32.570937923921733, 0.355727968426871 ], [ 32.570963174706577, 0.355715343034449 ], [ 32.570988425491421, 0.355702717642026 ], [ 32.571007363580051, 0.355696404945815 ], [ 32.571026301668688, 0.355683779553392 ], [ 32.571045239757325, 0.355677466857181 ], [ 32.571064177845955, 0.355677466857181 ], [ 32.571076803238377, 0.355671154160969 ], [ 32.571108366719436, 0.355658528768547 ], [ 32.571120992111858, 0.355645903376124 ], [ 32.57113361750428, 0.355645903376124 ], [ 32.571165180985339, 0.355639590679913 ], [ 32.571209369858821, 0.355633277983701 ], [ 32.571247246036087, 0.355620652591279 ], [ 32.571278809517139, 0.355614339895067 ], [ 32.571297747605776, 0.355614339895067 ], [ 32.571316685694413, 0.355608027198856 ], [ 32.571335623783042, 0.355601714502645 ], [ 32.571360874567887, 0.355595401806433 ], [ 32.571373499960309, 0.355589089110222 ], [ 32.571398750745161, 0.355576463717799 ], [ 32.571424001530005, 0.355563838325377 ], [ 32.571430314226212, 0.355544900236743 ], [ 32.571442939618635, 0.355538587540531 ], [ 32.571455565011057, 0.355538587540531 ], [ 32.571468190403479, 0.355538587540531 ], [ 32.571487128492116, 0.35553227484432 ], [ 32.571499753884538, 0.35553227484432 ], [ 32.57151237927696, 0.35553227484432 ], [ 32.571525004669382, 0.35553227484432 ], [ 32.571537630061805, 0.355525962148109 ], [ 32.571550255454227, 0.355519649451897 ], [ 32.571562880846649, 0.355519649451897 ], [ 32.571575506239071, 0.355513336755686 ], [ 32.571588131631501, 0.355507024059475 ], [ 32.571600757023923, 0.355507024059475 ], [ 32.571619695112553, 0.355494398667052 ], [ 32.571632320504975, 0.355488085970841 ], [ 32.571644945897397, 0.355481773274629 ], [ 32.571657571289819, 0.355475460578418 ], [ 32.571670196682241, 0.355469147882207 ], [ 32.571670196682241, 0.355456522489784 ], [ 32.571682822074671, 0.355450209793573 ], [ 32.571695447467093, 0.35543758440115 ], [ 32.571708072859515, 0.35543758440115 ], [ 32.571720698251937, 0.35543758440115 ], [ 32.571733323644359, 0.355431271704939 ], [ 32.571745949036782, 0.355424959008727 ], [ 32.571758574429204, 0.355424959008727 ], [ 32.571764887125411, 0.355443897097361 ], [ 32.571764887125411, 0.355456522489784 ], [ 32.571764887125411, 0.355475460578418 ], [ 32.571764887125411, 0.355488085970841 ], [ 32.571764887125411, 0.355500711363263 ], [ 32.571764887125411, 0.355519649451897 ], [ 32.571764887125411, 0.355538587540531 ], [ 32.571764887125411, 0.355551212932954 ], [ 32.571764887125411, 0.355582776414011 ], [ 32.571764887125411, 0.355601714502645 ], [ 32.571764887125411, 0.355614339895067 ], [ 32.571764887125411, 0.355633277983701 ], [ 32.571764887125411, 0.355645903376124 ], [ 32.571764887125411, 0.355658528768547 ], [ 32.571764887125411, 0.355671154160969 ], [ 32.571764887125411, 0.355683779553392 ], [ 32.571777512517841, 0.355702717642026 ], [ 32.571777512517841, 0.355715343034449 ], [ 32.571790137910263, 0.355727968426871 ], [ 32.57179645060647, 0.355740593819294 ], [ 32.571809075998893, 0.355759531907928 ], [ 32.571815388695107, 0.355772157300351 ], [ 32.571815388695107, 0.355784782692773 ], [ 32.571821701391315, 0.355797408085196 ], [ 32.571821701391315, 0.35581634617383 ], [ 32.571821701391315, 0.355828971566253 ], [ 32.571821701391315, 0.355854222351098 ], [ 32.571821701391315, 0.355866847743521 ], [ 32.571821701391315, 0.355885785832155 ], [ 32.571828014087529, 0.355904723920789 ], [ 32.571828014087529, 0.355929974705634 ], [ 32.571834326783737, 0.355961538186691 ], [ 32.571834326783737, 0.355974163579114 ], [ 32.571834326783737, 0.355993101667748 ], [ 32.571834326783737, 0.356012039756382 ], [ 32.571834326783737, 0.356024665148804 ], [ 32.571834326783737, 0.35604991593365 ], [ 32.571834326783737, 0.356075166718495 ], [ 32.571834326783737, 0.35610041750334 ], [ 32.571834326783737, 0.356113042895763 ], [ 32.571840639479952, 0.356138293680608 ], [ 32.571840639479952, 0.356157231769242 ], [ 32.571840639479952, 0.356182482554088 ], [ 32.571840639479952, 0.35619510794651 ], [ 32.571840639479952, 0.356220358731356 ], [ 32.571834326783737, 0.356245609516201 ], [ 32.571834326783737, 0.356258234908624 ], [ 32.571834326783737, 0.356283485693469 ], [ 32.571834326783737, 0.356296111085892 ], [ 32.571834326783737, 0.356308736478314 ], [ 32.571834326783737, 0.356321361870737 ], [ 32.571834326783737, 0.356340299959371 ], [ 32.571834326783737, 0.356352925351794 ], [ 32.571840639479952, 0.356365550744216 ], [ 32.571840639479952, 0.356378176136639 ], [ 32.571846952176159, 0.356403426921484 ], [ 32.571846952176159, 0.356416052313907 ], [ 32.571853264872374, 0.35642867770633 ], [ 32.571853264872374, 0.356447615794964 ], [ 32.571853264872374, 0.356466553883598 ], [ 32.571859577568581, 0.356498117364655 ], [ 32.571859577568581, 0.3565233681495 ], [ 32.571859577568581, 0.356542306238134 ], [ 32.571859577568581, 0.356561244326768 ], [ 32.571859577568581, 0.356580182415402 ], [ 32.571859577568581, 0.356605433200247 ], [ 32.571859577568581, 0.35661805859267 ], [ 32.571859577568581, 0.356643309377515 ], [ 32.571859577568581, 0.356655934769938 ], [ 32.571859577568581, 0.356674872858572 ], [ 32.571859577568581, 0.356693810947206 ], [ 32.571859577568581, 0.356706436339629 ], [ 32.571859577568581, 0.356725374428263 ], [ 32.571859577568581, 0.356744312516897 ], [ 32.571859577568581, 0.356769563301742 ], [ 32.571859577568581, 0.356788501390376 ], [ 32.571859577568581, 0.356801126782799 ], [ 32.571859577568581, 0.356813752175221 ], [ 32.571865890264796, 0.356826377567644 ], [ 32.571878515657218, 0.356839002960067 ], [ 32.571878515657218, 0.356851628352489 ], [ 32.57189114104964, 0.356864253744912 ], [ 32.571903766442063, 0.356870566441123 ], [ 32.571916391834485, 0.356883191833546 ], [ 32.571922704530699, 0.356933693403237 ], [ 32.571929017226907, 0.356965256884293 ], [ 32.571929017226907, 0.356977882276716 ], [ 32.571935329923122, 0.35699682036535 ], [ 32.571941642619329, 0.357015758453984 ], [ 32.571941642619329, 0.357034696542618 ], [ 32.571941642619329, 0.357047321935041 ], [ 32.571941642619329, 0.357059947327463 ], [ 32.571941642619329, 0.357078885416098 ], [ 32.571941642619329, 0.357110448897154 ], [ 32.571941642619329, 0.357123074289577 ], [ 32.571941642619329, 0.357135699682 ], [ 32.571954268011751, 0.357148325074422 ], [ 32.571966893404181, 0.357160950466845 ], [ 32.571966893404181, 0.357173575859268 ], [ 32.571966893404181, 0.35718620125169 ], [ 32.571966893404181, 0.357198826644113 ], [ 32.571966893404181, 0.35718620125169 ], [ 32.571966893404181, 0.357167263163056 ], [ 32.571960580707966, 0.357148325074422 ], [ 32.571954268011751, 0.357129386985788 ], [ 32.571947955315544, 0.357104136200943 ], [ 32.571941642619329, 0.357085198112309 ], [ 32.571935329923122, 0.357072572719886 ], [ 32.571929017226907, 0.357047321935041 ], [ 32.571922704530699, 0.357034696542618 ], [ 32.571916391834485, 0.357015758453984 ], [ 32.571910079138277, 0.35699682036535 ], [ 32.571903766442063, 0.356971569580505 ], [ 32.571897453745855, 0.356958944188082 ], [ 32.57189114104964, 0.356946318795659 ], [ 32.571884828353433, 0.356927380707025 ], [ 32.571878515657218, 0.356914755314603 ], [ 32.571872202961011, 0.356895817225969 ], [ 32.571865890264796, 0.356883191833546 ], [ 32.571865890264796, 0.356870566441123 ], [ 32.571859577568581, 0.356857941048701 ], [ 32.571846952176159, 0.356845315656278 ], [ 32.571834326783737, 0.356845315656278 ], [ 32.571815388695107, 0.356839002960067 ], [ 32.571809075998893, 0.356826377567644 ], [ 32.57179645060647, 0.356820064871433 ], [ 32.571783825214048, 0.356813752175221 ], [ 32.571764887125411, 0.356801126782799 ], [ 32.571758574429204, 0.356788501390376 ], [ 32.571745949036782, 0.356782188694165 ], [ 32.571739636340567, 0.356769563301742 ], [ 32.571720698251937, 0.356756937909319 ], [ 32.571714385555723, 0.356744312516897 ], [ 32.571708072859515, 0.356731687124474 ], [ 32.5717017601633, 0.356719061732051 ], [ 32.571689134770878, 0.356706436339629 ], [ 32.571670196682241, 0.356700123643417 ], [ 32.571651258593612, 0.356687498250995 ], [ 32.571638633201189, 0.356681185554783 ], [ 32.571626007808767, 0.356674872858572 ], [ 32.571613382416345, 0.356674872858572 ], [ 32.571600757023923, 0.356674872858572 ], [ 32.571581818935286, 0.356674872858572 ], [ 32.571569193542864, 0.356674872858572 ], [ 32.571556568150442, 0.356681185554783 ], [ 32.571543942758019, 0.356687498250995 ], [ 32.571531317365597, 0.356693810947206 ], [ 32.571518691973175, 0.356706436339629 ], [ 32.571506066580753, 0.35671274903584 ], [ 32.571474503099694, 0.356725374428263 ], [ 32.571461877707272, 0.356744312516897 ], [ 32.571442939618635, 0.356750625213108 ], [ 32.571430314226212, 0.356763250605531 ], [ 32.57141768883379, 0.356763250605531 ], [ 32.571405063441368, 0.356769563301742 ], [ 32.571392438048946, 0.356775875997953 ], [ 32.571379812656524, 0.356782188694165 ], [ 32.571367187264102, 0.356782188694165 ], [ 32.571354561871679, 0.356782188694165 ], [ 32.571341936479257, 0.356788501390376 ], [ 32.57132299839062, 0.356788501390376 ], [ 32.571310372998198, 0.356794814086587 ], [ 32.571291434909561, 0.356801126782799 ], [ 32.571278809517139, 0.35680743947901 ], [ 32.571259871428509, 0.356813752175221 ], [ 32.571247246036087, 0.356820064871433 ], [ 32.571234620643665, 0.356832690263855 ], [ 32.571221995251243, 0.356845315656278 ], [ 32.571209369858821, 0.356857941048701 ], [ 32.571209369858821, 0.356870566441123 ], [ 32.571196744466391, 0.356889504529757 ], [ 32.571190431770184, 0.35690212992218 ], [ 32.571184119073969, 0.356933693403237 ], [ 32.571177806377761, 0.356952631491871 ], [ 32.571171493681547, 0.356984194972927 ], [ 32.571171493681547, 0.357009445757773 ], [ 32.571171493681547, 0.357028383846407 ], [ 32.571165180985339, 0.357059947327463 ], [ 32.571165180985339, 0.357097823504732 ], [ 32.571165180985339, 0.357129386985788 ], [ 32.571165180985339, 0.357179888555479 ], [ 32.571165180985339, 0.357205139340324 ], [ 32.571165180985339, 0.35723039012517 ], [ 32.571165180985339, 0.357249328213804 ], [ 32.571171493681547, 0.357287204391072 ], [ 32.571177806377761, 0.357306142479706 ], [ 32.571190431770184, 0.357318767872128 ], [ 32.571190431770184, 0.357337705960762 ], [ 32.571196744466391, 0.357356644049396 ], [ 32.571196744466391, 0.35737558213803 ], [ 32.571196744466391, 0.357394520226664 ], [ 32.571203057162606, 0.35741977101151 ], [ 32.571209369858821, 0.357445021796355 ], [ 32.571209369858821, 0.3574702725812 ], [ 32.57122830794745, 0.357508148758468 ], [ 32.571234620643665, 0.357533399543314 ], [ 32.571240933339872, 0.357571275720582 ], [ 32.571247246036087, 0.357583901113004 ], [ 32.571253558732295, 0.35760915189785 ], [ 32.571259871428509, 0.357628089986484 ], [ 32.571259871428509, 0.357647028075118 ], [ 32.571259871428509, 0.35765965346754 ], [ 32.571266184124717, 0.357678591556174 ], [ 32.571266184124717, 0.357710155037231 ], [ 32.571266184124717, 0.357722780429654 ], [ 32.571272496820932, 0.357735405822077 ], [ 32.571272496820932, 0.357748031214499 ], [ 32.571278809517139, 0.357766969303133 ], [ 32.571291434909561, 0.357779594695556 ], [ 32.571291434909561, 0.357792220087979 ], [ 32.571297747605776, 0.357804845480401 ], [ 32.571310372998198, 0.357804845480401 ], [ 32.571329311086835, 0.357804845480401 ], [ 32.571354561871679, 0.357804845480401 ], [ 32.571373499960309, 0.357792220087979 ], [ 32.571386125352731, 0.357792220087979 ], [ 32.571405063441368, 0.357785907391767 ], [ 32.571430314226212, 0.357785907391767 ], [ 32.571442939618635, 0.357785907391767 ], [ 32.571468190403479, 0.357779594695556 ], [ 32.571480815795901, 0.357773281999345 ], [ 32.57151237927696, 0.357760656606922 ], [ 32.571537630061805, 0.357754343910711 ], [ 32.571550255454227, 0.357748031214499 ], [ 32.571556568150442, 0.357735405822077 ], [ 32.571569193542864, 0.357729093125865 ], [ 32.571581818935286, 0.357729093125865 ], [ 32.571594444327708, 0.357722780429654 ], [ 32.571619695112553, 0.357722780429654 ], [ 32.571638633201189, 0.357722780429654 ], [ 32.571657571289819, 0.357722780429654 ], [ 32.571670196682241, 0.357722780429654 ], [ 32.571682822074671, 0.357722780429654 ], [ 32.5717017601633, 0.357729093125865 ], [ 32.571720698251937, 0.357729093125865 ], [ 32.571739636340567, 0.357729093125865 ], [ 32.571764887125411, 0.357729093125865 ], [ 32.571777512517841, 0.357729093125865 ], [ 32.571815388695107, 0.357729093125865 ], [ 32.571834326783737, 0.357735405822077 ], [ 32.571853264872374, 0.357735405822077 ], [ 32.571865890264796, 0.357741718518288 ], [ 32.571878515657218, 0.357748031214499 ], [ 32.57189114104964, 0.357748031214499 ], [ 32.571903766442063, 0.357748031214499 ], [ 32.571910079138277, 0.357760656606922 ], [ 32.571922704530699, 0.357773281999345 ], [ 32.571922704530699, 0.357804845480401 ], [ 32.571922704530699, 0.357823783569035 ], [ 32.571922704530699, 0.357842721657669 ], [ 32.571922704530699, 0.357855347050092 ], [ 32.571922704530699, 0.357874285138726 ], [ 32.571922704530699, 0.357899535923571 ], [ 32.571922704530699, 0.357918474012205 ], [ 32.571922704530699, 0.357931099404628 ], [ 32.571922704530699, 0.357950037493262 ], [ 32.571922704530699, 0.357975288278107 ], [ 32.571922704530699, 0.35798791367053 ], [ 32.571922704530699, 0.358025789847798 ], [ 32.571922704530699, 0.358038415240221 ], [ 32.571922704530699, 0.358057353328855 ], [ 32.571922704530699, 0.358069978721277 ], [ 32.571922704530699, 0.358088916809911 ], [ 32.571929017226907, 0.358114167594757 ], [ 32.571929017226907, 0.358139418379602 ], [ 32.571935329923122, 0.358158356468236 ], [ 32.571941642619329, 0.358170981860659 ], [ 32.571954268011751, 0.358196232645504 ], [ 32.571960580707966, 0.358221483430349 ], [ 32.571966893404181, 0.358240421518983 ], [ 32.571973206100388, 0.358259359607617 ], [ 32.57198583149281, 0.358265672303829 ], [ 32.571992144189025, 0.358278297696251 ], [ 32.571998456885233, 0.358290923088674 ], [ 32.571998456885233, 0.358303548481097 ], [ 32.572004769581447, 0.358316173873519 ], [ 32.572004769581447, 0.358328799265942 ], [ 32.572017394973869, 0.358341424658365 ], [ 32.572023707670077, 0.358354050050788 ], [ 32.572030020366292, 0.35836667544321 ], [ 32.572036333062499, 0.358379300835633 ], [ 32.572042645758714, 0.358398238924267 ], [ 32.572048958454921, 0.35841086431669 ], [ 32.572055271151136, 0.358429802405324 ], [ 32.572061583847351, 0.358442427797746 ], [ 32.572067896543558, 0.358455053190169 ], [ 32.57208052193598, 0.358467678582592 ], [ 32.57208052193598, 0.358480303975014 ], [ 32.57208052193598, 0.358499242063648 ], [ 32.57208052193598, 0.358524492848494 ], [ 32.572093147328403, 0.358543430937128 ], [ 32.572099460024617, 0.358568681721973 ], [ 32.572105772720825, 0.358581307114396 ], [ 32.572112085417039, 0.35860024520303 ], [ 32.572118398113247, 0.358612870595452 ], [ 32.572118398113247, 0.358638121380298 ], [ 32.572124710809462, 0.358663372165143 ], [ 32.572131023505669, 0.358688622949988 ], [ 32.572131023505669, 0.358713873734834 ], [ 32.572131023505669, 0.35874543721589 ], [ 32.572137336201884, 0.358758062608313 ], [ 32.572137336201884, 0.358783313393158 ], [ 32.572137336201884, 0.358808564178004 ], [ 32.572143648898091, 0.358846440355272 ], [ 32.572143648898091, 0.358878003836328 ], [ 32.572143648898091, 0.358896941924962 ], [ 32.572149961594306, 0.358922192709808 ], [ 32.572149961594306, 0.358947443494653 ], [ 32.572156274290521, 0.358972694279499 ], [ 32.572156274290521, 0.358985319671921 ], [ 32.572162586986728, 0.358997945064344 ], [ 32.572162586986728, 0.359010570456767 ], [ 32.572162586986728, 0.359029508545401 ], [ 32.572162586986728, 0.359042133937823 ], [ 32.572162586986728, 0.359054759330246 ], [ 32.572162586986728, 0.35907369741888 ], [ 32.572162586986728, 0.359092635507514 ], [ 32.572162586986728, 0.359105260899937 ], [ 32.572162586986728, 0.359124198988571 ], [ 32.572162586986728, 0.359155762469627 ], [ 32.572162586986728, 0.35916838786205 ], [ 32.572162586986728, 0.359181013254473 ], [ 32.572162586986728, 0.359193638646895 ], [ 32.572162586986728, 0.359206264039318 ], [ 32.572162586986728, 0.359218889431741 ], [ 32.572162586986728, 0.359231514824163 ], [ 32.572162586986728, 0.359244140216586 ], [ 32.572168899682943, 0.359256765609009 ], [ 32.572168899682943, 0.359269391001431 ], [ 32.57217521237915, 0.359282016393854 ], [ 32.57217521237915, 0.359294641786277 ], [ 32.572187837771573, 0.359307267178699 ], [ 32.572194150467787, 0.359332517963545 ], [ 32.572200463163995, 0.359351456052179 ], [ 32.572206775860209, 0.359364081444601 ], [ 32.572213088556417, 0.359376706837024 ], [ 32.572213088556417, 0.359389332229447 ], [ 32.572219401252632, 0.359408270318081 ], [ 32.572225713948839, 0.359427208406715 ], [ 32.572232026645054, 0.359439833799137 ], [ 32.572232026645054, 0.35945245919156 ], [ 32.572232026645054, 0.359465084583983 ], [ 32.572232026645054, 0.359490335368828 ], [ 32.572225713948839, 0.359509273457462 ], [ 32.572219401252632, 0.359534524242307 ], [ 32.572219401252632, 0.35954714963473 ], [ 32.572213088556417, 0.359559775027153 ], [ 32.572194150467787, 0.359578713115787 ], [ 32.572181525075365, 0.359585025811998 ], [ 32.572181525075365, 0.359597651204421 ], [ 32.572168899682943, 0.359603963900632 ], [ 32.572162586986728, 0.359616589293055 ], [ 32.572149961594306, 0.359635527381689 ], [ 32.572137336201884, 0.359648152774112 ], [ 32.572124710809462, 0.359648152774112 ], [ 32.572099460024617, 0.359654465470323 ], [ 32.572086834632195, 0.359660778166534 ], [ 32.572074209239773, 0.359660778166534 ], [ 32.572061583847351, 0.359667090862746 ], [ 32.572030020366292, 0.359667090862746 ], [ 32.572017394973869, 0.359667090862746 ], [ 32.571992144189025, 0.359660778166534 ], [ 32.571973206100388, 0.359660778166534 ], [ 32.571954268011751, 0.359660778166534 ], [ 32.571929017226907, 0.359648152774112 ], [ 32.571916391834485, 0.3596418400779 ], [ 32.571872202961011, 0.359622901989266 ], [ 32.571853264872374, 0.359622901989266 ], [ 32.571840639479952, 0.359616589293055 ], [ 32.571821701391315, 0.359610276596844 ], [ 32.57179645060647, 0.359603963900632 ], [ 32.571764887125411, 0.359597651204421 ], [ 32.571727010948145, 0.35959133850821 ], [ 32.571695447467093, 0.359578713115787 ], [ 32.571651258593612, 0.359572400419575 ], [ 32.571626007808767, 0.359566087723364 ], [ 32.571594444327708, 0.359559775027153 ], [ 32.571556568150442, 0.359553462330941 ], [ 32.57151237927696, 0.35954714963473 ], [ 32.571487128492116, 0.35954714963473 ], [ 32.571468190403479, 0.359540836938519 ], [ 32.571455565011057, 0.359540836938519 ], [ 32.571436626922427, 0.359534524242307 ], [ 32.57141768883379, 0.359528211546096 ], [ 32.571405063441368, 0.359528211546096 ], [ 32.571392438048946, 0.359521898849885 ], [ 32.571373499960309, 0.359521898849885 ], [ 32.571360874567887, 0.359521898849885 ], [ 32.571348249175465, 0.359521898849885 ], [ 32.571329311086835, 0.359521898849885 ], [ 32.571297747605776, 0.359509273457462 ], [ 32.571278809517139, 0.359509273457462 ], [ 32.571266184124717, 0.359509273457462 ], [ 32.571240933339872, 0.359509273457462 ], [ 32.571215682555028, 0.359509273457462 ], [ 32.571190431770184, 0.359509273457462 ], [ 32.571171493681547, 0.359509273457462 ], [ 32.571152555592917, 0.359509273457462 ], [ 32.571127304808073, 0.359509273457462 ], [ 32.571114679415643, 0.359515586153673 ], [ 32.571102054023221, 0.359515586153673 ], [ 32.571083115934591, 0.359515586153673 ], [ 32.571070490542169, 0.359521898849885 ], [ 32.571057865149747, 0.359521898849885 ], [ 32.57103892706111, 0.359534524242307 ], [ 32.571026301668688, 0.359534524242307 ], [ 32.571001050883844, 0.359534524242307 ], [ 32.570982112795207, 0.359540836938519 ], [ 32.570956862010362, 0.35954714963473 ], [ 32.570931611225518, 0.35954714963473 ], [ 32.570912673136881, 0.35954714963473 ], [ 32.570881109655829, 0.359553462330941 ], [ 32.570836920782348, 0.359566087723364 ], [ 32.570817982693711, 0.359566087723364 ], [ 32.570767481124022, 0.359572400419575 ], [ 32.570748543035393, 0.359572400419575 ], [ 32.570710666858119, 0.359572400419575 ], [ 32.570691728769489, 0.359572400419575 ], [ 32.570666477984645, 0.359566087723364 ], [ 32.570634914503586, 0.359566087723364 ], [ 32.570622289111164, 0.359559775027153 ], [ 32.570603351022527, 0.359553462330941 ], [ 32.570584412933897, 0.35954714963473 ], [ 32.57056547484526, 0.35954714963473 ], [ 32.570552849452838, 0.35954714963473 ], [ 32.570527598667994, 0.359540836938519 ], [ 32.570508660579357, 0.359540836938519 ], [ 32.570496035186935, 0.359540836938519 ], [ 32.570477097098305, 0.359540836938519 ], [ 32.570458159009668, 0.359534524242307 ], [ 32.570432908224824, 0.359534524242307 ], [ 32.570420282832401, 0.359534524242307 ], [ 32.570401344743765, 0.359528211546096 ], [ 32.570382406655135, 0.359528211546096 ], [ 32.570369781262713, 0.359521898849885 ], [ 32.570357155870283, 0.359521898849885 ], [ 32.570344530477861, 0.359521898849885 ], [ 32.570319279693017, 0.359509273457462 ], [ 32.570300341604387, 0.359496648065039 ], [ 32.57028140351575, 0.359496648065039 ], [ 32.570256152730906, 0.359490335368828 ], [ 32.570243527338484, 0.359484022672617 ], [ 32.570224589249847, 0.359484022672617 ], [ 32.570199338465002, 0.359477709976405 ], [ 32.57018671307258, 0.359477709976405 ], [ 32.570161462287736, 0.359477709976405 ], [ 32.570148836895314, 0.359477709976405 ], [ 32.570136211502891, 0.359477709976405 ], [ 32.570123586110469, 0.359477709976405 ], [ 32.570104648021832, 0.359484022672617 ], [ 32.57009202262941, 0.359490335368828 ], [ 32.570079397236988, 0.359490335368828 ], [ 32.570066771844566, 0.359496648065039 ], [ 32.570054146452144, 0.359502960761251 ], [ 32.570041521059721, 0.359515586153673 ], [ 32.570016270274877, 0.359515586153673 ], [ 32.570003644882455, 0.359515586153673 ], [ 32.569991019490026, 0.359515586153673 ], [ 32.569978394097603, 0.359521898849885 ], [ 32.569965768705181, 0.359521898849885 ], [ 32.569946830616551, 0.359528211546096 ], [ 32.569934205224129, 0.359528211546096 ], [ 32.569921579831707, 0.359528211546096 ], [ 32.569908954439285, 0.359528211546096 ], [ 32.569896329046855, 0.359528211546096 ], [ 32.569883703654433, 0.359528211546096 ], [ 32.569864765565804, 0.359528211546096 ], [ 32.569845827477167, 0.359521898849885 ], [ 32.569826889388537, 0.359521898849885 ], [ 32.5698079512999, 0.359515586153673 ], [ 32.569795325907478, 0.359515586153673 ], [ 32.569782700515056, 0.359515586153673 ], [ 32.569770075122634, 0.359515586153673 ], [ 32.569757449730211, 0.359515586153673 ], [ 32.569744824337789, 0.359515586153673 ], [ 32.569725886249152, 0.359515586153673 ], [ 32.56971326085673, 0.359515586153673 ], [ 32.569700635464308, 0.359515586153673 ], [ 32.569688010071886, 0.359515586153673 ], [ 32.569675384679464, 0.359515586153673 ], [ 32.569662759287041, 0.359515586153673 ], [ 32.569650133894619, 0.359521898849885 ], [ 32.569637508502197, 0.359521898849885 ], [ 32.569624883109775, 0.359521898849885 ], [ 32.569612257717345, 0.359521898849885 ], [ 32.569599632324923, 0.359521898849885 ], [ 32.569587006932501, 0.359521898849885 ], [ 32.569574381540079, 0.359521898849885 ], [ 32.569561756147657, 0.359521898849885 ], [ 32.569549130755235, 0.359521898849885 ], [ 32.569536505362812, 0.359521898849885 ], [ 32.569517567274175, 0.359521898849885 ], [ 32.569498629185546, 0.359521898849885 ], [ 32.569486003793124, 0.359521898849885 ], [ 32.569473378400701, 0.359515586153673 ], [ 32.569460753008279, 0.359515586153673 ], [ 32.569448127615857, 0.359515586153673 ], [ 32.569441814919642, 0.359502960761251 ], [ 32.56942918952722, 0.359502960761251 ], [ 32.569416564134798, 0.359496648065039 ], [ 32.569403938742376, 0.359496648065039 ], [ 32.569385000653739, 0.359490335368828 ], [ 32.569372375261317, 0.359490335368828 ], [ 32.569359749868894, 0.359484022672617 ], [ 32.569347124476472, 0.359484022672617 ], [ 32.56933449908405, 0.359477709976405 ], [ 32.569321873691628, 0.359471397280194 ], [ 32.569309248299206, 0.359471397280194 ], [ 32.569296622906784, 0.359471397280194 ], [ 32.569283997514361, 0.359465084583983 ], [ 32.569271372121939, 0.359458771887771 ], [ 32.569258746729517, 0.359458771887771 ], [ 32.569246121337095, 0.359458771887771 ], [ 32.569233495944665, 0.35945245919156 ], [ 32.569214557856036, 0.359433521102926 ], [ 32.569182994374977, 0.359414583014292 ], [ 32.569164056286347, 0.359401957621869 ], [ 32.56914511819771, 0.359383019533235 ], [ 32.569126180109073, 0.35935776874839 ], [ 32.569113554716651, 0.359345143355967 ], [ 32.569100929324229, 0.359332517963545 ], [ 32.569094616628021, 0.359319892571122 ], [ 32.569075678539384, 0.359307267178699 ], [ 32.569075678539384, 0.359294641786277 ], [ 32.569063053146962, 0.359288329090065 ], [ 32.569063053146962, 0.359275703697643 ], [ 32.569063053146962, 0.35926307830522 ], [ 32.569037802362118, 0.359237827520375 ], [ 32.569031489665903, 0.359225202127952 ], [ 32.569018864273481, 0.359212576735529 ], [ 32.569018864273481, 0.359199951343107 ], [ 32.569006238881059, 0.359193638646895 ], [ 32.568993613488637, 0.359181013254473 ], [ 32.568980988096214, 0.359174700558261 ], [ 32.568980988096214, 0.359162075165839 ], [ 32.568968362703792, 0.359155762469627 ], [ 32.568968362703792, 0.359136824380993 ], [ 32.568962050007578, 0.359124198988571 ], [ 32.568949424615155, 0.359111573596148 ], [ 32.568943111918948, 0.359098948203725 ], [ 32.568943111918948, 0.359080010115091 ], [ 32.568943111918948, 0.359067384722669 ], [ 32.568943111918948, 0.359035821241612 ], [ 32.568936799222733, 0.359023195849189 ], [ 32.568936799222733, 0.359010570456767 ], [ 32.568936799222733, 0.358985319671921 ], [ 32.568936799222733, 0.358960068887076 ], [ 32.568936799222733, 0.358947443494653 ], [ 32.568936799222733, 0.358928505406019 ], [ 32.568936799222733, 0.358909567317385 ], [ 32.568936799222733, 0.358896941924962 ], [ 32.568936799222733, 0.35888431653254 ], [ 32.568930486526526, 0.358859065747694 ], [ 32.568930486526526, 0.35884012765906 ], [ 32.568924173830311, 0.358827502266638 ], [ 32.568924173830311, 0.358814876874215 ], [ 32.568924173830311, 0.358795938785581 ], [ 32.568917861134103, 0.358777000696947 ], [ 32.568911548437889, 0.358764375304524 ], [ 32.568898923045467, 0.358764375304524 ], [ 32.568898923045467, 0.358751749912102 ], [ 32.568886297653044, 0.35874543721589 ], [ 32.568879984956837, 0.358732811823468 ], [ 32.568867359564408, 0.358726499127256 ], [ 32.568854734171985, 0.358713873734834 ], [ 32.568835796083356, 0.358707561038622 ], [ 32.568816857994719, 0.358707561038622 ], [ 32.568804232602297, 0.3586949356462 ], [ 32.568791607209874, 0.358688622949988 ], [ 32.568772669121238, 0.358682310253777 ], [ 32.568760043728815, 0.358675997557566 ], [ 32.568741105640186, 0.358675997557566 ], [ 32.568728480247763, 0.358675997557566 ], [ 32.568696916766704, 0.358669684861354 ], [ 32.568677978678068, 0.358669684861354 ], [ 32.568665353285645, 0.358663372165143 ], [ 32.568646415197016, 0.358663372165143 ], [ 32.568627477108379, 0.358663372165143 ], [ 32.568608539019749, 0.358657059468932 ], [ 32.568589600931112, 0.358657059468932 ], [ 32.56857697553869, 0.358657059468932 ], [ 32.568564350146268, 0.358657059468932 ], [ 32.568551724753846, 0.358657059468932 ], [ 32.568532786665209, 0.358657059468932 ], [ 32.568513848576579, 0.358669684861354 ], [ 32.568501223184157, 0.358675997557566 ], [ 32.568488597791728, 0.358675997557566 ], [ 32.56848228509552, 0.3586949356462 ], [ 32.568469659703098, 0.358701248342411 ], [ 32.568457034310676, 0.358707561038622 ], [ 32.568444408918253, 0.358713873734834 ], [ 32.568431783525831, 0.358720186431045 ], [ 32.568419158133409, 0.358732811823468 ], [ 32.568406532740987, 0.35874543721589 ], [ 32.568393907348558, 0.358751749912102 ], [ 32.568381281956135, 0.358758062608313 ], [ 32.568368656563713, 0.358758062608313 ], [ 32.568356031171291, 0.358758062608313 ], [ 32.568343405778869, 0.358751749912102 ], [ 32.568330780386447, 0.35874543721589 ], [ 32.568318154994024, 0.358739124519679 ], [ 32.568311842297817, 0.358726499127256 ], [ 32.568311842297817, 0.358707561038622 ], [ 32.568305529601602, 0.358675997557566 ], [ 32.568305529601602, 0.358657059468932 ], [ 32.568305529601602, 0.358644434076509 ], [ 32.568299216905388, 0.358619183291664 ], [ 32.56829290420918, 0.358587619810607 ], [ 32.56829290420918, 0.358562369025762 ], [ 32.56829290420918, 0.358543430937128 ], [ 32.568286591512965, 0.358524492848494 ], [ 32.568286591512965, 0.35850555475986 ], [ 32.568280278816758, 0.358492929367437 ], [ 32.568273966120543, 0.358480303975014 ], [ 32.568267653424336, 0.35846136588638 ], [ 32.568255028031913, 0.358442427797746 ], [ 32.568248715335699, 0.358423489709112 ], [ 32.568236089943277, 0.358417177012901 ], [ 32.568236089943277, 0.358398238924267 ], [ 32.568229777247069, 0.358385613531844 ], [ 32.568217151854647, 0.35836667544321 ], [ 32.568210839158432, 0.358341424658365 ], [ 32.568204526462218, 0.358322486569731 ], [ 32.56819821376601, 0.358309861177308 ], [ 32.568185588373588, 0.358284610392463 ], [ 32.568185588373588, 0.358259359607617 ], [ 32.568179275677373, 0.358246734215195 ], [ 32.568172962981166, 0.358221483430349 ], [ 32.568166650284951, 0.358208858037927 ], [ 32.568166650284951, 0.358189919949293 ], [ 32.568154024892529, 0.35817729455687 ], [ 32.568154024892529, 0.358158356468236 ], [ 32.568154024892529, 0.358145731075813 ], [ 32.568154024892529, 0.358133105683391 ], [ 32.568147712196321, 0.358114167594757 ], [ 32.568147712196321, 0.358095229506123 ], [ 32.568147712196321, 0.3580826041137 ], [ 32.568147712196321, 0.358069978721277 ], [ 32.568147712196321, 0.358057353328855 ], [ 32.568147712196321, 0.358038415240221 ], [ 32.568147712196321, 0.358025789847798 ], [ 32.568160337588743, 0.358025789847798 ], [ 32.568166650284951, 0.358013164455375 ], [ 32.568172962981166, 0.357994226366741 ], [ 32.568172962981166, 0.357981600974319 ], [ 32.568172962981166, 0.357962662885685 ], [ 32.568172962981166, 0.357950037493262 ], [ 32.568179275677373, 0.357924786708417 ], [ 32.568185588373588, 0.357912161315994 ], [ 32.568185588373588, 0.357886910531149 ], [ 32.568191901069795, 0.357874285138726 ], [ 32.56819821376601, 0.357861659746303 ], [ 32.568204526462218, 0.357849034353881 ], [ 32.568210839158432, 0.357836408961458 ], [ 32.568217151854647, 0.357823783569035 ], [ 32.568217151854647, 0.357811158176613 ], [ 32.568223464550854, 0.357792220087979 ], [ 32.568223464550854, 0.357773281999345 ], [ 32.568223464550854, 0.357760656606922 ], [ 32.568217151854647, 0.357741718518288 ], [ 32.568210839158432, 0.357729093125865 ], [ 32.56819821376601, 0.357710155037231 ], [ 32.568185588373588, 0.357697529644808 ], [ 32.568185588373588, 0.357684904252386 ], [ 32.568179275677373, 0.357672278859963 ], [ 32.568172962981166, 0.35765965346754 ], [ 32.568154024892529, 0.357647028075118 ], [ 32.568147712196321, 0.357634402682695 ], [ 32.568141399500107, 0.35760915189785 ], [ 32.568141399500107, 0.357590213809216 ], [ 32.568135086803899, 0.357571275720582 ], [ 32.568135086803899, 0.357552337631948 ], [ 32.568128774107684, 0.357539712239525 ], [ 32.568128774107684, 0.35751446145468 ], [ 32.568122461411477, 0.357501836062257 ], [ 32.568122461411477, 0.357489210669834 ], [ 32.568122461411477, 0.357476585277412 ], [ 32.568116148715262, 0.357457647188778 ], [ 32.568109836019048, 0.357445021796355 ], [ 32.56810352332284, 0.357426083707721 ], [ 32.56810352332284, 0.357413458315298 ], [ 32.56810352332284, 0.357400832922876 ], [ 32.568097210626625, 0.357381894834242 ], [ 32.568097210626625, 0.357369269441819 ], [ 32.568078272537996, 0.357350331353185 ], [ 32.568065647145573, 0.357337705960762 ], [ 32.568065647145573, 0.35732508056834 ], [ 32.568059334449359, 0.357312455175917 ], [ 32.568053021753151, 0.357299829783494 ], [ 32.568053021753151, 0.357287204391072 ], [ 32.568046709056937, 0.357274578998649 ], [ 32.568046709056937, 0.357255640910015 ], [ 32.568040396360729, 0.357236702821381 ], [ 32.568040396360729, 0.357217764732747 ], [ 32.568040396360729, 0.357205139340324 ], [ 32.568034083664514, 0.35718620125169 ], [ 32.568027770968307, 0.357167263163056 ], [ 32.568027770968307, 0.357154637770634 ], [ 32.568027770968307, 0.357142012378211 ], [ 32.568027770968307, 0.357129386985788 ], [ 32.568021458272092, 0.357116761593366 ], [ 32.568021458272092, 0.357097823504732 ], [ 32.568021458272092, 0.357085198112309 ], [ 32.568021458272092, 0.357072572719886 ], [ 32.568015145575878, 0.357047321935041 ], [ 32.568015145575878, 0.357028383846407 ], [ 32.56800883287967, 0.357009445757773 ], [ 32.56800883287967, 0.356990507669139 ], [ 32.568002520183455, 0.356977882276716 ], [ 32.568002520183455, 0.356952631491871 ], [ 32.567996207487248, 0.356940006099448 ], [ 32.567983582094826, 0.356914755314603 ], [ 32.567983582094826, 0.35690212992218 ], [ 32.567977269398611, 0.356889504529757 ], [ 32.567977269398611, 0.356876879137335 ], [ 32.567970956702403, 0.356864253744912 ], [ 32.567970956702403, 0.356851628352489 ], [ 32.567970956702403, 0.356832690263855 ], [ 32.567970956702403, 0.356813752175221 ], [ 32.567964644006189, 0.356794814086587 ], [ 32.567964644006189, 0.356769563301742 ], [ 32.567964644006189, 0.356756937909319 ], [ 32.567958331309981, 0.356737999820685 ], [ 32.567952018613767, 0.356725374428263 ], [ 32.567952018613767, 0.35671274903584 ], [ 32.567945705917559, 0.356693810947206 ], [ 32.567945705917559, 0.356681185554783 ], [ 32.567939393221344, 0.356662247466149 ], [ 32.567933080525137, 0.356643309377515 ], [ 32.567926767828922, 0.356630683985093 ], [ 32.567920455132708, 0.356611745896459 ], [ 32.567920455132708, 0.356599120504036 ], [ 32.567920455132708, 0.356586495111613 ], [ 32.5679141424365, 0.356567557022979 ], [ 32.567907829740285, 0.356554931630557 ], [ 32.566784169814667, 0.356075166718495 ] ] ] ] } },
{ "type": "Feature", "properties": { "fid": 4, "class": 1.0 }, "geometry": { "type": "MultiPolygon", "coordinates": [ [ [ [ 32.567587441243852, 0.351120991465226 ], [ 32.567604190706227, 0.351129366196411 ], [ 32.567604190706227, 0.351154490389967 ], [ 32.567620940168595, 0.351162865121153 ], [ 32.567629314899783, 0.351179614583524 ], [ 32.567646064362151, 0.351196364045894 ], [ 32.567654439093339, 0.351213113508265 ], [ 32.567671188555707, 0.351238237701821 ], [ 32.567687938018082, 0.351246612433007 ], [ 32.56770468748045, 0.351263361895378 ], [ 32.567721436942819, 0.351280111357749 ], [ 32.567738186405194, 0.351288486088934 ], [ 32.567754935867562, 0.351305235551305 ], [ 32.567771685329937, 0.35131361028249 ], [ 32.567788434792305, 0.351330359744861 ], [ 32.567805184254674, 0.351347109207232 ], [ 32.567821933717049, 0.351363858669603 ], [ 32.567838683179417, 0.351380608131973 ], [ 32.567855432641785, 0.351388982863159 ], [ 32.567872182104161, 0.351397357594344 ], [ 32.567880556835341, 0.351414107056715 ], [ 32.567897306297716, 0.3514224817879 ], [ 32.567914055760085, 0.351430856519086 ], [ 32.56793080522246, 0.351439231250271 ], [ 32.567947554684828, 0.351455980712642 ], [ 32.567964304147196, 0.351472730175013 ], [ 32.567981053609572, 0.351481104906198 ], [ 32.56799780307194, 0.351489479637384 ], [ 32.568014552534308, 0.351497854368569 ], [ 32.568039676727864, 0.35151460383094 ], [ 32.568056426190239, 0.351522978562125 ], [ 32.568073175652607, 0.351531353293311 ], [ 32.568089925114982, 0.351539728024496 ], [ 32.568106674577351, 0.351548102755681 ], [ 32.568123424039719, 0.351564852218052 ], [ 32.568140173502094, 0.351573226949238 ], [ 32.568156922964462, 0.351573226949238 ], [ 32.568156922964462, 0.351589976411609 ], [ 32.56817367242683, 0.351589976411609 ], [ 32.568190421889206, 0.351606725873979 ], [ 32.568207171351574, 0.351615100605165 ], [ 32.568223920813949, 0.351615100605165 ], [ 32.568240670276317, 0.35162347533635 ], [ 32.568257419738686, 0.351631850067536 ], [ 32.568274169201061, 0.351648599529906 ], [ 32.568290918663429, 0.351656974261092 ], [ 32.568307668125797, 0.351665348992277 ], [ 32.568324417588173, 0.351673723723463 ], [ 32.568341167050541, 0.351682098454648 ], [ 32.568357916512916, 0.351698847917019 ], [ 32.568374665975284, 0.351707222648204 ], [ 32.568391415437652, 0.351707222648204 ], [ 32.568416539631208, 0.35171559737939 ], [ 32.568450038555952, 0.35173234684176 ], [ 32.568475162749507, 0.351740721572946 ], [ 32.568533785867807, 0.351757471035317 ], [ 32.568575659523731, 0.351774220497687 ], [ 32.568600783717287, 0.351782595228873 ], [ 32.568625907910842, 0.351790969960058 ], [ 32.568651032104398, 0.351807719422429 ], [ 32.568692905760329, 0.351816094153615 ], [ 32.568743154147441, 0.351849593078356 ], [ 32.568785027803365, 0.351874717271912 ], [ 32.568810151996928, 0.351891466734283 ], [ 32.568852025652852, 0.351899841465469 ], [ 32.56886877511522, 0.351916590927839 ], [ 32.568902274039964, 0.351924965659025 ], [ 32.568919023502332, 0.35193334039021 ], [ 32.568935772964707, 0.351941715121396 ], [ 32.568952522427075, 0.351941715121396 ], [ 32.568977646620631, 0.351958464583766 ], [ 32.568994396083006, 0.351958464583766 ], [ 32.569011145545375, 0.351966839314952 ], [ 32.56903626973893, 0.351983588777323 ], [ 32.569053019201299, 0.351991963508508 ], [ 32.569069768663674, 0.351991963508508 ], [ 32.569086518126042, 0.352000338239693 ], [ 32.56910326758841, 0.352000338239693 ], [ 32.569120017050786, 0.352008712970879 ], [ 32.56916189070671, 0.352017087702064 ], [ 32.569195389631453, 0.35202546243325 ], [ 32.569220513825009, 0.352033837164435 ], [ 32.56926238748094, 0.352042211895621 ], [ 32.569279136943308, 0.352042211895621 ], [ 32.569304261136864, 0.352050586626806 ], [ 32.569321010599232, 0.352050586626806 ], [ 32.569346134792788, 0.352058961357991 ], [ 32.569371258986344, 0.352058961357991 ], [ 32.569404757911087, 0.352058961357991 ], [ 32.569421507373463, 0.352058961357991 ], [ 32.569438256835831, 0.352058961357991 ], [ 32.569455006298199, 0.352067336089177 ], [ 32.569471755760574, 0.352067336089177 ], [ 32.569488505222942, 0.352067336089177 ], [ 32.569505254685311, 0.352075710820362 ], [ 32.569522004147686, 0.352075710820362 ], [ 32.569538753610054, 0.352075710820362 ], [ 32.569555503072422, 0.352075710820362 ], [ 32.569572252534797, 0.352075710820362 ], [ 32.569597376728353, 0.352084085551548 ], [ 32.569630875653097, 0.352084085551548 ], [ 32.569647625115465, 0.352084085551548 ], [ 32.569672749309021, 0.352092460282733 ], [ 32.569689498771389, 0.352092460282733 ], [ 32.569714622964952, 0.352092460282733 ], [ 32.56973137242732, 0.352092460282733 ], [ 32.569748121889688, 0.352092460282733 ], [ 32.569764871352064, 0.352092460282733 ], [ 32.569781620814432, 0.352092460282733 ], [ 32.5697983702768, 0.352092460282733 ], [ 32.569823494470356, 0.352092460282733 ], [ 32.569848618663912, 0.352092460282733 ], [ 32.569865368126287, 0.352092460282733 ], [ 32.569890492319843, 0.352092460282733 ], [ 32.569915616513399, 0.352100835013918 ], [ 32.569940740706954, 0.352100835013918 ], [ 32.56996586490051, 0.352100835013918 ], [ 32.569990989094066, 0.352100835013918 ], [ 32.570024488018809, 0.352109209745104 ], [ 32.570057986943553, 0.352109209745104 ], [ 32.570083111137109, 0.352109209745104 ], [ 32.570108235330665, 0.352109209745104 ], [ 32.570158483717776, 0.352117584476289 ], [ 32.570175233180144, 0.352117584476289 ], [ 32.5702003573737, 0.352117584476289 ], [ 32.570208732104888, 0.35213433393866 ], [ 32.570225481567256, 0.35213433393866 ], [ 32.570242231029631, 0.35213433393866 ], [ 32.570258980492, 0.35213433393866 ], [ 32.570284104685555, 0.35213433393866 ], [ 32.570300854147924, 0.35213433393866 ], [ 32.570325978341486, 0.35213433393866 ], [ 32.570351102535042, 0.35213433393866 ], [ 32.57036785199741, 0.35213433393866 ], [ 32.570392976190966, 0.35213433393866 ], [ 32.57042647511571, 0.35213433393866 ], [ 32.570451599309266, 0.35213433393866 ], [ 32.570485098234009, 0.35213433393866 ], [ 32.570526971889933, 0.352142708669845 ], [ 32.570568845545857, 0.352142708669845 ], [ 32.570602344470601, 0.352142708669845 ], [ 32.5706609675889, 0.352151083401031 ], [ 32.570702841244824, 0.352159458132216 ], [ 32.570744714900755, 0.352159458132216 ], [ 32.570778213825498, 0.352167832863402 ], [ 32.570803338019054, 0.352167832863402 ], [ 32.570836836943791, 0.352176207594587 ], [ 32.570853586406166, 0.352176207594587 ], [ 32.570887085330902, 0.352176207594587 ], [ 32.570912209524458, 0.352184582325772 ], [ 32.570928958986833, 0.352184582325772 ], [ 32.570945708449202, 0.352184582325772 ], [ 32.570962457911577, 0.352184582325772 ], [ 32.570987582105133, 0.352184582325772 ], [ 32.571004331567501, 0.352184582325772 ], [ 32.571029455761057, 0.352184582325772 ], [ 32.571046205223425, 0.352184582325772 ], [ 32.5710629546858, 0.352184582325772 ], [ 32.571079704148168, 0.352184582325772 ], [ 32.571096453610544, 0.352184582325772 ], [ 32.571121577804099, 0.352184582325772 ], [ 32.571138327266468, 0.352184582325772 ], [ 32.571155076728836, 0.352184582325772 ], [ 32.571171826191211, 0.352184582325772 ], [ 32.571188575653579, 0.352184582325772 ], [ 32.571205325115947, 0.352184582325772 ], [ 32.57123044930951, 0.352176207594587 ], [ 32.571238824040691, 0.352159458132216 ], [ 32.571247198771879, 0.352142708669845 ], [ 32.571255573503066, 0.352125959207475 ], [ 32.571255573503066, 0.352109209745104 ], [ 32.571272322965434, 0.352092460282733 ], [ 32.571272322965434, 0.352075710820362 ], [ 32.571280697696622, 0.352058961357991 ], [ 32.571280697696622, 0.352042211895621 ], [ 32.571280697696622, 0.35202546243325 ], [ 32.571289072427803, 0.352008712970879 ], [ 32.571289072427803, 0.351991963508508 ], [ 32.571289072427803, 0.351966839314952 ], [ 32.571289072427803, 0.351950089852581 ], [ 32.571289072427803, 0.35193334039021 ], [ 32.571289072427803, 0.351916590927839 ], [ 32.571289072427803, 0.351899841465469 ], [ 32.571289072427803, 0.351883092003098 ], [ 32.571289072427803, 0.351866342540727 ], [ 32.571289072427803, 0.351849593078356 ], [ 32.571289072427803, 0.3518244688848 ], [ 32.571289072427803, 0.351790969960058 ], [ 32.571289072427803, 0.351774220497687 ], [ 32.571289072427803, 0.351749096304131 ], [ 32.571289072427803, 0.351723972110575 ], [ 32.571289072427803, 0.351690473185833 ], [ 32.571289072427803, 0.351665348992277 ], [ 32.571289072427803, 0.351648599529906 ], [ 32.571289072427803, 0.35162347533635 ], [ 32.571289072427803, 0.351606725873979 ], [ 32.571280697696622, 0.351589976411609 ], [ 32.571280697696622, 0.351573226949238 ], [ 32.571280697696622, 0.351556477486867 ], [ 32.571280697696622, 0.351539728024496 ], [ 32.571280697696622, 0.351522978562125 ], [ 32.571272322965434, 0.351506229099754 ], [ 32.571263948234247, 0.351489479637384 ], [ 32.571263948234247, 0.351472730175013 ], [ 32.571263948234247, 0.351455980712642 ], [ 32.571255573503066, 0.351430856519086 ], [ 32.571255573503066, 0.35140573232553 ], [ 32.571255573503066, 0.351388982863159 ], [ 32.571255573503066, 0.351372233400788 ], [ 32.571247198771879, 0.351355483938417 ], [ 32.571238824040691, 0.351338734476046 ], [ 32.571238824040691, 0.351321985013676 ], [ 32.571238824040691, 0.351305235551305 ], [ 32.571222074578323, 0.351288486088934 ], [ 32.571213699847135, 0.351271736626563 ], [ 32.571205325115947, 0.351246612433007 ], [ 32.571196950384767, 0.351221488239451 ], [ 32.571196950384767, 0.35120473877708 ], [ 32.571188575653579, 0.351187989314709 ], [ 32.571180200922392, 0.351171239852338 ], [ 32.571171826191211, 0.351154490389967 ], [ 32.571171826191211, 0.351137740927597 ], [ 32.571163451460023, 0.351120991465226 ], [ 32.571155076728836, 0.351104242002855 ], [ 32.571155076728836, 0.351087492540484 ], [ 32.571146701997655, 0.351070743078113 ], [ 32.571138327266468, 0.351053993615742 ], [ 32.57112995253528, 0.351028869422186 ], [ 32.57112995253528, 0.351012119959815 ], [ 32.57112995253528, 0.350986995766259 ], [ 32.571121577804099, 0.350961871572703 ], [ 32.571121577804099, 0.350945122110332 ], [ 32.571121577804099, 0.350928372647961 ], [ 32.571121577804099, 0.350911623185591 ], [ 32.571104828341724, 0.35089487372322 ], [ 32.571104828341724, 0.350878124260849 ], [ 32.571096453610544, 0.350861374798478 ], [ 32.571088078879356, 0.350836250604922 ], [ 32.571079704148168, 0.350811126411366 ], [ 32.571079704148168, 0.350794376948995 ], [ 32.571079704148168, 0.350777627486624 ], [ 32.571079704148168, 0.350752503293068 ], [ 32.571071329416988, 0.350727379099512 ], [ 32.571071329416988, 0.350710629637141 ], [ 32.5710629546858, 0.35069388017477 ], [ 32.5710629546858, 0.350677130712399 ], [ 32.571054579954613, 0.350643631787658 ], [ 32.571046205223425, 0.350626882325287 ], [ 32.571037830492244, 0.350601758131731 ], [ 32.571037830492244, 0.350576633938174 ], [ 32.571029455761057, 0.350559884475803 ], [ 32.571029455761057, 0.350543135013433 ], [ 32.571012706298688, 0.350518010819876 ], [ 32.571012706298688, 0.350501261357506 ], [ 32.571012706298688, 0.350484511895135 ], [ 32.571012706298688, 0.350467762432764 ], [ 32.571004331567501, 0.350451012970393 ], [ 32.571004331567501, 0.350434263508022 ], [ 32.570995956836313, 0.350409139314466 ], [ 32.570979207373945, 0.350392389852095 ], [ 32.570970832642757, 0.350375640389725 ], [ 32.570970832642757, 0.350342141464983 ], [ 32.570962457911577, 0.350325392002612 ], [ 32.570954083180389, 0.350308642540241 ], [ 32.570954083180389, 0.35029189307787 ], [ 32.570954083180389, 0.3502751436155 ], [ 32.570945708449202, 0.350258394153129 ], [ 32.570937333718021, 0.350233269959573 ], [ 32.570928958986833, 0.350216520497202 ], [ 32.570928958986833, 0.350166272110089 ], [ 32.570928958986833, 0.350124398454162 ], [ 32.570928958986833, 0.350082524798235 ], [ 32.570928958986833, 0.350023901679937 ], [ 32.570928958986833, 0.350007152217567 ], [ 32.570928958986833, 0.34996527856164 ], [ 32.570928958986833, 0.349940154368083 ], [ 32.570920584255646, 0.349906655443342 ], [ 32.570920584255646, 0.349881531249786 ], [ 32.570920584255646, 0.349864781787415 ], [ 32.570920584255646, 0.349839657593858 ], [ 32.570920584255646, 0.349822908131488 ], [ 32.570920584255646, 0.349806158669117 ], [ 32.570920584255646, 0.349781034475561 ], [ 32.570920584255646, 0.34976428501319 ], [ 32.570920584255646, 0.349747535550819 ], [ 32.570920584255646, 0.349730786088448 ], [ 32.570912209524458, 0.349714036626077 ], [ 32.570903834793278, 0.349697287163707 ], [ 32.570903834793278, 0.34967216297015 ], [ 32.57089546006209, 0.34965541350778 ], [ 32.57089546006209, 0.349638664045409 ], [ 32.57089546006209, 0.349613539851853 ], [ 32.57089546006209, 0.349596790389482 ], [ 32.57089546006209, 0.349580040927111 ], [ 32.57089546006209, 0.34956329146474 ], [ 32.57089546006209, 0.349546542002369 ], [ 32.57089546006209, 0.349529792539998 ], [ 32.57089546006209, 0.349513043077628 ], [ 32.57089546006209, 0.349496293615257 ], [ 32.57089546006209, 0.349471169421701 ], [ 32.57089546006209, 0.349429295765774 ], [ 32.57089546006209, 0.349412546303403 ], [ 32.57089546006209, 0.349395796841032 ], [ 32.57089546006209, 0.349379047378661 ], [ 32.57089546006209, 0.34936229791629 ], [ 32.57089546006209, 0.34934554845392 ], [ 32.57089546006209, 0.349328798991549 ], [ 32.57089546006209, 0.349312049529178 ], [ 32.57089546006209, 0.349295300066807 ], [ 32.57089546006209, 0.349278550604436 ], [ 32.57089546006209, 0.34925342641088 ], [ 32.57089546006209, 0.349228302217324 ], [ 32.570887085330902, 0.349203178023768 ], [ 32.570878710599722, 0.349169679099026 ], [ 32.570878710599722, 0.34914455490547 ], [ 32.570878710599722, 0.349119430711914 ], [ 32.570878710599722, 0.349102681249543 ], [ 32.570878710599722, 0.349085931787172 ], [ 32.570878710599722, 0.349069182324801 ], [ 32.570870335868534, 0.34905243286243 ], [ 32.570870335868534, 0.349035683400059 ], [ 32.570861961137346, 0.349010559206503 ], [ 32.570861961137346, 0.348977060281762 ], [ 32.570861961137346, 0.348960310819391 ], [ 32.570853586406166, 0.34894356135702 ], [ 32.570853586406166, 0.348926811894649 ], [ 32.570853586406166, 0.348910062432278 ], [ 32.570845211674978, 0.348884938238722 ], [ 32.570845211674978, 0.348868188776351 ], [ 32.570845211674978, 0.34885143931398 ], [ 32.570836836943791, 0.348826315120424 ], [ 32.57082846221261, 0.348784441464497 ], [ 32.57082846221261, 0.348750942539756 ], [ 32.570820087481422, 0.348734193077385 ], [ 32.570820087481422, 0.348717443615014 ], [ 32.570803338019054, 0.348700694152643 ], [ 32.570803338019054, 0.348683944690272 ], [ 32.570803338019054, 0.348658820496716 ], [ 32.570794963287867, 0.34863369630316 ], [ 32.570794963287867, 0.348616946840789 ], [ 32.570786588556679, 0.348600197378418 ], [ 32.570786588556679, 0.348583447916048 ], [ 32.570778213825498, 0.348558323722491 ], [ 32.570778213825498, 0.348533199528935 ], [ 32.570778213825498, 0.348508075335379 ], [ 32.570778213825498, 0.348491325873008 ], [ 32.570778213825498, 0.348466201679452 ], [ 32.570778213825498, 0.34843270275471 ], [ 32.570778213825498, 0.348407578561154 ], [ 32.570778213825498, 0.348390829098783 ], [ 32.570778213825498, 0.348374079636412 ], [ 32.570778213825498, 0.348357330174042 ], [ 32.570778213825498, 0.348340580711671 ], [ 32.570778213825498, 0.348315456518114 ], [ 32.570778213825498, 0.348290332324558 ], [ 32.570778213825498, 0.348273582862187 ], [ 32.570778213825498, 0.348256833399817 ], [ 32.570778213825498, 0.348240083937446 ], [ 32.570778213825498, 0.348223334475075 ], [ 32.570778213825498, 0.348206585012704 ], [ 32.570778213825498, 0.348189835550333 ], [ 32.570778213825498, 0.348173086087963 ], [ 32.570778213825498, 0.348156336625592 ], [ 32.570786588556679, 0.348139587163221 ], [ 32.570786588556679, 0.34812283770085 ], [ 32.570803338019054, 0.348114462969665 ], [ 32.570803338019054, 0.348097713507294 ], [ 32.570811712750235, 0.348080964044923 ], [ 32.570811712750235, 0.348064214582552 ], [ 32.570811712750235, 0.348047465120181 ], [ 32.570820087481422, 0.348030715657811 ], [ 32.570820087481422, 0.348005591464254 ], [ 32.57082846221261, 0.347988842001884 ], [ 32.570836836943791, 0.347972092539513 ], [ 32.570836836943791, 0.347955343077142 ], [ 32.570836836943791, 0.347938593614771 ], [ 32.570836836943791, 0.3479218441524 ], [ 32.570853586406166, 0.347888345227659 ], [ 32.570861961137346, 0.347863221034102 ], [ 32.570870335868534, 0.347829722109361 ], [ 32.570878710599722, 0.347796223184619 ], [ 32.570887085330902, 0.347745974797507 ], [ 32.57089546006209, 0.34770410114158 ], [ 32.57089546006209, 0.347678976948024 ], [ 32.570903834793278, 0.347645478023282 ], [ 32.570903834793278, 0.347620353829726 ], [ 32.570912209524458, 0.347603604367355 ], [ 32.570912209524458, 0.347561730711428 ], [ 32.570912209524458, 0.347536606517872 ], [ 32.570920584255646, 0.347519857055501 ], [ 32.570920584255646, 0.34750310759313 ], [ 32.570920584255646, 0.347486358130759 ], [ 32.570920584255646, 0.347461233937203 ], [ 32.570920584255646, 0.347444484474832 ], [ 32.570920584255646, 0.347427735012461 ], [ 32.570920584255646, 0.347410985550091 ], [ 32.570920584255646, 0.347385861356534 ], [ 32.570920584255646, 0.347352362431793 ], [ 32.570920584255646, 0.347327238238236 ], [ 32.570920584255646, 0.347285364582309 ], [ 32.570920584255646, 0.347251865657568 ], [ 32.570920584255646, 0.347218366732826 ], [ 32.570920584255646, 0.347201617270455 ], [ 32.570920584255646, 0.347176493076899 ], [ 32.570920584255646, 0.347159743614528 ], [ 32.570920584255646, 0.347126244689787 ], [ 32.570920584255646, 0.347109495227416 ], [ 32.570920584255646, 0.347092745765045 ], [ 32.570920584255646, 0.347075996302674 ], [ 32.570920584255646, 0.347059246840303 ], [ 32.570920584255646, 0.347042497377933 ], [ 32.570920584255646, 0.347025747915562 ], [ 32.570920584255646, 0.347000623722006 ], [ 32.570920584255646, 0.346975499528449 ], [ 32.570920584255646, 0.346958750066079 ], [ 32.570920584255646, 0.346942000603708 ], [ 32.570920584255646, 0.346925251141337 ], [ 32.570920584255646, 0.346908501678966 ], [ 32.570920584255646, 0.34688337748541 ], [ 32.570912209524458, 0.346858253291854 ], [ 32.570912209524458, 0.346841503829483 ], [ 32.570903834793278, 0.346816379635927 ], [ 32.570903834793278, 0.346799630173556 ], [ 32.570887085330902, 0.346799630173556 ], [ 32.570887085330902, 0.346782880711185 ], [ 32.570878710599722, 0.346766131248814 ], [ 32.570861961137346, 0.346749381786443 ], [ 32.570845211674978, 0.346749381786443 ], [ 32.570820087481422, 0.346741007055258 ], [ 32.570803338019054, 0.346732632324073 ], [ 32.570786588556679, 0.346732632324073 ], [ 32.570769839094311, 0.346724257592887 ], [ 32.570753089631935, 0.346724257592887 ], [ 32.570736340169567, 0.346715882861702 ], [ 32.570711215976011, 0.346707508130516 ], [ 32.570694466513643, 0.346707508130516 ], [ 32.570669342320087, 0.346707508130516 ], [ 32.570644218126532, 0.346699133399331 ], [ 32.570627468664156, 0.346699133399331 ], [ 32.570610719201788, 0.346690758668146 ], [ 32.570593969739413, 0.346690758668146 ], [ 32.570577220277045, 0.346690758668146 ], [ 32.570560470814677, 0.34668238393696 ], [ 32.570535346621121, 0.346674009205775 ], [ 32.570518597158745, 0.346674009205775 ], [ 32.57049347296519, 0.346665634474589 ], [ 32.570468348771634, 0.346665634474589 ], [ 32.570451599309266, 0.346657259743404 ], [ 32.57043484984689, 0.346657259743404 ], [ 32.570418100384522, 0.346648885012219 ], [ 32.570401350922154, 0.346648885012219 ], [ 32.570384601459779, 0.346648885012219 ], [ 32.570359477266223, 0.346648885012219 ], [ 32.570342727803855, 0.346648885012219 ], [ 32.570325978341486, 0.346648885012219 ], [ 32.570309228879111, 0.346648885012219 ], [ 32.570292479416743, 0.346648885012219 ], [ 32.570275729954368, 0.346648885012219 ], [ 32.570250605760812, 0.346648885012219 ], [ 32.570233856298444, 0.346640510281033 ], [ 32.570217106836076, 0.346640510281033 ], [ 32.5702003573737, 0.346632135549848 ], [ 32.570183607911332, 0.346632135549848 ], [ 32.570166858448964, 0.346623760818662 ], [ 32.570150108986589, 0.346623760818662 ], [ 32.570124984793033, 0.346623760818662 ], [ 32.570099860599477, 0.346623760818662 ], [ 32.570083111137109, 0.346615386087477 ], [ 32.570066361674733, 0.346607011356291 ], [ 32.570049612212365, 0.346607011356291 ], [ 32.570024488018809, 0.346598636625106 ], [ 32.570007738556434, 0.346590261893921 ], [ 32.569982614362878, 0.346590261893921 ], [ 32.56996586490051, 0.346590261893921 ], [ 32.569940740706954, 0.346590261893921 ], [ 32.569915616513399, 0.346581887162735 ], [ 32.569873742857474, 0.346581887162735 ], [ 32.569840243932731, 0.34657351243155 ], [ 32.569823494470356, 0.34657351243155 ], [ 32.5697983702768, 0.346565137700364 ], [ 32.569764871352064, 0.346548388237994 ], [ 32.569722997696132, 0.346540013506808 ], [ 32.569706248233764, 0.346540013506808 ], [ 32.569689498771389, 0.346531638775623 ], [ 32.569664374577833, 0.346531638775623 ], [ 32.569630875653097, 0.346523264044437 ], [ 32.569605751459541, 0.346523264044437 ], [ 32.569589001997166, 0.346523264044437 ], [ 32.569572252534797, 0.346514889313252 ], [ 32.569547128341242, 0.346514889313252 ], [ 32.569530378878866, 0.346514889313252 ], [ 32.569513629416498, 0.346514889313252 ], [ 32.569488505222942, 0.346506514582067 ], [ 32.569463381029387, 0.346506514582067 ], [ 32.569446631567018, 0.346498139850881 ], [ 32.569429882104643, 0.346498139850881 ], [ 32.569413132642275, 0.346489765119696 ], [ 32.5693963831799, 0.346489765119696 ], [ 32.569379633717531, 0.346489765119696 ], [ 32.569362884255163, 0.34648139038851 ], [ 32.569346134792788, 0.346473015657325 ], [ 32.56932938533042, 0.34646464092614 ], [ 32.569312635868052, 0.346447891463769 ], [ 32.569295886405676, 0.346439516732583 ], [ 32.569287511674496, 0.346422767270213 ], [ 32.569254012749752, 0.346414392539027 ], [ 32.569237263287377, 0.346406017807842 ], [ 32.569220513825009, 0.346397643076656 ], [ 32.569195389631453, 0.346380893614285 ], [ 32.569178640169085, 0.3463725188831 ], [ 32.56916189070671, 0.346355769420729 ], [ 32.569145141244341, 0.346347394689544 ], [ 32.569120017050786, 0.346339019958358 ], [ 32.56909489285723, 0.346322270495988 ], [ 32.56909489285723, 0.346305521033617 ], [ 32.569078143394854, 0.346297146302431 ], [ 32.569061393932486, 0.346288771571246 ], [ 32.569044644470118, 0.346272022108875 ], [ 32.569027895007743, 0.346272022108875 ], [ 32.569011145545375, 0.346255272646504 ], [ 32.568994396083006, 0.346255272646504 ], [ 32.568986021351819, 0.346238523184134 ], [ 32.568969271889451, 0.346230148452948 ], [ 32.568960897158263, 0.346213398990577 ], [ 32.568944147695888, 0.346196649528207 ], [ 32.568919023502332, 0.346179900065836 ], [ 32.568902274039964, 0.34617152533465 ], [ 32.568885524577595, 0.346154775872279 ], [ 32.56886877511522, 0.346146401141094 ], [ 32.568852025652852, 0.346138026409909 ], [ 32.568835276190484, 0.346121276947538 ], [ 32.568818526728109, 0.346112902216352 ], [ 32.56880177726574, 0.346096152753982 ], [ 32.568785027803365, 0.346096152753982 ], [ 32.568785027803365, 0.346079403291611 ], [ 32.568768278340997, 0.346071028560425 ], [ 32.568751528878629, 0.34606265382924 ], [ 32.568734779416253, 0.346045904366869 ], [ 32.568718029953885, 0.346045904366869 ], [ 32.568701280491517, 0.346029154904498 ], [ 32.568676156297961, 0.346020780173313 ], [ 32.568659406835586, 0.346012405442128 ], [ 32.568642657373218, 0.346004030710942 ], [ 32.568625907910842, 0.346004030710942 ], [ 32.568600783717287, 0.345995655979757 ], [ 32.568584034254918, 0.345978906517386 ], [ 32.56856728479255, 0.345978906517386 ], [ 32.568550535330175, 0.345970531786201 ], [ 32.568533785867807, 0.345962157055015 ], [ 32.568517036405439, 0.34595378232383 ], [ 32.568500286943063, 0.34595378232383 ], [ 32.568483537480695, 0.34595378232383 ], [ 32.568458413287139, 0.345945407592644 ], [ 32.568441663824764, 0.345937032861459 ], [ 32.568424914362396, 0.345937032861459 ], [ 32.568408164900028, 0.345920283399088 ], [ 32.568391415437652, 0.345920283399088 ], [ 32.568374665975284, 0.345911908667903 ], [ 32.568349541781728, 0.345911908667903 ], [ 32.568316042856985, 0.345895159205532 ], [ 32.568299293394617, 0.345886784474347 ], [ 32.568282543932241, 0.345886784474347 ], [ 32.568265794469873, 0.345878409743161 ], [ 32.568249045007505, 0.345878409743161 ], [ 32.56823229554513, 0.345870035011976 ], [ 32.568215546082762, 0.345870035011976 ], [ 32.568190421889206, 0.34586166028079 ], [ 32.56817367242683, 0.345870035011976 ], [ 32.568156922964462, 0.345878409743161 ], [ 32.568140173502094, 0.345886784474347 ], [ 32.568123424039719, 0.345903533936717 ], [ 32.568106674577351, 0.345920283399088 ], [ 32.568089925114982, 0.345920283399088 ], [ 32.568081550383795, 0.345937032861459 ], [ 32.568064800921427, 0.345945407592644 ], [ 32.568056426190239, 0.345962157055015 ], [ 32.568039676727864, 0.345970531786201 ], [ 32.568014552534308, 0.345987281248571 ], [ 32.568006177803127, 0.346004030710942 ], [ 32.567989428340752, 0.346012405442128 ], [ 32.567972678878384, 0.346020780173313 ], [ 32.567955929416016, 0.346029154904498 ], [ 32.567947554684828, 0.346045904366869 ], [ 32.56793080522246, 0.34606265382924 ], [ 32.567914055760085, 0.346079403291611 ], [ 32.567905681028904, 0.346096152753982 ], [ 32.567888931566529, 0.346112902216352 ], [ 32.567880556835341, 0.346129651678723 ], [ 32.567863807372973, 0.346129651678723 ], [ 32.567855432641785, 0.346146401141094 ], [ 32.567847057910605, 0.346163150603465 ], [ 32.567838683179417, 0.346179900065836 ], [ 32.567830308448229, 0.346196649528207 ], [ 32.567821933717049, 0.346213398990577 ], [ 32.567813558985861, 0.346238523184134 ], [ 32.567813558985861, 0.34626364737769 ], [ 32.567805184254674, 0.346280396840061 ], [ 32.567788434792305, 0.346305521033617 ], [ 32.567788434792305, 0.346322270495988 ], [ 32.567780060061118, 0.346339019958358 ], [ 32.56776331059875, 0.346355769420729 ], [ 32.56776331059875, 0.3463725188831 ], [ 32.567746561136374, 0.3463725188831 ], [ 32.567738186405194, 0.346389268345471 ], [ 32.567721436942819, 0.346397643076656 ], [ 32.567713062211638, 0.346414392539027 ], [ 32.567696312749263, 0.346431142001398 ], [ 32.567679563286895, 0.346447891463769 ], [ 32.567662813824526, 0.346456266194954 ], [ 32.56763768963097, 0.34646464092614 ], [ 32.567629314899783, 0.34648139038851 ], [ 32.567612565437415, 0.34648139038851 ], [ 32.567612565437415, 0.346498139850881 ], [ 32.567595815975039, 0.346498139850881 ], [ 32.567587441243852, 0.346514889313252 ], [ 32.567570691781484, 0.346531638775623 ], [ 32.567553942319115, 0.346548388237994 ], [ 32.567545567587928, 0.346565137700364 ], [ 32.56752881812556, 0.346565137700364 ], [ 32.567520443394372, 0.346581887162735 ], [ 32.567503693932004, 0.346590261893921 ], [ 32.567503693932004, 0.346607011356291 ], [ 32.567486944469628, 0.346615386087477 ], [ 32.56747019500726, 0.346623760818662 ], [ 32.56747019500726, 0.346640510281033 ], [ 32.567461820276073, 0.346657259743404 ], [ 32.567445070813704, 0.346665634474589 ], [ 32.567436696082517, 0.34668238393696 ], [ 32.567419946620149, 0.346690758668146 ], [ 32.567403197157773, 0.346707508130516 ], [ 32.567386447695405, 0.346724257592887 ], [ 32.567378072964217, 0.346741007055258 ], [ 32.567361323501849, 0.346766131248814 ], [ 32.567344574039481, 0.346782880711185 ], [ 32.567336199308293, 0.346799630173556 ], [ 32.567319449845925, 0.346808004904741 ], [ 32.567311075114738, 0.346824754367112 ], [ 32.56730270038355, 0.346841503829483 ], [ 32.567285950921182, 0.346841503829483 ], [ 32.567277576189994, 0.346858253291854 ], [ 32.567260826727626, 0.346866628023039 ], [ 32.567244077265251, 0.346891752216595 ], [ 32.56723570253407, 0.346908501678966 ], [ 32.567218953071695, 0.346916876410152 ], [ 32.567210578340514, 0.346933625872522 ], [ 32.567202203609327, 0.346950375334893 ], [ 32.567185454146959, 0.346958750066079 ], [ 32.567168704684583, 0.346975499528449 ], [ 32.567151955222215, 0.34699224899082 ], [ 32.56713520575984, 0.347017373184376 ], [ 32.567118456297472, 0.347034122646747 ], [ 32.567101706835103, 0.347034122646747 ], [ 32.567093332103916, 0.347050872109118 ], [ 32.567076582641548, 0.347067621571489 ], [ 32.567059833179172, 0.347075996302674 ], [ 32.567043083716804, 0.34708437103386 ], [ 32.567026334254436, 0.34710112049623 ], [ 32.567009584792061, 0.347117869958601 ], [ 32.56700121006088, 0.347134619420972 ], [ 32.566984460598505, 0.347151368883343 ], [ 32.566967711136137, 0.347168118345714 ], [ 32.566950961673761, 0.347176493076899 ], [ 32.566934212211393, 0.347184867808085 ], [ 32.566925837480206, 0.347201617270455 ], [ 32.566909088017837, 0.347209992001641 ], [ 32.566892338555469, 0.347226741464012 ], [ 32.566867214361913, 0.347235116195197 ], [ 32.566850464899538, 0.347243490926382 ], [ 32.56683371543717, 0.347251865657568 ], [ 32.566808591243614, 0.347260240388753 ], [ 32.566791841781239, 0.347268615119939 ], [ 32.566775092318871, 0.347285364582309 ], [ 32.566749968125315, 0.347293739313495 ], [ 32.566733218662947, 0.347310488775866 ], [ 32.566716469200571, 0.347318863507051 ], [ 32.566699719738203, 0.347335612969422 ], [ 32.566682970275828, 0.347343987700607 ], [ 32.56666622081346, 0.347352362431793 ], [ 32.566649471351091, 0.347360737162978 ], [ 32.566632721888716, 0.347369111894163 ], [ 32.566615972426348, 0.347377486625349 ], [ 32.56659922296398, 0.34739423608772 ], [ 32.566582473501605, 0.347402610818905 ], [ 32.566574098770424, 0.347419360281276 ], [ 32.566557349308049, 0.347427735012461 ], [ 32.566532225114493, 0.347444484474832 ], [ 32.566515475652125, 0.347452859206018 ], [ 32.566498726189749, 0.347477983399574 ], [ 32.566481976727381, 0.347486358130759 ], [ 32.566465227265013, 0.347519857055501 ], [ 32.566448477802638, 0.347519857055501 ], [ 32.566440103071457, 0.347536606517872 ], [ 32.566423353609082, 0.347536606517872 ], [ 32.566398229415526, 0.347553355980242 ], [ 32.566381479953158, 0.347570105442613 ], [ 32.566364730490783, 0.347578480173799 ], [ 32.566347981028414, 0.347586854904984 ], [ 32.566331231566046, 0.347595229636169 ], [ 32.566314482103671, 0.347603604367355 ], [ 32.566289357910115, 0.34761197909854 ], [ 32.566272608447747, 0.34761197909854 ], [ 32.566255858985379, 0.34761197909854 ], [ 32.566239109523003, 0.347628728560911 ], [ 32.566222360060635, 0.347628728560911 ], [ 32.566213985329448, 0.347645478023282 ], [ 32.566222360060635, 0.347662227485653 ], [ 32.566230734791816, 0.347678976948024 ], [ 32.566239109523003, 0.34770410114158 ], [ 32.566247484254191, 0.347737600066321 ], [ 32.566255858985379, 0.347754349528692 ], [ 32.566264233716559, 0.347771098991063 ], [ 32.566272608447747, 0.347787848453434 ], [ 32.566289357910115, 0.347804597915805 ], [ 32.56630610737249, 0.347829722109361 ], [ 32.566322856834859, 0.347846471571732 ], [ 32.566322856834859, 0.347863221034102 ], [ 32.566339606297227, 0.347879970496473 ], [ 32.566347981028414, 0.347896719958844 ], [ 32.566356355759602, 0.347913469421215 ], [ 32.566364730490783, 0.347930218883586 ], [ 32.566381479953158, 0.347946968345957 ], [ 32.566406604146714, 0.347972092539513 ], [ 32.566414978877901, 0.347988842001884 ], [ 32.56643172834027, 0.347997216733069 ], [ 32.566440103071457, 0.34801396619544 ], [ 32.566448477802638, 0.348047465120181 ], [ 32.566465227265013, 0.348064214582552 ], [ 32.566481976727381, 0.348097713507294 ], [ 32.566490351458569, 0.348114462969665 ], [ 32.566507100920937, 0.348131212432036 ], [ 32.566515475652125, 0.348147961894406 ], [ 32.566532225114493, 0.348156336625592 ], [ 32.566532225114493, 0.348173086087963 ], [ 32.566548974576868, 0.348181460819148 ], [ 32.566565724039236, 0.348206585012704 ], [ 32.566565724039236, 0.348223334475075 ], [ 32.566574098770424, 0.348240083937446 ], [ 32.566582473501605, 0.348256833399817 ], [ 32.566590848232792, 0.348273582862187 ], [ 32.566590848232792, 0.348298707055744 ], [ 32.56660759769516, 0.348315456518114 ], [ 32.56660759769516, 0.348340580711671 ], [ 32.566624347157536, 0.348365704905227 ], [ 32.566624347157536, 0.348382454367598 ], [ 32.566624347157536, 0.348399203829969 ], [ 32.566632721888716, 0.348424328023525 ], [ 32.566641096619904, 0.348441077485896 ], [ 32.566649471351091, 0.348457826948266 ], [ 32.566649471351091, 0.348474576410637 ], [ 32.566649471351091, 0.348491325873008 ], [ 32.56666622081346, 0.348491325873008 ], [ 32.566674595544647, 0.348508075335379 ], [ 32.566674595544647, 0.34852482479775 ], [ 32.566682970275828, 0.34854157426012 ], [ 32.566682970275828, 0.348566698453677 ], [ 32.566691345007015, 0.348591822647233 ], [ 32.566699719738203, 0.348608572109604 ], [ 32.566708094469391, 0.348625321571975 ], [ 32.566708094469391, 0.348642071034345 ], [ 32.566708094469391, 0.348658820496716 ], [ 32.566716469200571, 0.348683944690272 ], [ 32.566724843931759, 0.348700694152643 ], [ 32.566733218662947, 0.348717443615014 ], [ 32.566733218662947, 0.348734193077385 ], [ 32.566741593394127, 0.348750942539756 ], [ 32.566749968125315, 0.348776066733312 ], [ 32.566758342856502, 0.348792816195683 ], [ 32.566758342856502, 0.348809565658053 ], [ 32.566766717587683, 0.34883468985161 ], [ 32.566791841781239, 0.348843064582795 ], [ 32.566800216512426, 0.348859814045166 ], [ 32.566800216512426, 0.348876563507537 ], [ 32.566808591243614, 0.348893312969908 ], [ 32.566825340705982, 0.348910062432278 ], [ 32.56683371543717, 0.348926811894649 ], [ 32.56683371543717, 0.34894356135702 ], [ 32.566850464899538, 0.348951936088205 ], [ 32.566850464899538, 0.348968685550576 ], [ 32.566867214361913, 0.348985435012947 ], [ 32.566875589093094, 0.349002184475318 ], [ 32.566883963824282, 0.349018933937689 ], [ 32.56690071328665, 0.349018933937689 ], [ 32.566909088017837, 0.349035683400059 ], [ 32.566909088017837, 0.34905243286243 ], [ 32.566917462749025, 0.349069182324801 ], [ 32.566934212211393, 0.349085931787172 ], [ 32.566934212211393, 0.349102681249543 ], [ 32.566942586942581, 0.349119430711914 ], [ 32.566950961673761, 0.349136180174284 ], [ 32.566950961673761, 0.349152929636655 ], [ 32.566967711136137, 0.349169679099026 ], [ 32.566967711136137, 0.349186428561397 ], [ 32.566976085867317, 0.349203178023768 ], [ 32.566976085867317, 0.349219927486138 ], [ 32.566984460598505, 0.349236676948509 ], [ 32.566984460598505, 0.34925342641088 ], [ 32.566992835329692, 0.349270175873251 ], [ 32.566992835329692, 0.349286925335622 ], [ 32.566992835329692, 0.349303674797992 ], [ 32.56700121006088, 0.349320424260363 ], [ 32.567017959523248, 0.349328798991549 ], [ 32.567026334254436, 0.34934554845392 ], [ 32.567034708985616, 0.34936229791629 ], [ 32.567034708985616, 0.349387422109847 ], [ 32.567034708985616, 0.349404171572217 ], [ 32.567043083716804, 0.349420921034588 ], [ 32.567051458447992, 0.349437670496959 ], [ 32.567059833179172, 0.34945441995933 ], [ 32.56706820791036, 0.349471169421701 ], [ 32.567084957372728, 0.349487918884071 ], [ 32.567084957372728, 0.349504668346442 ], [ 32.567084957372728, 0.349521417808813 ], [ 32.567101706835103, 0.349538167271184 ], [ 32.567110081566284, 0.349554916733555 ], [ 32.567118456297472, 0.349571666195926 ], [ 32.567126831028659, 0.349588415658296 ], [ 32.567126831028659, 0.349605165120667 ], [ 32.567126831028659, 0.349621914583038 ], [ 32.567126831028659, 0.349638664045409 ], [ 32.567118456297472, 0.34965541350778 ], [ 32.567101706835103, 0.34967216297015 ], [ 32.567084957372728, 0.349680537701336 ], [ 32.567084957372728, 0.349697287163707 ], [ 32.56706820791036, 0.349714036626077 ], [ 32.567059833179172, 0.349730786088448 ], [ 32.567043083716804, 0.349739160819634 ], [ 32.567043083716804, 0.349755910282004 ], [ 32.567034708985616, 0.349772659744375 ], [ 32.567017959523248, 0.349781034475561 ], [ 32.567017959523248, 0.349797783937931 ], [ 32.567009584792061, 0.349814533400302 ], [ 32.566992835329692, 0.349822908131488 ], [ 32.566992835329692, 0.349839657593858 ], [ 32.566984460598505, 0.349856407056229 ], [ 32.566984460598505, 0.3498731565186 ], [ 32.566967711136137, 0.3498731565186 ], [ 32.566967711136137, 0.349889905980971 ], [ 32.566950961673761, 0.349898280712156 ], [ 32.566950961673761, 0.349915030174527 ], [ 32.566934212211393, 0.349931779636898 ], [ 32.566925837480206, 0.349956903830454 ], [ 32.566909088017837, 0.349973653292825 ], [ 32.566883963824282, 0.349998777486381 ], [ 32.566867214361913, 0.350015526948752 ], [ 32.566858839630726, 0.350032276411123 ], [ 32.56684209016835, 0.350040651142308 ], [ 32.566825340705982, 0.350049025873494 ], [ 32.566816965974795, 0.35007415006705 ], [ 32.566800216512426, 0.35007415006705 ], [ 32.566791841781239, 0.350090899529421 ], [ 32.566775092318871, 0.350099274260606 ], [ 32.566775092318871, 0.350124398454162 ], [ 32.566783467050058, 0.350141147916533 ], [ 32.566791841781239, 0.350157897378904 ], [ 32.566791841781239, 0.350174646841275 ], [ 32.566808591243614, 0.350199771034831 ], [ 32.566816965974795, 0.350216520497202 ], [ 32.56683371543717, 0.350224895228387 ], [ 32.566858839630726, 0.350233269959573 ], [ 32.566867214361913, 0.350250019421943 ], [ 32.566883963824282, 0.350250019421943 ], [ 32.566909088017837, 0.350258394153129 ], [ 32.566934212211393, 0.350266768884314 ], [ 32.566950961673761, 0.3502751436155 ], [ 32.566967711136137, 0.3502751436155 ], [ 32.566984460598505, 0.3502751436155 ], [ 32.56700121006088, 0.3502751436155 ], [ 32.567017959523248, 0.3502751436155 ], [ 32.567034708985616, 0.350283518346685 ], [ 32.567051458447992, 0.350283518346685 ], [ 32.56706820791036, 0.35029189307787 ], [ 32.567084957372728, 0.350300267809056 ], [ 32.567101706835103, 0.350317017271427 ], [ 32.567118456297472, 0.350325392002612 ], [ 32.56713520575984, 0.350333766733798 ], [ 32.567151955222215, 0.350342141464983 ], [ 32.567177079415771, 0.350350516196168 ], [ 32.567185454146959, 0.350367265658539 ], [ 32.567202203609327, 0.350375640389725 ], [ 32.567218953071695, 0.350392389852095 ], [ 32.567244077265251, 0.350400764583281 ], [ 32.567260826727626, 0.350409139314466 ], [ 32.567277576189994, 0.350417514045652 ], [ 32.567294325652362, 0.350425888776837 ], [ 32.567311075114738, 0.350442638239208 ], [ 32.567327824577106, 0.350451012970393 ], [ 32.567344574039481, 0.350459387701579 ], [ 32.567361323501849, 0.350467762432764 ], [ 32.567378072964217, 0.350467762432764 ], [ 32.567394822426593, 0.350467762432764 ], [ 32.567411571888961, 0.350476137163949 ], [ 32.567428321351329, 0.350476137163949 ], [ 32.567453445544892, 0.350484511895135 ], [ 32.56747019500726, 0.35049288662632 ], [ 32.567486944469628, 0.35049288662632 ], [ 32.567503693932004, 0.35049288662632 ], [ 32.567503693932004, 0.350509636088691 ], [ 32.567520443394372, 0.350509636088691 ], [ 32.56753719285674, 0.350509636088691 ], [ 32.567553942319115, 0.350534760282247 ], [ 32.567570691781484, 0.350534760282247 ], [ 32.567595815975039, 0.350551509744618 ], [ 32.567612565437415, 0.350551509744618 ], [ 32.567629314899783, 0.350568259206989 ], [ 32.567646064362151, 0.350576633938174 ], [ 32.567662813824526, 0.350593383400545 ], [ 32.567679563286895, 0.350593383400545 ], [ 32.567696312749263, 0.350601758131731 ], [ 32.567713062211638, 0.350601758131731 ], [ 32.567729811674006, 0.350610132862916 ], [ 32.567746561136374, 0.350610132862916 ], [ 32.56776331059875, 0.350626882325287 ], [ 32.567780060061118, 0.350635257056472 ], [ 32.567796809523493, 0.350635257056472 ], [ 32.567587441243852, 0.351120991465226 ] ] ] ] } },
{ "type": "Feature", "properties": { "fid": 5, "class": 1.0 }, "geometry": { "type": "MultiPolygon", "coordinates": [ [ [ [ 32.556505856852525, 0.355472868361525 ], [ 32.556527233882527, 0.355462179846522 ], [ 32.556537922397531, 0.355440802816516 ], [ 32.556559299427541, 0.355419425786511 ], [ 32.556569987942538, 0.355398048756505 ], [ 32.556591364972547, 0.355376671726499 ], [ 32.556623430517554, 0.355344606181491 ], [ 32.556655496062561, 0.355312540636482 ], [ 32.556687561607575, 0.355291163606477 ], [ 32.556730315667586, 0.35522703251646 ], [ 32.556730315667586, 0.355205655486454 ], [ 32.556762381212593, 0.355194966971451 ], [ 32.556783758242595, 0.355162901426443 ], [ 32.556805135272604, 0.355141524396437 ], [ 32.556837200817611, 0.355098770336426 ], [ 32.556912020422629, 0.3550025737014 ], [ 32.556944085967643, 0.354970508156392 ], [ 32.556997528542652, 0.354906377066375 ], [ 32.557050971117668, 0.354842245976358 ], [ 32.55709372517768, 0.354788803401344 ], [ 32.557157856267693, 0.354756737856335 ], [ 32.557200610327705, 0.354703295281321 ], [ 32.557254052902721, 0.354671229736313 ], [ 32.557286118447728, 0.354639164191304 ], [ 32.557328872507739, 0.354596410131293 ], [ 32.55739300359776, 0.354542967556279 ], [ 32.557425069142766, 0.354521590526273 ], [ 32.557467823202778, 0.354489524981265 ], [ 32.557499888747785, 0.354468147951259 ], [ 32.557531954292799, 0.354446770921253 ], [ 32.55757470835281, 0.354425393891248 ], [ 32.557606773897817, 0.354393328346239 ], [ 32.557628150927819, 0.354371951316233 ], [ 32.557649527957828, 0.354350574286228 ], [ 32.557681593502835, 0.354339885771225 ], [ 32.557702970532844, 0.354339885771225 ], [ 32.557713659047842, 0.354307820226216 ], [ 32.557767101622858, 0.354275754681208 ], [ 32.557788478652867, 0.354265066166205 ], [ 32.557788478652867, 0.354233000621197 ], [ 32.557809855682869, 0.354200935076188 ], [ 32.557820544197874, 0.354179558046183 ], [ 32.557852609742881, 0.354158181016177 ], [ 32.557863298257885, 0.354136803986171 ], [ 32.557884675287887, 0.354126115471168 ], [ 32.557895363802892, 0.35409404992616 ], [ 32.557916740832894, 0.35409404992616 ], [ 32.557927429347899, 0.354072672896154 ], [ 32.557938117862903, 0.354051295866149 ], [ 32.557959494892906, 0.354029918836143 ], [ 32.557980871922915, 0.354008541806137 ], [ 32.55799156043792, 0.353987164776132 ], [ 32.558012937467922, 0.353976476261129 ], [ 32.558034314497931, 0.353955099231123 ], [ 32.558055691527933, 0.35394441071612 ], [ 32.558077068557942, 0.353912345171112 ], [ 32.55808775707294, 0.353890968141106 ], [ 32.558109134102949, 0.353858902596098 ], [ 32.558141199647956, 0.353858902596098 ], [ 32.558151888162961, 0.353826837051089 ], [ 32.558173265192963, 0.353805460021083 ], [ 32.558194642222972, 0.353794771506081 ], [ 32.558216019252974, 0.353784082991078 ], [ 32.558237396282983, 0.353773394476075 ], [ 32.558258773312986, 0.353762705961072 ], [ 32.558258773312986, 0.353741328931067 ], [ 32.558280150342995, 0.353730640416064 ], [ 32.558301527372997, 0.353709263386058 ], [ 32.558322904403006, 0.353698574871055 ], [ 32.558344281433008, 0.353687886356052 ], [ 32.558354969948013, 0.353666509326047 ], [ 32.558376346978022, 0.353645132296041 ], [ 32.558397724008024, 0.353623755266035 ], [ 32.558397724008024, 0.35360237823603 ], [ 32.558408412523029, 0.353581001206024 ], [ 32.558429789553031, 0.353548935661016 ], [ 32.558451166583041, 0.353516870116007 ], [ 32.558483232128047, 0.353463427540993 ], [ 32.558558051733065, 0.35337791942097 ], [ 32.558600805793077, 0.353303099815951 ], [ 32.558675625398095, 0.353217591695928 ], [ 32.558707690943109, 0.353153460605911 ], [ 32.558739756488116, 0.3531107065459 ], [ 32.558771822033123, 0.353078641000891 ], [ 32.558793199063132, 0.353046575455883 ], [ 32.558814576093134, 0.353025198425877 ], [ 32.558825264608139, 0.353003821395871 ], [ 32.558835953123143, 0.352971755850863 ], [ 32.558857330153145, 0.352950378820857 ], [ 32.558857330153145, 0.352929001790852 ], [ 32.558878707183155, 0.352907624760846 ], [ 32.558878707183155, 0.35288624773084 ], [ 32.558889395698152, 0.352864870700835 ], [ 32.558900084213157, 0.352843493670829 ], [ 32.558910772728161, 0.352822116640823 ], [ 32.558932149758164, 0.35281142812582 ], [ 32.558942838273168, 0.352790051095815 ], [ 32.558953526788173, 0.352768674065809 ], [ 32.558974903818175, 0.352757985550806 ], [ 32.55898559233318, 0.352736608520801 ], [ 32.559006969363189, 0.352725920005798 ], [ 32.559017657878186, 0.352704542975792 ], [ 32.559039034908196, 0.352683165945787 ], [ 32.559060411938198, 0.352683165945787 ], [ 32.559071100453203, 0.352661788915781 ], [ 32.559092477483212, 0.352661788915781 ], [ 32.559113854513214, 0.352661788915781 ], [ 32.559135231543223, 0.352661788915781 ], [ 32.55916729708823, 0.352683165945787 ], [ 32.559199362633237, 0.352736608520801 ], [ 32.559220739663246, 0.352768674065809 ], [ 32.559242116693248, 0.352779362580812 ], [ 32.559252805208253, 0.352800739610818 ], [ 32.559274182238255, 0.352822116640823 ], [ 32.55928487075326, 0.352843493670829 ], [ 32.559316936298266, 0.35288624773084 ], [ 32.559338313328276, 0.352918313275849 ], [ 32.559402444418289, 0.353014509910874 ], [ 32.559434509963296, 0.353046575455883 ], [ 32.55946657550831, 0.353089329515894 ], [ 32.559477264023307, 0.353121395060902 ], [ 32.559498641053317, 0.353142772090908 ], [ 32.559520018083319, 0.353185526150919 ], [ 32.559541395113328, 0.353217591695928 ], [ 32.559594837688344, 0.353281722785945 ], [ 32.559648280263353, 0.353356542390965 ], [ 32.559691034323365, 0.353420673480982 ], [ 32.559723099868378, 0.353442050510987 ], [ 32.559733788383376, 0.353474116055996 ], [ 32.559755165413385, 0.353516870116007 ], [ 32.559776542443387, 0.353538247146013 ], [ 32.559776542443387, 0.353559624176018 ], [ 32.559819296503399, 0.353581001206024 ], [ 32.559819296503399, 0.35360237823603 ], [ 32.559851362048413, 0.353623755266035 ], [ 32.55986205056341, 0.353655820811044 ], [ 32.559894116108424, 0.353698574871055 ], [ 32.559926181653431, 0.353730640416064 ], [ 32.559947558683433, 0.353752017446069 ], [ 32.559958247198438, 0.353784082991078 ], [ 32.559990312743444, 0.353816148536086 ], [ 32.560011689773454, 0.353826837051089 ], [ 32.560011689773454, 0.353848214081095 ], [ 32.560043755318461, 0.353880279626103 ], [ 32.560054443833465, 0.353912345171112 ], [ 32.560075820863467, 0.353912345171112 ], [ 32.560086509378472, 0.353933722201117 ], [ 32.560097197893477, 0.353955099231123 ], [ 32.560118574923479, 0.353976476261129 ], [ 32.560150640468486, 0.353997853291134 ], [ 32.560150640468486, 0.35401923032114 ], [ 32.560172017498495, 0.354040607351146 ], [ 32.560172017498495, 0.354061984381151 ], [ 32.560193394528497, 0.354072672896154 ], [ 32.560204083043502, 0.35409404992616 ], [ 32.560204083043502, 0.354115426956165 ], [ 32.560204083043502, 0.354136803986171 ], [ 32.560204083043502, 0.354190246561185 ], [ 32.560204083043502, 0.354222312106194 ], [ 32.560193394528497, 0.354254377651202 ], [ 32.560182706013499, 0.354275754681208 ], [ 32.560150640468486, 0.354307820226216 ], [ 32.560097197893477, 0.354339885771225 ], [ 32.560086509378472, 0.354371951316233 ], [ 32.560086509378472, 0.354393328346239 ], [ 32.560054443833465, 0.354414705376245 ], [ 32.560033066803456, 0.354425393891248 ], [ 32.560011689773454, 0.354425393891248 ], [ 32.560011689773454, 0.354457459436256 ], [ 32.559990312743444, 0.354478836466262 ], [ 32.559979624228447, 0.35451090201127 ], [ 32.559936870168436, 0.354542967556279 ], [ 32.559915493138426, 0.354553656071281 ], [ 32.559904804623422, 0.354575033101287 ], [ 32.559894116108424, 0.354596410131293 ], [ 32.559872739078415, 0.354617787161298 ], [ 32.559851362048413, 0.354639164191304 ], [ 32.559829985018403, 0.35466054122131 ], [ 32.559829985018403, 0.354681918251315 ], [ 32.559797919473397, 0.354681918251315 ], [ 32.559787230958392, 0.354703295281321 ], [ 32.55976585392839, 0.354713983796324 ], [ 32.559744476898381, 0.354724672311327 ], [ 32.559723099868378, 0.354746049341332 ], [ 32.559701722838369, 0.354756737856335 ], [ 32.559680345808367, 0.354767426371338 ], [ 32.559637591748356, 0.354788803401344 ], [ 32.559605526203342, 0.354820868946352 ], [ 32.55958414917334, 0.354831557461355 ], [ 32.559552083628333, 0.354852934491361 ], [ 32.559530706598323, 0.354863623006363 ], [ 32.559498641053317, 0.354885000036369 ], [ 32.55946657550831, 0.354917065581378 ], [ 32.559434509963296, 0.354938442611383 ], [ 32.559402444418289, 0.354959819641389 ], [ 32.559370378873282, 0.354981196671395 ], [ 32.559338313328276, 0.354991885186397 ], [ 32.559338313328276, 0.355034639246409 ], [ 32.559316936298266, 0.355034639246409 ], [ 32.559306247783269, 0.355056016276414 ], [ 32.559295559268264, 0.35507739330642 ], [ 32.559274182238255, 0.355088081821423 ], [ 32.559263493723257, 0.355109458851429 ], [ 32.559263493723257, 0.355130835881434 ], [ 32.559263493723257, 0.355173589941446 ], [ 32.559252805208253, 0.355194966971451 ], [ 32.559252805208253, 0.355216344001457 ], [ 32.559252805208253, 0.355248409546465 ], [ 32.559252805208253, 0.355269786576471 ], [ 32.559252805208253, 0.355291163606477 ], [ 32.559263493723257, 0.355333917666488 ], [ 32.559263493723257, 0.355365983211496 ], [ 32.559274182238255, 0.355387360241502 ], [ 32.559274182238255, 0.355419425786511 ], [ 32.559274182238255, 0.355440802816516 ], [ 32.559274182238255, 0.355462179846522 ], [ 32.55928487075326, 0.355483556876528 ], [ 32.55928487075326, 0.355504933906533 ], [ 32.55928487075326, 0.355536999451542 ], [ 32.55928487075326, 0.35556906499655 ], [ 32.55928487075326, 0.355601130541559 ], [ 32.55928487075326, 0.355622507571564 ], [ 32.55928487075326, 0.35564388460157 ], [ 32.55928487075326, 0.355675950146578 ], [ 32.559274182238255, 0.355708015691587 ], [ 32.559274182238255, 0.355729392721593 ], [ 32.559263493723257, 0.355761458266601 ], [ 32.559252805208253, 0.355804212326612 ], [ 32.559252805208253, 0.355825589356618 ], [ 32.559231428178244, 0.355846966386624 ], [ 32.559231428178244, 0.355868343416629 ], [ 32.559231428178244, 0.355889720446635 ], [ 32.559220739663246, 0.355921785991644 ], [ 32.559210051148241, 0.355953851536652 ], [ 32.559199362633237, 0.355996605596663 ], [ 32.559188674118232, 0.356028671141672 ], [ 32.559177985603235, 0.35606073668668 ], [ 32.55916729708823, 0.356092802231689 ], [ 32.559145920058221, 0.356114179261694 ], [ 32.559135231543223, 0.356156933321706 ], [ 32.559135231543223, 0.356178310351711 ], [ 32.559135231543223, 0.356199687381717 ], [ 32.559124543028219, 0.356221064411723 ], [ 32.559113854513214, 0.356242441441728 ], [ 32.559103165998209, 0.356274506986737 ], [ 32.559103165998209, 0.356317261046748 ], [ 32.559103165998209, 0.356338638076754 ], [ 32.559092477483212, 0.356381392136765 ], [ 32.559081788968207, 0.356413457681774 ], [ 32.559081788968207, 0.356445523226782 ], [ 32.559071100453203, 0.356498965801796 ], [ 32.559060411938198, 0.356531031346805 ], [ 32.559060411938198, 0.35655240837681 ], [ 32.559060411938198, 0.356584473921819 ], [ 32.5590497234232, 0.356605850951825 ], [ 32.5590497234232, 0.356637916496833 ], [ 32.559039034908196, 0.356669982041841 ], [ 32.559039034908196, 0.356691359071847 ], [ 32.559039034908196, 0.356723424616856 ], [ 32.559028346393191, 0.356755490161864 ], [ 32.559028346393191, 0.356787555706873 ], [ 32.559017657878186, 0.356808932736878 ], [ 32.559017657878186, 0.356830309766884 ], [ 32.559017657878186, 0.356862375311892 ], [ 32.559017657878186, 0.356894440856901 ], [ 32.559006969363189, 0.356926506401909 ], [ 32.558996280848184, 0.356958571946918 ], [ 32.558974903818175, 0.357012014521932 ], [ 32.558964215303178, 0.357033391551938 ], [ 32.558964215303178, 0.357054768581943 ], [ 32.558953526788173, 0.357086834126952 ], [ 32.558953526788173, 0.35711889967196 ], [ 32.558942838273168, 0.357140276701966 ], [ 32.558942838273168, 0.357172342246974 ], [ 32.558932149758164, 0.357204407791983 ], [ 32.558921461243166, 0.357225784821989 ], [ 32.558921461243166, 0.357257850366997 ], [ 32.558910772728161, 0.357289915912006 ], [ 32.558910772728161, 0.357311292942011 ], [ 32.558910772728161, 0.357332669972017 ], [ 32.558900084213157, 0.357354047002023 ], [ 32.558900084213157, 0.357386112547031 ], [ 32.558889395698152, 0.357418178092039 ], [ 32.558889395698152, 0.357439555122045 ], [ 32.558878707183155, 0.357460932152051 ], [ 32.558878707183155, 0.357503686212062 ], [ 32.55886801866815, 0.357525063242068 ], [ 32.55886801866815, 0.357546440272073 ], [ 32.55886801866815, 0.357578505817082 ], [ 32.558857330153145, 0.357599882847088 ], [ 32.558857330153145, 0.357631948392096 ], [ 32.558846641638141, 0.357664013937105 ], [ 32.558846641638141, 0.35768539096711 ], [ 32.558846641638141, 0.357706767997116 ], [ 32.558835953123143, 0.357728145027122 ], [ 32.558835953123143, 0.357749522057127 ], [ 32.558835953123143, 0.357770899087133 ], [ 32.558835953123143, 0.357792276117138 ], [ 32.558835953123143, 0.357813653147144 ], [ 32.558835953123143, 0.35783503017715 ], [ 32.558835953123143, 0.357856407207155 ], [ 32.558835953123143, 0.357877784237161 ], [ 32.558814576093134, 0.357888472752164 ], [ 32.558793199063132, 0.357888472752164 ], [ 32.55875044500312, 0.357856407207155 ], [ 32.558707690943109, 0.357824341662147 ], [ 32.558675625398095, 0.357802964632141 ], [ 32.558611494308082, 0.357770899087133 ], [ 32.558590117278079, 0.357749522057127 ], [ 32.55856874024807, 0.357728145027122 ], [ 32.558536674703063, 0.357706767997116 ], [ 32.558515297673054, 0.35768539096711 ], [ 32.558483232128047, 0.357664013937105 ], [ 32.558451166583041, 0.357642636907099 ], [ 32.558429789553031, 0.357642636907099 ], [ 32.558419101038034, 0.357621259877093 ], [ 32.55838703549302, 0.357621259877093 ], [ 32.558344281433008, 0.35761057136209 ], [ 32.558322904403006, 0.35761057136209 ], [ 32.558290838857999, 0.357599882847088 ], [ 32.558258773312986, 0.35761057136209 ], [ 32.558237396282983, 0.35761057136209 ], [ 32.558216019252974, 0.35761057136209 ], [ 32.558194642222972, 0.35761057136209 ], [ 32.558173265192963, 0.357621259877093 ], [ 32.558151888162961, 0.357621259877093 ], [ 32.558130511132951, 0.357621259877093 ], [ 32.558109134102949, 0.357621259877093 ], [ 32.55808775707294, 0.357631948392096 ], [ 32.558055691527933, 0.357631948392096 ], [ 32.558012937467922, 0.357642636907099 ], [ 32.55797018340791, 0.357642636907099 ], [ 32.557938117862903, 0.357653325422102 ], [ 32.557906052317897, 0.357653325422102 ], [ 32.557884675287887, 0.357653325422102 ], [ 32.557863298257885, 0.357653325422102 ], [ 32.557841921227876, 0.357653325422102 ], [ 32.557809855682869, 0.357653325422102 ], [ 32.557777790137862, 0.357653325422102 ], [ 32.557735036077851, 0.357642636907099 ], [ 32.557713659047842, 0.357642636907099 ], [ 32.55769228201784, 0.357642636907099 ], [ 32.557660216472833, 0.357631948392096 ], [ 32.557628150927819, 0.357631948392096 ], [ 32.557606773897817, 0.357631948392096 ], [ 32.55757470835281, 0.357631948392096 ], [ 32.557553331322801, 0.357631948392096 ], [ 32.557531954292799, 0.357631948392096 ], [ 32.557489200232787, 0.357621259877093 ], [ 32.557457134687773, 0.357621259877093 ], [ 32.557435757657771, 0.357621259877093 ], [ 32.557414380627762, 0.357621259877093 ], [ 32.55737162656775, 0.357621259877093 ], [ 32.557339561022744, 0.357621259877093 ], [ 32.557318183992741, 0.35761057136209 ], [ 32.557296806962732, 0.35761057136209 ], [ 32.557264741417725, 0.357599882847088 ], [ 32.557221987357714, 0.357599882847088 ], [ 32.557200610327705, 0.357589194332085 ], [ 32.557168544782698, 0.357589194332085 ], [ 32.557147167752696, 0.357589194332085 ], [ 32.557125790722687, 0.357589194332085 ], [ 32.557104413692684, 0.357589194332085 ], [ 32.557072348147678, 0.357589194332085 ], [ 32.557040282602664, 0.357589194332085 ], [ 32.557008217057657, 0.357578505817082 ], [ 32.556986840027655, 0.357578505817082 ], [ 32.556965462997645, 0.357578505817082 ], [ 32.556933397452639, 0.357578505817082 ], [ 32.556890643392627, 0.357578505817082 ], [ 32.55685857784762, 0.357578505817082 ], [ 32.556837200817611, 0.357578505817082 ], [ 32.556815823787609, 0.357578505817082 ], [ 32.5567944467576, 0.357578505817082 ], [ 32.556773069727598, 0.357578505817082 ], [ 32.556751692697588, 0.357578505817082 ], [ 32.556730315667586, 0.357578505817082 ], [ 32.556708938637577, 0.357578505817082 ], [ 32.556687561607575, 0.357578505817082 ], [ 32.556666184577566, 0.357578505817082 ], [ 32.556644807547563, 0.357567817302079 ], [ 32.556634119032559, 0.357546440272073 ], [ 32.556623430517554, 0.357514374727065 ], [ 32.556580676457543, 0.357492997697059 ], [ 32.556569987942538, 0.357460932152051 ], [ 32.556559299427541, 0.357439555122045 ], [ 32.556537922397531, 0.357407489577037 ], [ 32.556537922397531, 0.357386112547031 ], [ 32.556537922397531, 0.357364735517025 ], [ 32.556527233882527, 0.35734335848702 ], [ 32.556527233882527, 0.357321981457014 ], [ 32.556527233882527, 0.357300604427008 ], [ 32.556537922397531, 0.357279227397003 ], [ 32.556559299427541, 0.357279227397003 ], [ 32.556580676457543, 0.357268538882 ], [ 32.556602053487552, 0.357268538882 ], [ 32.556623430517554, 0.357257850366997 ], [ 32.556644807547563, 0.357257850366997 ], [ 32.556666184577566, 0.357247161851994 ], [ 32.556687561607575, 0.357236473336991 ], [ 32.556730315667586, 0.357225784821989 ], [ 32.556751692697588, 0.357204407791983 ], [ 32.556773069727598, 0.357204407791983 ], [ 32.5567944467576, 0.35719371927698 ], [ 32.556826512302607, 0.357183030761977 ], [ 32.55685857784762, 0.357172342246974 ], [ 32.556879954877623, 0.357161653731972 ], [ 32.556912020422629, 0.357108211156957 ], [ 32.556933397452639, 0.357097522641955 ], [ 32.556954774482641, 0.357086834126952 ], [ 32.55697615151265, 0.357076145611949 ], [ 32.556986840027655, 0.357054768581943 ], [ 32.556997528542652, 0.357033391551938 ], [ 32.557029594087666, 0.357012014521932 ], [ 32.557050971117668, 0.357012014521932 ], [ 32.557050971117668, 0.356990637491926 ], [ 32.557061659632673, 0.356969260461921 ], [ 32.557061659632673, 0.356937194916912 ], [ 32.557083036662675, 0.356915817886907 ], [ 32.55709372517768, 0.356894440856901 ], [ 32.557104413692684, 0.356862375311892 ], [ 32.557104413692684, 0.356840998281887 ], [ 32.557125790722687, 0.356819621251881 ], [ 32.557125790722687, 0.356787555706873 ], [ 32.557147167752696, 0.356755490161864 ], [ 32.557157856267693, 0.356723424616856 ], [ 32.557179233297703, 0.35670204758685 ], [ 32.557189921812707, 0.356669982041841 ], [ 32.557200610327705, 0.356648605011836 ], [ 32.557211298842709, 0.35662722798183 ], [ 32.557211298842709, 0.356605850951825 ], [ 32.557221987357714, 0.356584473921819 ], [ 32.557221987357714, 0.35655240837681 ], [ 32.557232675872719, 0.356531031346805 ], [ 32.557232675872719, 0.356498965801796 ], [ 32.557232675872719, 0.356466900256788 ], [ 32.557243364387716, 0.356445523226782 ], [ 32.557243364387716, 0.356424146196776 ], [ 32.557254052902721, 0.356402769166771 ], [ 32.557264741417725, 0.356381392136765 ], [ 32.557264741417725, 0.356360015106759 ], [ 32.557264741417725, 0.356338638076754 ], [ 32.55727542993273, 0.356317261046748 ], [ 32.55727542993273, 0.356295884016743 ], [ 32.556505856852525, 0.355472868361525 ] ] ] ] } },
{ "type": "Feature", "properties": { "fid": 6, "class": 1.0 }, "geometry": { "type": "MultiPolygon", "coordinates": [ [ [ [ 32.553822040883119, 0.343005473573026 ], [ 32.553831274024255, 0.34297777414963 ], [ 32.553840507165383, 0.342913142161707 ], [ 32.553858973447646, 0.342857743314915 ], [ 32.553868206588781, 0.342793111326992 ], [ 32.553886672871045, 0.342756178762464 ], [ 32.553886672871045, 0.342728479339068 ], [ 32.553905139153308, 0.342700779915673 ], [ 32.553905139153308, 0.342673080492277 ], [ 32.553914372294436, 0.342645381068881 ], [ 32.553914372294436, 0.342617681645485 ], [ 32.553923605435571, 0.342599215363222 ], [ 32.553932838576699, 0.342562282798694 ], [ 32.553942071717834, 0.342506883951902 ], [ 32.553942071717834, 0.342479184528507 ], [ 32.55395130485897, 0.342442251963979 ], [ 32.553960538000098, 0.342414552540583 ], [ 32.553969771141233, 0.342386853117188 ], [ 32.553969771141233, 0.342340687411528 ], [ 32.553988237423496, 0.342322221129264 ], [ 32.553988237423496, 0.342294521705868 ], [ 32.553997470564624, 0.342266822282473 ], [ 32.553997470564624, 0.342239122859077 ], [ 32.55400670370576, 0.342220656576813 ], [ 32.55400670370576, 0.342183724012286 ], [ 32.55400670370576, 0.34215602458889 ], [ 32.55400670370576, 0.342128325165494 ], [ 32.554015936846888, 0.34210985888323 ], [ 32.554015936846888, 0.342082159459835 ], [ 32.554025169988023, 0.342054460036439 ], [ 32.554034403129151, 0.342017527471911 ], [ 32.554043636270286, 0.341980594907383 ], [ 32.554052869411414, 0.34196212862512 ], [ 32.55406210255255, 0.341943662342856 ], [ 32.55406210255255, 0.341925196060592 ], [ 32.554071335693685, 0.341906729778328 ], [ 32.554071335693685, 0.341888263496064 ], [ 32.554071335693685, 0.341860564072669 ], [ 32.554071335693685, 0.341842097790405 ], [ 32.554071335693685, 0.341823631508141 ], [ 32.554071335693685, 0.341786698943613 ], [ 32.554071335693685, 0.341758999520218 ], [ 32.554071335693685, 0.341740533237954 ], [ 32.554071335693685, 0.341712833814558 ], [ 32.554071335693685, 0.341694367532294 ], [ 32.554071335693685, 0.341657434967767 ], [ 32.554071335693685, 0.341629735544371 ], [ 32.554071335693685, 0.341602036120975 ], [ 32.554071335693685, 0.341565103556447 ], [ 32.554071335693685, 0.341537404133052 ], [ 32.554080568834813, 0.341509704709656 ], [ 32.554089801975948, 0.34148200528626 ], [ 32.554099035117076, 0.341463539003996 ], [ 32.554108268258211, 0.341435839580601 ], [ 32.55411750139934, 0.341417373298337 ], [ 32.55411750139934, 0.341389673874941 ], [ 32.554135967681603, 0.341371207592677 ], [ 32.554135967681603, 0.341343508169282 ], [ 32.554145200822738, 0.341306575604754 ], [ 32.554145200822738, 0.341278876181358 ], [ 32.554154433963866, 0.341251176757962 ], [ 32.554163667105001, 0.341223477334567 ], [ 32.55417290024613, 0.341195777911171 ], [ 32.554191366528393, 0.341158845346643 ], [ 32.554200599669528, 0.341121912782116 ], [ 32.554209832810663, 0.34109421335872 ], [ 32.554209832810663, 0.341057280794192 ], [ 32.554209832810663, 0.341020348229665 ], [ 32.554209832810663, 0.340992648806269 ], [ 32.554219065951791, 0.340974182524005 ], [ 32.554228299092927, 0.340946483100609 ], [ 32.55424676537519, 0.340918783677214 ], [ 32.55424676537519, 0.34090031739495 ], [ 32.55424676537519, 0.340881851112686 ], [ 32.55430216422198, 0.340826452265895 ], [ 32.55430216422198, 0.340807985983631 ], [ 32.554311397363108, 0.340789519701367 ], [ 32.554311397363108, 0.340761820277971 ], [ 32.554311397363108, 0.340734120854575 ], [ 32.554320630504243, 0.34070642143118 ], [ 32.554329863645378, 0.340669488866652 ], [ 32.554339096786507, 0.340641789443256 ], [ 32.554348329927642, 0.340614090019861 ], [ 32.55435756306877, 0.340586390596465 ], [ 32.554366796209905, 0.340549458031937 ], [ 32.554366796209905, 0.34051252546741 ], [ 32.554385262492168, 0.340484826044014 ], [ 32.554403728774432, 0.34046635976175 ], [ 32.55441296191556, 0.340447893479486 ], [ 32.554431428197823, 0.340410960914958 ], [ 32.554459127621222, 0.340364795209299 ], [ 32.554468360762357, 0.340337095785903 ], [ 32.55448682704462, 0.340337095785903 ], [ 32.554496060185748, 0.340309396362507 ], [ 32.554505293326883, 0.340281696939112 ], [ 32.554505293326883, 0.340263230656848 ], [ 32.554523759609147, 0.340235531233452 ], [ 32.554532992750275, 0.340180132386661 ], [ 32.55454222589141, 0.340152432963265 ], [ 32.55454222589141, 0.340124733539869 ], [ 32.554579158455937, 0.340087800975342 ], [ 32.554579158455937, 0.340050868410814 ], [ 32.5545976247382, 0.34003240212855 ], [ 32.554634557302727, 0.339986236422891 ], [ 32.554643790443862, 0.339967770140627 ], [ 32.55465302358499, 0.339940070717231 ], [ 32.554662256726125, 0.339921604434967 ], [ 32.554671489867253, 0.339875438729308 ], [ 32.554689956149517, 0.33983850616478 ], [ 32.554689956149517, 0.339810806741384 ], [ 32.554699189290652, 0.33979234045912 ], [ 32.55470842243178, 0.339773874176857 ], [ 32.554754588137442, 0.339736941612329 ], [ 32.554763821278577, 0.339718475330065 ], [ 32.554773054419705, 0.339681542765537 ], [ 32.55478228756084, 0.339635377059878 ], [ 32.55478228756084, 0.339552278789691 ], [ 32.554791520701968, 0.339524579366295 ], [ 32.554809986984232, 0.339487646801767 ], [ 32.554809986984232, 0.339459947378372 ], [ 32.554819220125367, 0.339441481096108 ], [ 32.554828453266495, 0.33940454853158 ], [ 32.55483768640763, 0.339376849108184 ], [ 32.55483768640763, 0.339349149684789 ], [ 32.55483768640763, 0.339321450261393 ], [ 32.55483768640763, 0.339284517696865 ], [ 32.55483768640763, 0.339238351991206 ], [ 32.55483768640763, 0.33921065256781 ], [ 32.554846919548766, 0.339182953144414 ], [ 32.554846919548766, 0.33916448686215 ], [ 32.554846919548766, 0.339136787438755 ], [ 32.554856152689894, 0.339109088015359 ], [ 32.554865385831029, 0.339053689168567 ], [ 32.554865385831029, 0.339035222886304 ], [ 32.554874618972157, 0.339007523462908 ], [ 32.554883852113292, 0.338979824039512 ], [ 32.554883852113292, 0.338952124616116 ], [ 32.554902318395555, 0.338924425192721 ], [ 32.554911551536684, 0.338905958910457 ], [ 32.554930017818947, 0.338896725769325 ], [ 32.554930017818947, 0.338869026345929 ], [ 32.554930017818947, 0.338841326922534 ], [ 32.554930017818947, 0.33882286064027 ], [ 32.554930017818947, 0.338804394358006 ], [ 32.554930017818947, 0.338767461793478 ], [ 32.554930017818947, 0.338748995511214 ], [ 32.554930017818947, 0.338721296087819 ], [ 32.554930017818947, 0.338693596664423 ], [ 32.554930017818947, 0.338675130382159 ], [ 32.554930017818947, 0.338647430958763 ], [ 32.554930017818947, 0.338601265253104 ], [ 32.554939250960082, 0.338545866406312 ], [ 32.554966950383474, 0.338508933841785 ], [ 32.555013116089135, 0.338472001277257 ], [ 32.555013116089135, 0.338453534994993 ], [ 32.555013116089135, 0.338435068712729 ], [ 32.555031582371399, 0.338425835571597 ], [ 32.555040815512534, 0.338407369289334 ], [ 32.555077748077061, 0.338379669865938 ], [ 32.555105447500452, 0.338324271019146 ], [ 32.555142380064986, 0.338259639031223 ], [ 32.55518854577064, 0.338204240184432 ], [ 32.555197778911776, 0.33814884133764 ], [ 32.555225478335167, 0.338111908773112 ], [ 32.555271644040829, 0.338038043644057 ], [ 32.555308576605356, 0.337973411656134 ], [ 32.555345509169882, 0.337927245950474 ], [ 32.555373208593281, 0.337899546527079 ], [ 32.555382441734416, 0.337871847103683 ], [ 32.555437840581206, 0.337779515692364 ], [ 32.555456306863469, 0.337742583127836 ], [ 32.555474773145733, 0.33771488370444 ], [ 32.555484006286861, 0.337696417422176 ], [ 32.555493239427996, 0.337677951139913 ], [ 32.555511705710259, 0.337641018575385 ], [ 32.555520938851394, 0.337613319151989 ], [ 32.555520938851394, 0.337594852869725 ], [ 32.555530171992523, 0.337576386587462 ], [ 32.555539405133658, 0.337548687164066 ], [ 32.555548638274786, 0.337530220881802 ], [ 32.555557871415921, 0.337502521458406 ], [ 32.555567104557049, 0.337474822035011 ], [ 32.555567104557049, 0.337447122611615 ], [ 32.555585570839312, 0.337428656329351 ], [ 32.555604037121576, 0.337400956905955 ], [ 32.555613270262711, 0.33737325748256 ], [ 32.555613270262711, 0.337336324918032 ], [ 32.555622503403839, 0.337317858635768 ], [ 32.555622503403839, 0.337299392353504 ], [ 32.555631736544974, 0.33728092607124 ], [ 32.555631736544974, 0.337262459788977 ], [ 32.555631736544974, 0.337243993506713 ], [ 32.55564096968611, 0.337216294083317 ], [ 32.55564096968611, 0.337179361518789 ], [ 32.55564096968611, 0.33713319581313 ], [ 32.555631736544974, 0.33708703010747 ], [ 32.555631736544974, 0.337050097542943 ], [ 32.555631736544974, 0.337013164978415 ], [ 32.555631736544974, 0.336985465555019 ], [ 32.55564096968611, 0.336948532990492 ], [ 32.55564096968611, 0.336920833567096 ], [ 32.55564096968611, 0.3368931341437 ], [ 32.55564096968611, 0.336865434720304 ], [ 32.55564096968611, 0.336837735296909 ], [ 32.55564096968611, 0.336810035873513 ], [ 32.55564096968611, 0.336791569591249 ], [ 32.55564096968611, 0.336773103308985 ], [ 32.555631736544974, 0.336754637026721 ], [ 32.555631736544974, 0.336773103308985 ], [ 32.555677902250636, 0.336810035873513 ], [ 32.555724067956291, 0.336837735296909 ], [ 32.555797933085351, 0.336883901002568 ], [ 32.555834865649878, 0.336902367284832 ], [ 32.555881031355533, 0.33693929984936 ], [ 32.555908730778931, 0.336948532990492 ], [ 32.555964129625721, 0.336966999272755 ], [ 32.556010295331383, 0.336976232413887 ], [ 32.556056461037045, 0.336994698696151 ], [ 32.5561026267427, 0.337022398119547 ], [ 32.556167258730625, 0.337022398119547 ], [ 32.556213424436287, 0.337031631260679 ], [ 32.556268823283077, 0.337040864401811 ], [ 32.556314988988738, 0.337050097542943 ], [ 32.55639808725892, 0.337059330684075 ], [ 32.556425786682318, 0.337068563825207 ], [ 32.556444252964582, 0.337068563825207 ], [ 32.556481185529108, 0.337077796966338 ], [ 32.556508884952507, 0.337077796966338 ], [ 32.556564283799297, 0.337114729530866 ], [ 32.55658275008156, 0.337123962671998 ], [ 32.556619682646087, 0.337123962671998 ], [ 32.556656615210613, 0.337123962671998 ], [ 32.556693547775147, 0.337123962671998 ], [ 32.55671201405741, 0.33713319581313 ], [ 32.556748946621937, 0.33713319581313 ], [ 32.556776646045329, 0.33713319581313 ], [ 32.55682281175099, 0.33713319581313 ], [ 32.556841278033254, 0.33713319581313 ], [ 32.556896676880044, 0.337142428954262 ], [ 32.556942842585705, 0.337160895236526 ], [ 32.556989008291367, 0.337160895236526 ], [ 32.557025940855894, 0.337160895236526 ], [ 32.557053640279285, 0.337160895236526 ], [ 32.557081339702684, 0.337160895236526 ], [ 32.557109039126082, 0.337170128377658 ], [ 32.557145971690609, 0.337179361518789 ], [ 32.557164437972872, 0.337188594659921 ], [ 32.557192137396271, 0.337188594659921 ], [ 32.557219836819662, 0.337197827801053 ], [ 32.557247536243061, 0.337207060942185 ], [ 32.557275235666452, 0.337207060942185 ], [ 32.557302935089851, 0.337207060942185 ], [ 32.557321401372114, 0.337216294083317 ], [ 32.557358333936641, 0.337216294083317 ], [ 32.557386033360039, 0.337225527224449 ], [ 32.557404499642303, 0.337225527224449 ], [ 32.557441432206829, 0.337234760365581 ], [ 32.557478364771356, 0.337234760365581 ], [ 32.557506064194754, 0.337253226647845 ], [ 32.557542996759281, 0.337262459788977 ], [ 32.557561463041544, 0.337262459788977 ], [ 32.557616861888334, 0.337262459788977 ], [ 32.557663027593996, 0.337271692930109 ], [ 32.557690727017388, 0.33728092607124 ], [ 32.557709193299658, 0.33728092607124 ], [ 32.557764592146448, 0.337290159212372 ], [ 32.557783058428711, 0.337290159212372 ], [ 32.557829224134366, 0.337299392353504 ], [ 32.557856923557765, 0.337299392353504 ], [ 32.557884622981163, 0.337299392353504 ], [ 32.557912322404555, 0.337308625494636 ], [ 32.557940021827953, 0.3373270917769 ], [ 32.557986187533615, 0.3373270917769 ], [ 32.558023120098142, 0.3373270917769 ], [ 32.558050819521533, 0.3373270917769 ], [ 32.55808775208606, 0.337336324918032 ], [ 32.55810621836833, 0.337336324918032 ], [ 32.558124684650593, 0.337336324918032 ], [ 32.558143150932857, 0.337345558059164 ], [ 32.55816161721512, 0.337345558059164 ], [ 32.558189316638511, 0.337364024341428 ], [ 32.558235482344173, 0.33737325748256 ], [ 32.5582724149087, 0.337382490623691 ], [ 32.558290881190963, 0.337400956905955 ], [ 32.558318580614362, 0.337410190047087 ], [ 32.558337046896625, 0.337428656329351 ], [ 32.558373979461152, 0.337437889470483 ], [ 32.55840167888455, 0.337447122611615 ], [ 32.558438611449077, 0.337465588893879 ], [ 32.558466310872468, 0.337502521458406 ], [ 32.558494010295867, 0.337511754599538 ], [ 32.558530942860394, 0.33752098774067 ], [ 32.558558642283792, 0.337530220881802 ], [ 32.55856787542492, 0.337557920305198 ], [ 32.558595574848319, 0.33756715344633 ], [ 32.558614041130582, 0.337576386587462 ], [ 32.558632507412845, 0.337585619728594 ], [ 32.558650973695109, 0.337604086010857 ], [ 32.558669439977372, 0.337622552293121 ], [ 32.558687906259635, 0.337641018575385 ], [ 32.558687906259635, 0.337659484857649 ], [ 32.558687906259635, 0.337705650563308 ], [ 32.558687906259635, 0.337724116845572 ], [ 32.558687906259635, 0.337742583127836 ], [ 32.558687906259635, 0.337779515692364 ], [ 32.558687906259635, 0.337807215115759 ], [ 32.558687906259635, 0.337834914539155 ], [ 32.558678673118507, 0.337890313385947 ], [ 32.558650973695109, 0.337927245950474 ], [ 32.558632507412845, 0.337973411656134 ], [ 32.558586341707183, 0.338056509926321 ], [ 32.55856787542492, 0.338102675631981 ], [ 32.558540176001529, 0.338139608196508 ], [ 32.558521709719265, 0.3381950070433 ], [ 32.55851247657813, 0.338231939607827 ], [ 32.558494010295867, 0.338250405890091 ], [ 32.558475544013604, 0.338296571595751 ], [ 32.558475544013604, 0.338333504160278 ], [ 32.55845707773134, 0.338370436724806 ], [ 32.558438611449077, 0.33838890300707 ], [ 32.558429378307942, 0.338425835571597 ], [ 32.558392445743415, 0.338462768136125 ], [ 32.558392445743415, 0.338499700700653 ], [ 32.558373979461152, 0.33853663326518 ], [ 32.558355513178888, 0.338545866406312 ], [ 32.558346280037753, 0.338564332688576 ], [ 32.558337046896625, 0.33858279897084 ], [ 32.55832781375549, 0.338601265253104 ], [ 32.55832781375549, 0.3386289646765 ], [ 32.558318580614362, 0.338675130382159 ], [ 32.558318580614362, 0.338693596664423 ], [ 32.558318580614362, 0.338712062946687 ], [ 32.558318580614362, 0.338748995511214 ], [ 32.558318580614362, 0.338785928075742 ], [ 32.558318580614362, 0.338832093781402 ], [ 32.558318580614362, 0.338850560063665 ], [ 32.558318580614362, 0.338878259487061 ], [ 32.558318580614362, 0.338896725769325 ], [ 32.558318580614362, 0.338924425192721 ], [ 32.558318580614362, 0.338961357757248 ], [ 32.558318580614362, 0.338998290321776 ], [ 32.558318580614362, 0.339035222886304 ], [ 32.558300114332098, 0.339072155450831 ], [ 32.558300114332098, 0.339099854874227 ], [ 32.558281648049835, 0.339155253721019 ], [ 32.5582724149087, 0.339201419426678 ], [ 32.5582724149087, 0.339238351991206 ], [ 32.5582724149087, 0.33925681827347 ], [ 32.558263181767572, 0.339284517696865 ], [ 32.558263181767572, 0.339321450261393 ], [ 32.558263181767572, 0.339376849108184 ], [ 32.558263181767572, 0.339423014813844 ], [ 32.558263181767572, 0.339478413660635 ], [ 32.558244715485309, 0.339543045648559 ], [ 32.558244715485309, 0.339570745071955 ], [ 32.558244715485309, 0.33959844449535 ], [ 32.558244715485309, 0.339626143918746 ], [ 32.558235482344173, 0.339663076483274 ], [ 32.558235482344173, 0.339690775906669 ], [ 32.558235482344173, 0.339709242188933 ], [ 32.558226249203045, 0.339727708471197 ], [ 32.558226249203045, 0.339755407894593 ], [ 32.55821701606191, 0.339773874176857 ], [ 32.55821701606191, 0.33979234045912 ], [ 32.55821701606191, 0.339810806741384 ], [ 32.55821701606191, 0.339829273023648 ], [ 32.55821701606191, 0.339856972447044 ], [ 32.55821701606191, 0.33988467187044 ], [ 32.55821701606191, 0.339903138152703 ], [ 32.55821701606191, 0.339921604434967 ], [ 32.55821701606191, 0.339949303858363 ], [ 32.55821701606191, 0.339967770140627 ], [ 32.55821701606191, 0.339986236422891 ], [ 32.55821701606191, 0.340004702705154 ], [ 32.55821701606191, 0.34003240212855 ], [ 32.558207782920775, 0.340050868410814 ], [ 32.558198549779647, 0.34007856783421 ], [ 32.558198549779647, 0.340106267257605 ], [ 32.558189316638511, 0.340124733539869 ], [ 32.558180083497383, 0.340143199822133 ], [ 32.558152384073985, 0.340161666104397 ], [ 32.558143150932857, 0.340180132386661 ], [ 32.558124684650593, 0.340207831810056 ], [ 32.55810621836833, 0.34022629809232 ], [ 32.55808775208606, 0.340244764374584 ], [ 32.558069285803796, 0.340263230656848 ], [ 32.558050819521533, 0.340281696939112 ], [ 32.55803235323927, 0.340300163221376 ], [ 32.558004653815878, 0.340318629503639 ], [ 32.557986187533615, 0.340346328927035 ], [ 32.557967721251352, 0.340364795209299 ], [ 32.557940021827953, 0.340392494632695 ], [ 32.557912322404555, 0.340410960914958 ], [ 32.557912322404555, 0.340438660338354 ], [ 32.557903089263426, 0.340457126620618 ], [ 32.557903089263426, 0.340475592902882 ], [ 32.557893856122291, 0.340494059185146 ], [ 32.557893856122291, 0.34051252546741 ], [ 32.557875389840028, 0.340530991749673 ], [ 32.557875389840028, 0.340549458031937 ], [ 32.557875389840028, 0.340567924314201 ], [ 32.557875389840028, 0.340604856878729 ], [ 32.557875389840028, 0.340632556302124 ], [ 32.557875389840028, 0.34066025572552 ], [ 32.557875389840028, 0.340687955148916 ], [ 32.557884622981163, 0.340715654572312 ], [ 32.557884622981163, 0.340734120854575 ], [ 32.557884622981163, 0.340752587136839 ], [ 32.557884622981163, 0.340771053419103 ], [ 32.557893856122291, 0.340789519701367 ], [ 32.557893856122291, 0.340807985983631 ], [ 32.557903089263426, 0.340844918548158 ], [ 32.55792155554569, 0.34085415168929 ], [ 32.557930788686818, 0.340881851112686 ], [ 32.557930788686818, 0.34090031739495 ], [ 32.557940021827953, 0.340928016818346 ], [ 32.557958488110216, 0.340955716241741 ], [ 32.557958488110216, 0.340974182524005 ], [ 32.557967721251352, 0.341011115088533 ], [ 32.557967721251352, 0.341029581370797 ], [ 32.55797695439248, 0.34104804765306 ], [ 32.557986187533615, 0.341066513935324 ], [ 32.557986187533615, 0.34109421335872 ], [ 32.557986187533615, 0.341121912782116 ], [ 32.557986187533615, 0.341140379064379 ], [ 32.557986187533615, 0.341158845346643 ], [ 32.557986187533615, 0.341177311628907 ], [ 32.557986187533615, 0.341214244193435 ], [ 32.557967721251352, 0.341232710475699 ], [ 32.557958488110216, 0.341269643040226 ], [ 32.557930788686818, 0.341306575604754 ], [ 32.557912322404555, 0.341343508169282 ], [ 32.557893856122291, 0.341352741310413 ], [ 32.557875389840028, 0.341371207592677 ], [ 32.557847690416637, 0.341398907016073 ], [ 32.557829224134366, 0.341435839580601 ], [ 32.557810757852103, 0.341445072721733 ], [ 32.557792291569839, 0.341463539003996 ], [ 32.557773825287576, 0.341509704709656 ], [ 32.557755359005313, 0.341537404133052 ], [ 32.557736892723049, 0.341555870415316 ], [ 32.557699960158523, 0.341583569838711 ], [ 32.557690727017388, 0.341602036120975 ], [ 32.55768149387626, 0.341638968685503 ], [ 32.557663027593996, 0.341666668108898 ], [ 32.557663027593996, 0.341685134391162 ], [ 32.557653794452861, 0.341703600673426 ], [ 32.557644561311733, 0.34172206695569 ], [ 32.557644561311733, 0.341740533237954 ], [ 32.557644561311733, 0.341768232661349 ], [ 32.557644561311733, 0.341786698943613 ], [ 32.557644561311733, 0.341805165225877 ], [ 32.557644561311733, 0.341823631508141 ], [ 32.557598395606071, 0.341805165225877 ], [ 32.557552229900409, 0.341795932084745 ], [ 32.557515297335883, 0.341786698943613 ], [ 32.557478364771356, 0.341777465802481 ], [ 32.557450665347965, 0.341777465802481 ], [ 32.557422965924566, 0.341768232661349 ], [ 32.557404499642303, 0.341768232661349 ], [ 32.557376800218904, 0.341777465802481 ], [ 32.557349100795513, 0.341786698943613 ], [ 32.557321401372114, 0.341805165225877 ], [ 32.557312168230979, 0.341823631508141 ], [ 32.557312168230979, 0.341842097790405 ], [ 32.557302935089851, 0.341860564072669 ], [ 32.557302935089851, 0.341879030354932 ], [ 32.557302935089851, 0.341897496637196 ], [ 32.557293701948716, 0.341925196060592 ], [ 32.557293701948716, 0.341971361766252 ], [ 32.557284468807588, 0.341989828048515 ], [ 32.557284468807588, 0.342026760613043 ], [ 32.557284468807588, 0.342054460036439 ], [ 32.557275235666452, 0.342082159459835 ], [ 32.557275235666452, 0.342100625742098 ], [ 32.557275235666452, 0.342119092024362 ], [ 32.557275235666452, 0.34215602458889 ], [ 32.557266002525324, 0.342174490871154 ], [ 32.557266002525324, 0.342202190294549 ], [ 32.557275235666452, 0.342220656576813 ], [ 32.557275235666452, 0.342266822282473 ], [ 32.557293701948716, 0.342294521705868 ], [ 32.557293701948716, 0.342312987988132 ], [ 32.557302935089851, 0.342331454270396 ], [ 32.557302935089851, 0.34234992055266 ], [ 32.557312168230979, 0.342386853117188 ], [ 32.557321401372114, 0.342405319399451 ], [ 32.557330634513249, 0.342423785681715 ], [ 32.557330634513249, 0.342442251963979 ], [ 32.557330634513249, 0.342460718246243 ], [ 32.557349100795513, 0.342479184528507 ], [ 32.557367567077776, 0.342497650810771 ], [ 32.557376800218904, 0.34254381651643 ], [ 32.557376800218904, 0.342562282798694 ], [ 32.557386033360039, 0.342580749080958 ], [ 32.557395266501167, 0.342617681645485 ], [ 32.557395266501167, 0.342636147927749 ], [ 32.557404499642303, 0.342663847351145 ], [ 32.557413732783431, 0.342700779915673 ], [ 32.557422965924566, 0.3427377124802 ], [ 32.557432199065694, 0.342765411903596 ], [ 32.557441432206829, 0.34278387818586 ], [ 32.557450665347965, 0.342820810750387 ], [ 32.557450665347965, 0.342866976456047 ], [ 32.557459898489093, 0.342903909020575 ], [ 32.557469131630228, 0.342940841585102 ], [ 32.557478364771356, 0.342987007290762 ], [ 32.557515297335883, 0.343060872419817 ], [ 32.557524530477018, 0.343107038125477 ], [ 32.557524530477018, 0.343153203831136 ], [ 32.557533763618146, 0.343208602677928 ], [ 32.557533763618146, 0.343236302101323 ], [ 32.557533763618146, 0.343273234665851 ], [ 32.557533763618146, 0.343310167230379 ], [ 32.557533763618146, 0.343328633512643 ], [ 32.557533763618146, 0.343384032359434 ], [ 32.557524530477018, 0.343402498641698 ], [ 32.557524530477018, 0.343430198065094 ], [ 32.557515297335883, 0.343457897488489 ], [ 32.557496831053619, 0.343467130629621 ], [ 32.557478364771356, 0.343494830053017 ], [ 32.557459898489093, 0.343522529476413 ], [ 32.557450665347965, 0.34355946204094 ], [ 32.557432199065694, 0.343568695182072 ], [ 32.557413732783431, 0.343596394605468 ], [ 32.557395266501167, 0.343614860887732 ], [ 32.557386033360039, 0.343633327169996 ], [ 32.557367567077776, 0.343679492875655 ], [ 32.557349100795513, 0.343707192299051 ], [ 32.557330634513249, 0.343716425440183 ], [ 32.557321401372114, 0.343744124863579 ], [ 32.557302935089851, 0.343781057428106 ], [ 32.557302935089851, 0.343808756851502 ], [ 32.557293701948716, 0.34384568941603 ], [ 32.557284468807588, 0.343873388839425 ], [ 32.557275235666452, 0.343891855121689 ], [ 32.557266002525324, 0.343910321403953 ], [ 32.557266002525324, 0.343928787686217 ], [ 32.557256769384189, 0.343974953391876 ], [ 32.557256769384189, 0.344011885956404 ], [ 32.557247536243061, 0.344030352238668 ], [ 32.557229069960798, 0.344076517944327 ], [ 32.557229069960798, 0.344094984226591 ], [ 32.557219836819662, 0.344122683649987 ], [ 32.557219836819662, 0.344159616214515 ], [ 32.557219836819662, 0.344178082496778 ], [ 32.557219836819662, 0.344205781920174 ], [ 32.557219836819662, 0.34423348134357 ], [ 32.557229069960798, 0.344270413908098 ], [ 32.557210603678534, 0.344298113331493 ], [ 32.557192137396271, 0.344335045896021 ], [ 32.557173671114001, 0.344344279037153 ], [ 32.557155204831737, 0.344362745319417 ], [ 32.557145971690609, 0.344399677883944 ], [ 32.557127505408346, 0.344418144166208 ], [ 32.557109039126082, 0.344455076730736 ], [ 32.557081339702684, 0.344482776154132 ], [ 32.557072106561556, 0.344510475577527 ], [ 32.557062873420421, 0.344538175000923 ], [ 32.557053640279285, 0.344556641283187 ], [ 32.557035173997022, 0.344593573847714 ], [ 32.557025940855894, 0.344612040129978 ], [ 32.557025940855894, 0.344630506412242 ], [ 32.557007474573631, 0.344639739553374 ], [ 32.556998241432495, 0.34466743897677 ], [ 32.556979775150232, 0.344695138400165 ], [ 32.556961308867969, 0.344732070964693 ], [ 32.556933609444577, 0.344759770388089 ], [ 32.556924376303442, 0.344778236670353 ], [ 32.556905910021179, 0.344796702952616 ], [ 32.556896676880044, 0.34481516923488 ], [ 32.55687821059778, 0.344824402376012 ], [ 32.556859744315517, 0.344842868658276 ], [ 32.556841278033254, 0.344852101799408 ], [ 32.55682281175099, 0.344852101799408 ], [ 32.556804345468727, 0.34486133494054 ], [ 32.556785879186464, 0.344852101799408 ], [ 32.556776646045329, 0.344833635517144 ], [ 32.556758179763065, 0.344824402376012 ], [ 32.556739713480802, 0.34481516923488 ], [ 32.556721247198539, 0.344805936093748 ], [ 32.556702780916275, 0.344796702952616 ], [ 32.556684314634012, 0.344796702952616 ], [ 32.556647382069485, 0.344778236670353 ], [ 32.556628915787222, 0.344778236670353 ], [ 32.556601216363823, 0.344769003529221 ], [ 32.55658275008156, 0.344759770388089 ], [ 32.556555050658169, 0.344759770388089 ], [ 32.556536584375905, 0.344759770388089 ], [ 32.553822040883119, 0.343005473573026 ] ] ] ] } },
{ "type": "Feature", "properties": { "fid": 7, "class": 1.0 }, "geometry": { "type": "MultiPolygon", "coordinates": [ [ [ [ 32.562721114818594, 0.307490181235925 ], [ 32.562728985084405, 0.307474440704296 ], [ 32.562760466147665, 0.307458700172668 ], [ 32.562784076945107, 0.307458700172668 ], [ 32.562807687742549, 0.307435089375226 ], [ 32.56284703907162, 0.307419348843598 ], [ 32.562886390400692, 0.307395738046155 ], [ 32.562902130932322, 0.307395738046155 ], [ 32.562925741729764, 0.307395738046155 ], [ 32.562941482261387, 0.307387867780341 ], [ 32.562965093058828, 0.307356386717085 ], [ 32.562980833590458, 0.307356386717085 ], [ 32.562996574122089, 0.307348516451271 ], [ 32.563012314653719, 0.307340646185457 ], [ 32.563028055185342, 0.307332775919643 ], [ 32.563067406514413, 0.3073091651222 ], [ 32.563106757843485, 0.307293424590572 ], [ 32.563122498375115, 0.307277684058944 ], [ 32.563146109172557, 0.307246202995688 ], [ 32.563169719969999, 0.307238332729874 ], [ 32.563185460501629, 0.307206851666617 ], [ 32.56320907129907, 0.307191111134989 ], [ 32.563240552362323, 0.307167500337547 ], [ 32.563264163159765, 0.307143889540105 ], [ 32.563279903691395, 0.307128149008476 ], [ 32.563303514488837, 0.307112408476848 ], [ 32.563327125286278, 0.307112408476848 ], [ 32.563342865817908, 0.307080927413592 ], [ 32.563374346881162, 0.307065186881964 ], [ 32.563390087412792, 0.307049446350335 ], [ 32.563413698210233, 0.307025835552893 ], [ 32.563437309007675, 0.307002224755451 ], [ 32.563460919805117, 0.306986484223823 ], [ 32.564161373462575, 0.306994354489637 ], [ 32.564184984260017, 0.307010095021265 ], [ 32.564224335589088, 0.307025835552893 ], [ 32.564263686918153, 0.30705731661615 ], [ 32.564279427449783, 0.307065186881964 ], [ 32.564310908513043, 0.307088797679406 ], [ 32.564358130107927, 0.307120278742662 ], [ 32.56438961117118, 0.30713601927429 ], [ 32.564413221968621, 0.307151759805919 ], [ 32.564436832766063, 0.307175370603361 ], [ 32.564460443563512, 0.307175370603361 ], [ 32.564484054360953, 0.307198981400803 ], [ 32.564507665158395, 0.307198981400803 ], [ 32.564531275955837, 0.307206851666617 ], [ 32.564554886753278, 0.307222592198245 ], [ 32.564570627284908, 0.307222592198245 ], [ 32.564586367816531, 0.30723046246406 ], [ 32.564625719145603, 0.30726981379313 ], [ 32.564649329943045, 0.307277684058944 ], [ 32.564665070474675, 0.307277684058944 ], [ 32.564688681272116, 0.307285554324758 ], [ 32.564704421803746, 0.307293424590572 ], [ 32.564720162335377, 0.3073091651222 ], [ 32.564735902867, 0.3073091651222 ], [ 32.56475164339863, 0.3073091651222 ], [ 32.56476738393026, 0.307317035388015 ], [ 32.56478312446189, 0.307317035388015 ], [ 32.564830346056773, 0.307324905653829 ], [ 32.564893308183287, 0.307348516451271 ], [ 32.564987751373053, 0.307372127248713 ], [ 32.565082194562819, 0.307379997514527 ], [ 32.565176637752593, 0.307427219109412 ], [ 32.56527108094236, 0.307450829906854 ], [ 32.565310432271431, 0.307450829906854 ], [ 32.565365524132126, 0.307458700172668 ], [ 32.565389134929575, 0.307466570438482 ], [ 32.565436356524458, 0.307474440704296 ], [ 32.5654599673219, 0.30748231097011 ], [ 32.565491448385153, 0.307490181235925 ], [ 32.565530799714224, 0.307498051501739 ], [ 32.565601632106549, 0.307505921767553 ], [ 32.565640983435621, 0.307513792033367 ], [ 32.565672464498881, 0.307521662299181 ], [ 32.565727556359576, 0.307529532564995 ], [ 32.565751167157018, 0.307529532564995 ], [ 32.565766907688648, 0.307537402830809 ], [ 32.56582199954935, 0.307545273096623 ], [ 32.565877091410044, 0.307553143362437 ], [ 32.565916442739116, 0.307561013628251 ], [ 32.565963664333999, 0.307568883894066 ], [ 32.566003015663071, 0.30757675415988 ], [ 32.566058107523766, 0.307592494691508 ], [ 32.566105329118656, 0.307600364957322 ], [ 32.566144680447721, 0.307608235223136 ], [ 32.56616829124517, 0.30761610548895 ], [ 32.566199772308423, 0.307623975754764 ], [ 32.566231253371676, 0.307631846020578 ], [ 32.566246993903306, 0.307639716286392 ], [ 32.566270604700748, 0.307647586552206 ], [ 32.566302085764008, 0.307647586552206 ], [ 32.566357177624703, 0.307663327083835 ], [ 32.566412269485404, 0.307671197349649 ], [ 32.566467361346099, 0.307679067615463 ], [ 32.566530323472612, 0.307686937881277 ], [ 32.566593285599126, 0.307710548678719 ], [ 32.566632636928198, 0.307710548678719 ], [ 32.566664117991458, 0.307718418944533 ], [ 32.566695599054711, 0.307726289210347 ], [ 32.566711339586341, 0.307726289210347 ], [ 32.566734950383783, 0.307726289210347 ], [ 32.566758561181224, 0.307726289210347 ], [ 32.566790042244477, 0.307734159476161 ], [ 32.566805782776107, 0.307734159476161 ], [ 32.566868744902621, 0.307773510805232 ], [ 32.566947447560764, 0.307836472931745 ], [ 32.567018279953089, 0.307867953995001 ], [ 32.567089112345414, 0.307907305324071 ], [ 32.567136333940297, 0.307946656653142 ], [ 32.567183555535188, 0.307970267450584 ], [ 32.567215036598441, 0.307986007982212 ], [ 32.567238647395882, 0.308001748513841 ], [ 32.567277998724954, 0.308017489045469 ], [ 32.567317350054026, 0.308025359311283 ], [ 32.567340960851467, 0.308033229577097 ], [ 32.567364571648909, 0.308041099842911 ], [ 32.567380312180539, 0.308048970108725 ], [ 32.567403922977981, 0.308048970108725 ], [ 32.567427533775422, 0.308056840374539 ], [ 32.567459014838676, 0.308064710640353 ], [ 32.567482625636117, 0.308080451171981 ], [ 32.567498366167747, 0.308080451171981 ], [ 32.567529847231008, 0.308088321437796 ], [ 32.567545587762631, 0.308088321437796 ], [ 32.567561328294261, 0.308088321437796 ], [ 32.567577068825891, 0.308088321437796 ], [ 32.567600679623332, 0.308088321437796 ], [ 32.567616420154962, 0.308088321437796 ], [ 32.567640030952404, 0.30809619170361 ], [ 32.567679382281469, 0.308104061969424 ], [ 32.567695122813099, 0.308111932235238 ], [ 32.567710863344729, 0.308119802501052 ], [ 32.567734474142171, 0.308127672766866 ], [ 32.567758084939612, 0.308127672766866 ], [ 32.567781695737054, 0.30813554303268 ], [ 32.567813176800314, 0.30813554303268 ], [ 32.567844657863567, 0.30813554303268 ], [ 32.567868268661009, 0.308143413298494 ], [ 32.567899749724269, 0.308143413298494 ], [ 32.567923360521711, 0.308151283564308 ], [ 32.567946971319152, 0.308151283564308 ], [ 32.567962711850782, 0.308151283564308 ], [ 32.567986322648224, 0.308159153830122 ], [ 32.568002063179847, 0.308159153830122 ], [ 32.568017803711477, 0.308159153830122 ], [ 32.568033544243107, 0.308159153830122 ], [ 32.568057155040549, 0.308159153830122 ], [ 32.568072895572179, 0.308167024095936 ], [ 32.568096506369621, 0.308167024095936 ], [ 32.568112246901251, 0.308167024095936 ], [ 32.568127987432874, 0.308174894361751 ], [ 32.568151598230315, 0.308182764627565 ], [ 32.568198819825206, 0.308190634893379 ], [ 32.568246041420089, 0.308229986222449 ], [ 32.568316873812414, 0.308237856488263 ], [ 32.568395576470557, 0.308261467285706 ], [ 32.568442798065441, 0.308277207817334 ], [ 32.568497889926135, 0.308292948348962 ], [ 32.568552981786837, 0.308316559146404 ], [ 32.56860020338172, 0.308332299678032 ], [ 32.56861594391335, 0.308348040209661 ], [ 32.568639554710792, 0.308355910475475 ], [ 32.568663165508234, 0.308379521272917 ], [ 32.568694646571487, 0.308387391538731 ], [ 32.568718257368936, 0.308395261804545 ], [ 32.568749738432189, 0.308403132070359 ], [ 32.568765478963819, 0.308403132070359 ], [ 32.568781219495442, 0.308411002336173 ], [ 32.568796960027072, 0.308418872601987 ], [ 32.568828441090332, 0.308418872601987 ], [ 32.568844181621955, 0.308426742867801 ], [ 32.568859922153585, 0.308434613133616 ], [ 32.568883532951027, 0.30844248339943 ], [ 32.568907143748469, 0.308450353665244 ], [ 32.56893075454591, 0.308450353665244 ], [ 32.568954365343352, 0.308458223931058 ], [ 32.5689779761408, 0.308466094196872 ], [ 32.568993716672423, 0.308473964462686 ], [ 32.569017327469865, 0.308473964462686 ], [ 32.569033068001495, 0.3084818347285 ], [ 32.569048808533125, 0.308497575260128 ], [ 32.569064549064755, 0.308497575260128 ], [ 32.569096030128009, 0.308497575260128 ], [ 32.569111770659639, 0.308513315791757 ], [ 32.56913538145708, 0.308513315791757 ], [ 32.56915112198871, 0.308521186057571 ], [ 32.569166862520333, 0.308529056323385 ], [ 32.569182603051964, 0.308536926589199 ], [ 32.569214084115217, 0.308536926589199 ], [ 32.569237694912665, 0.308544796855013 ], [ 32.569261305710107, 0.308544796855013 ], [ 32.569284916507549, 0.308552667120827 ], [ 32.569300657039172, 0.308552667120827 ], [ 32.569316397570802, 0.308560537386641 ], [ 32.569332138102432, 0.308560537386641 ], [ 32.569347878634062, 0.308560537386641 ], [ 32.569363619165685, 0.308568407652455 ], [ 32.569379359697315, 0.308576277918269 ], [ 32.569395100228945, 0.308584148184083 ], [ 32.569410840760575, 0.308607758981526 ], [ 32.569418711026387, 0.308631369778968 ], [ 32.569426581292198, 0.30865498057641 ], [ 32.569434451558017, 0.308678591373852 ], [ 32.569442321823828, 0.308702202171295 ], [ 32.569442321823828, 0.308717942702923 ], [ 32.569442321823828, 0.308741553500365 ], [ 32.569442321823828, 0.308757294031993 ], [ 32.569442321823828, 0.308773034563622 ], [ 32.569442321823828, 0.308796645361064 ], [ 32.569442321823828, 0.308812385892692 ], [ 32.569434451558017, 0.308835996690134 ], [ 32.569434451558017, 0.308859607487577 ], [ 32.569426581292198, 0.308875348019205 ], [ 32.569426581292198, 0.308891088550833 ], [ 32.569426581292198, 0.308914699348275 ], [ 32.569426581292198, 0.308938310145717 ], [ 32.569410840760575, 0.308938310145717 ], [ 32.569410840760575, 0.30896192094316 ], [ 32.569410840760575, 0.308977661474788 ], [ 32.569402970494757, 0.308993402006416 ], [ 32.569402970494757, 0.309009142538044 ], [ 32.569402970494757, 0.309024883069672 ], [ 32.569395100228945, 0.309040623601301 ], [ 32.569395100228945, 0.309056364132929 ], [ 32.569387229963127, 0.309079974930371 ], [ 32.569379359697315, 0.309111455993627 ], [ 32.569379359697315, 0.309127196525256 ], [ 32.569371489431504, 0.309142937056884 ], [ 32.569371489431504, 0.309158677588512 ], [ 32.569363619165685, 0.30917441812014 ], [ 32.569363619165685, 0.309190158651768 ], [ 32.569363619165685, 0.309205899183397 ], [ 32.569355748899874, 0.309221639715025 ], [ 32.569355748899874, 0.309237380246653 ], [ 32.569347878634062, 0.309253120778281 ], [ 32.569340008368243, 0.309300342373166 ], [ 32.569316397570802, 0.309355434233864 ], [ 32.569316397570802, 0.309402655828749 ], [ 32.56930852730499, 0.309426266626191 ], [ 32.56929278677336, 0.309465617955262 ], [ 32.569284916507549, 0.309489228752704 ], [ 32.569284916507549, 0.309504969284332 ], [ 32.56927704624173, 0.30952070981596 ], [ 32.569269175975919, 0.309544320613402 ], [ 32.569261305710107, 0.309575801676659 ], [ 32.569261305710107, 0.309591542208287 ], [ 32.569253435444288, 0.309607282739915 ], [ 32.569245565178477, 0.309623023271543 ], [ 32.569245565178477, 0.309638763803172 ], [ 32.569237694912665, 0.3096545043348 ], [ 32.569237694912665, 0.309678115132242 ], [ 32.569229824646847, 0.309701725929684 ], [ 32.569221954381035, 0.309717466461312 ], [ 32.569221954381035, 0.309733206992941 ], [ 32.569206213849405, 0.309741077258755 ], [ 32.569206213849405, 0.309756817790383 ], [ 32.569198343583594, 0.309772558322011 ], [ 32.569190473317775, 0.309788298853639 ], [ 32.569182603051964, 0.309804039385268 ], [ 32.569174732786152, 0.309819779916896 ], [ 32.569158992254522, 0.30982765018271 ], [ 32.569158992254522, 0.309843390714338 ], [ 32.569143251722892, 0.309851260980152 ], [ 32.56913538145708, 0.30986700151178 ], [ 32.56911964092545, 0.309874871777594 ], [ 32.56910390039382, 0.309882742043408 ], [ 32.569088159862197, 0.309890612309223 ], [ 32.569064549064755, 0.309890612309223 ], [ 32.569040938267307, 0.309890612309223 ], [ 32.569025197735684, 0.309882742043408 ], [ 32.569009457204054, 0.309882742043408 ], [ 32.568993716672423, 0.30986700151178 ], [ 32.56896223560917, 0.30986700151178 ], [ 32.568954365343352, 0.309851260980152 ], [ 32.56893075454591, 0.309843390714338 ], [ 32.568907143748469, 0.30982765018271 ], [ 32.568883532951027, 0.30982765018271 ], [ 32.568867792419397, 0.309819779916896 ], [ 32.568836311356144, 0.309804039385268 ], [ 32.568820570824514, 0.309796169119453 ], [ 32.568804830292891, 0.309788298853639 ], [ 32.568781219495442, 0.309772558322011 ], [ 32.568765478963819, 0.309772558322011 ], [ 32.568749738432189, 0.309756817790383 ], [ 32.568733997900559, 0.309741077258755 ], [ 32.568702516837305, 0.309725336727127 ], [ 32.568671035774045, 0.309717466461312 ], [ 32.568647424976604, 0.309701725929684 ], [ 32.568623814179162, 0.30969385566387 ], [ 32.56860020338172, 0.309678115132242 ], [ 32.568552981786837, 0.309678115132242 ], [ 32.568521500723577, 0.309646634068986 ], [ 32.568497889926135, 0.309638763803172 ], [ 32.568458538597071, 0.309638763803172 ], [ 32.56842705753381, 0.309630893537358 ], [ 32.568395576470557, 0.309623023271543 ], [ 32.568371965673116, 0.309615153005729 ], [ 32.568332614344044, 0.309607282739915 ], [ 32.568316873812414, 0.309599412474101 ], [ 32.568285392749161, 0.309591542208287 ], [ 32.568261781951712, 0.309583671942473 ], [ 32.56823817115427, 0.309575801676659 ], [ 32.568214560356829, 0.309567931410845 ], [ 32.568198819825206, 0.309560061145031 ], [ 32.568175209027757, 0.309552190879217 ], [ 32.568143727964504, 0.309544320613402 ], [ 32.568112246901251, 0.309536450347588 ], [ 32.568096506369621, 0.309536450347588 ], [ 32.568072895572179, 0.309536450347588 ], [ 32.568033544243107, 0.309528580081774 ], [ 32.568009933445666, 0.309512839550146 ], [ 32.567986322648224, 0.309504969284332 ], [ 32.567946971319152, 0.309497099018518 ], [ 32.567923360521711, 0.309489228752704 ], [ 32.567884009192639, 0.30948135848689 ], [ 32.567860398395197, 0.309473488221076 ], [ 32.567844657863567, 0.309473488221076 ], [ 32.567828917331937, 0.309473488221076 ], [ 32.567805306534495, 0.309473488221076 ], [ 32.567781695737054, 0.30948135848689 ], [ 32.567765955205424, 0.309489228752704 ], [ 32.567750214673801, 0.30952070981596 ], [ 32.567726603876359, 0.309536450347588 ], [ 32.567702993078917, 0.309567931410845 ], [ 32.567687252547287, 0.309591542208287 ], [ 32.567671512015657, 0.309623023271543 ], [ 32.567655771484027, 0.3096545043348 ], [ 32.567655771484027, 0.309678115132242 ], [ 32.567640030952404, 0.309701725929684 ], [ 32.567632160686586, 0.309717466461312 ], [ 32.567632160686586, 0.309741077258755 ], [ 32.567616420154962, 0.309748947524569 ], [ 32.567600679623332, 0.309764688056197 ], [ 32.567592809357514, 0.309788298853639 ], [ 32.567577068825891, 0.309796169119453 ], [ 32.567569198560072, 0.309811909651082 ], [ 32.567569198560072, 0.30982765018271 ], [ 32.567569198560072, 0.309843390714338 ], [ 32.567569198560072, 0.30986700151178 ], [ 32.567569198560072, 0.309906352840851 ], [ 32.567569198560072, 0.309929963638293 ], [ 32.567577068825891, 0.309953574435735 ], [ 32.567577068825891, 0.309969314967363 ], [ 32.567584939091702, 0.309985055498992 ], [ 32.567592809357514, 0.31004014735969 ], [ 32.567600679623332, 0.310095239220389 ], [ 32.567608549889144, 0.310126720283645 ], [ 32.567624290420774, 0.310166071612716 ], [ 32.567624290420774, 0.310189682410158 ], [ 32.567624290420774, 0.3102132932076 ], [ 32.567632160686586, 0.310236904005043 ], [ 32.567632160686586, 0.310268385068299 ], [ 32.567640030952404, 0.310307736397369 ], [ 32.567640030952404, 0.31034708772644 ], [ 32.567647901218216, 0.310378568789696 ], [ 32.567647901218216, 0.310417920118767 ], [ 32.567655771484027, 0.310441530916209 ], [ 32.567655771484027, 0.310473011979465 ], [ 32.567655771484027, 0.310496622776908 ], [ 32.567655771484027, 0.310512363308536 ], [ 32.567655771484027, 0.310535974105978 ], [ 32.567655771484027, 0.31055958490342 ], [ 32.567655771484027, 0.310583195700863 ], [ 32.567655771484027, 0.310606806498305 ], [ 32.567647901218216, 0.310622547029933 ], [ 32.567647901218216, 0.310638287561561 ], [ 32.567640030952404, 0.310669768624818 ], [ 32.567640030952404, 0.310685509156446 ], [ 32.567632160686586, 0.310701249688074 ], [ 32.567624290420774, 0.31073273075133 ], [ 32.567616420154962, 0.310756341548773 ], [ 32.567616420154962, 0.310772082080401 ], [ 32.567608549889144, 0.310795692877843 ], [ 32.567608549889144, 0.310811433409471 ], [ 32.567600679623332, 0.310858655004356 ], [ 32.567592809357514, 0.31090587659924 ], [ 32.567592809357514, 0.310945227928311 ], [ 32.567592809357514, 0.310984579257381 ], [ 32.567592809357514, 0.311008190054824 ], [ 32.567592809357514, 0.311047541383894 ], [ 32.567592809357514, 0.311094762978779 ], [ 32.567584939091702, 0.311141984573663 ], [ 32.567584939091702, 0.311228557497618 ], [ 32.567577068825891, 0.311275779092503 ], [ 32.567577068825891, 0.311330870953201 ], [ 32.567577068825891, 0.311346611484829 ], [ 32.567577068825891, 0.3113859628139 ], [ 32.567577068825891, 0.311409573611342 ], [ 32.567569198560072, 0.311448924940413 ], [ 32.567561328294261, 0.311504016801111 ], [ 32.567553458028449, 0.311543368130182 ], [ 32.567545587762631, 0.311566978927624 ], [ 32.567545587762631, 0.311582719459252 ], [ 32.567545587762631, 0.311606330256694 ], [ 32.567537717496819, 0.311629941054137 ], [ 32.567537717496819, 0.311669292383207 ], [ 32.567529847231008, 0.311685032914835 ], [ 32.567529847231008, 0.311708643712278 ], [ 32.567521976965189, 0.31173225450972 ], [ 32.567514106699377, 0.311795216636233 ], [ 32.567506236433559, 0.311818827433675 ], [ 32.567498366167747, 0.31186604902856 ], [ 32.567490495901936, 0.31190540035763 ], [ 32.567482625636117, 0.311936881420886 ], [ 32.567482625636117, 0.311968362484143 ], [ 32.567474755370306, 0.311999843547399 ], [ 32.567466885104494, 0.312031324610655 ], [ 32.567466885104494, 0.312047065142284 ], [ 32.567451144572864, 0.312070675939726 ], [ 32.567451144572864, 0.312094286737168 ], [ 32.567443274307053, 0.31211789753461 ], [ 32.567435404041234, 0.312133638066239 ], [ 32.567435404041234, 0.312157248863681 ], [ 32.567427533775422, 0.312172989395309 ], [ 32.567419663509604, 0.312188729926937 ], [ 32.567411793243792, 0.31221234072438 ], [ 32.567411793243792, 0.312235951521822 ], [ 32.567403922977981, 0.31225169205345 ], [ 32.567396052712162, 0.312275302850892 ], [ 32.567396052712162, 0.31229104338252 ], [ 32.567396052712162, 0.312330394711591 ], [ 32.567388182446351, 0.312346135243219 ], [ 32.567388182446351, 0.312361875774847 ], [ 32.567388182446351, 0.312377616306475 ], [ 32.567388182446351, 0.312401227103918 ], [ 32.567388182446351, 0.312440578432988 ], [ 32.567388182446351, 0.312472059496245 ], [ 32.567388182446351, 0.312487800027873 ], [ 32.567388182446351, 0.312503540559501 ], [ 32.567380312180539, 0.312527151356943 ], [ 32.567380312180539, 0.312542891888571 ], [ 32.567380312180539, 0.312566502686014 ], [ 32.567380312180539, 0.31259798374927 ], [ 32.567372441914721, 0.312629464812526 ], [ 32.567372441914721, 0.312645205344155 ], [ 32.567372441914721, 0.312668816141597 ], [ 32.567372441914721, 0.312684556673225 ], [ 32.567364571648909, 0.312700297204853 ], [ 32.567364571648909, 0.312716037736481 ], [ 32.567348831117279, 0.312723908002295 ], [ 32.567333090585649, 0.31273177826811 ], [ 32.567309479788207, 0.312739648533924 ], [ 32.567293739256584, 0.312739648533924 ], [ 32.567262258193324, 0.312739648533924 ], [ 32.567238647395882, 0.312739648533924 ], [ 32.567215036598441, 0.312739648533924 ], [ 32.567191425800999, 0.312739648533924 ], [ 32.567167815003558, 0.31273177826811 ], [ 32.567144204206116, 0.312723908002295 ], [ 32.567128463674486, 0.312716037736481 ], [ 32.567112723142856, 0.312700297204853 ], [ 32.567081242079603, 0.312692426939039 ], [ 32.567065501547972, 0.312692426939039 ], [ 32.567041890750531, 0.312684556673225 ], [ 32.567026150218901, 0.312684556673225 ], [ 32.567002539421459, 0.312684556673225 ], [ 32.566986798889829, 0.312684556673225 ], [ 32.566971058358206, 0.312668816141597 ], [ 32.566955317826576, 0.312668816141597 ], [ 32.566939577294946, 0.312660945875783 ], [ 32.566923836763323, 0.312653075609969 ], [ 32.566908096231693, 0.312645205344155 ], [ 32.566892355700062, 0.312637335078341 ], [ 32.566884485434251, 0.312613724280898 ], [ 32.566845134105179, 0.312605854015084 ], [ 32.566829393573549, 0.312590113483456 ], [ 32.566813653041919, 0.3125586324202 ], [ 32.566797912510296, 0.312542891888571 ], [ 32.566782171978666, 0.312519281091129 ], [ 32.566766431447036, 0.312503540559501 ], [ 32.566750690915413, 0.312495670293687 ], [ 32.566719209852153, 0.31246418923043 ], [ 32.566703469320522, 0.312448448698802 ], [ 32.566687728788899, 0.31242483790136 ], [ 32.566671988257269, 0.312409097369732 ], [ 32.566648377459828, 0.31238548657229 ], [ 32.566632636928198, 0.312361875774847 ], [ 32.566616896396567, 0.312346135243219 ], [ 32.566577545067503, 0.312306783914149 ], [ 32.566553934270054, 0.312275302850892 ], [ 32.566530323472612, 0.31225169205345 ], [ 32.566490972143548, 0.31221234072438 ], [ 32.566475231611918, 0.312188729926937 ], [ 32.566435880282846, 0.312157248863681 ], [ 32.566420139751216, 0.312133638066239 ], [ 32.566396528953774, 0.312110027268796 ], [ 32.566372918156333, 0.312086416471354 ], [ 32.566349307358891, 0.312062805673912 ], [ 32.566333566827261, 0.31203919487647 ], [ 32.566294215498189, 0.312007713813213 ], [ 32.566270604700748, 0.311991973281585 ], [ 32.566246993903306, 0.311968362484143 ], [ 32.566231253371676, 0.311952621952515 ], [ 32.566215512840053, 0.311936881420886 ], [ 32.566191902042611, 0.311913270623444 ], [ 32.56616829124517, 0.311873919294374 ], [ 32.566128939916098, 0.311826697699489 ], [ 32.566089588587026, 0.311803086902047 ], [ 32.566065977789584, 0.31177160583879 ], [ 32.566034496726324, 0.311740124775534 ], [ 32.566010885928883, 0.31173225450972 ], [ 32.565987275131441, 0.31169290318065 ], [ 32.565963664333999, 0.31169290318065 ], [ 32.565947923802369, 0.311677162649021 ], [ 32.565932183270746, 0.311661422117393 ], [ 32.565916442739116, 0.311645681585765 ], [ 32.565900702207486, 0.311629941054137 ], [ 32.565884961675856, 0.311614200522509 ], [ 32.565853480612603, 0.31159845999088 ], [ 32.565837740080973, 0.311574849193438 ], [ 32.56582199954935, 0.31155910866181 ], [ 32.56580625901772, 0.311543368130182 ], [ 32.565782648220278, 0.31151975733274 ], [ 32.565774777954459, 0.311504016801111 ], [ 32.565759037422836, 0.311488276269483 ], [ 32.565727556359576, 0.311464665472041 ], [ 32.565719686093765, 0.311441054674599 ], [ 32.565703945562134, 0.31142531414297 ], [ 32.565696075296323, 0.311393833079714 ], [ 32.565688205030504, 0.311378092548086 ], [ 32.565664594233063, 0.311362352016458 ], [ 32.565656723967251, 0.311338741219015 ], [ 32.565656723967251, 0.311299389889945 ], [ 32.56563311316981, 0.311283649358317 ], [ 32.565617372638179, 0.311260038560874 ], [ 32.565601632106549, 0.311236427763432 ], [ 32.565585891574926, 0.31121281696599 ], [ 32.565562280777485, 0.311189206168548 ], [ 32.565562280777485, 0.311157725105291 ], [ 32.565554410511666, 0.311141984573663 ], [ 32.565546540245855, 0.311118373776221 ], [ 32.565538669980036, 0.311094762978779 ], [ 32.565530799714224, 0.31107902244715 ], [ 32.565522929448413, 0.311063281915522 ], [ 32.565515059182594, 0.31103967111808 ], [ 32.565507188916783, 0.311016060320638 ], [ 32.565483578119341, 0.310992449523195 ], [ 32.565452097056081, 0.310960968459939 ], [ 32.565452097056081, 0.310945227928311 ], [ 32.565436356524458, 0.310913746865054 ], [ 32.565420615992828, 0.310898006333426 ], [ 32.565420615992828, 0.310882265801798 ], [ 32.565412745727016, 0.31086652527017 ], [ 32.565397005195386, 0.310850784738542 ], [ 32.565389134929575, 0.310827173941099 ], [ 32.565373394397945, 0.310819303675285 ], [ 32.565373394397945, 0.310803563143657 ], [ 32.565357653866315, 0.310795692877843 ], [ 32.565341913334684, 0.310779952346215 ], [ 32.565326172803061, 0.310772082080401 ], [ 32.565310432271431, 0.310748471282959 ], [ 32.56528682147399, 0.310724860485516 ], [ 32.565263210676548, 0.310685509156446 ], [ 32.565247470144918, 0.310669768624818 ], [ 32.565223859347476, 0.310654028093189 ], [ 32.565200248550035, 0.310638287561561 ], [ 32.565200248550035, 0.310622547029933 ], [ 32.565184508018405, 0.310614676764119 ], [ 32.565176637752593, 0.310598936232491 ], [ 32.565160897220963, 0.310598936232491 ], [ 32.565160897220963, 0.310575325435049 ], [ 32.565145156689333, 0.310567455169234 ], [ 32.565121545891891, 0.310543844371792 ], [ 32.565105805360261, 0.31052023357435 ], [ 32.565090064828638, 0.310504493042722 ], [ 32.565074324297008, 0.310488752511093 ], [ 32.565058583765378, 0.310473011979465 ], [ 32.565034972967936, 0.310457271447837 ], [ 32.565019232436306, 0.310425790384581 ], [ 32.565011362170495, 0.310410049852953 ], [ 32.564987751373053, 0.310378568789696 ], [ 32.564964140575611, 0.310370698523882 ], [ 32.564948400043981, 0.31034708772644 ], [ 32.564932659512351, 0.310323476928998 ], [ 32.564916918980728, 0.310291995865741 ], [ 32.564893308183287, 0.310276255334113 ], [ 32.564877567651656, 0.310252644536671 ], [ 32.564846086588396, 0.310221163473414 ], [ 32.564822475790955, 0.310197552675972 ], [ 32.564806735259332, 0.310181812144344 ], [ 32.564806735259332, 0.310150331081088 ], [ 32.56478312446189, 0.310134590549459 ], [ 32.56476738393026, 0.310118850017831 ], [ 32.56476738393026, 0.310103109486203 ], [ 32.56476738393026, 0.310087368954575 ], [ 32.564743773132818, 0.310071628422947 ], [ 32.564728032601188, 0.310063758157133 ], [ 32.564712292069558, 0.310032277093876 ], [ 32.564696551537935, 0.310016536562248 ], [ 32.564672940740486, 0.309992925764806 ], [ 32.564657200208863, 0.309969314967363 ], [ 32.564641459677233, 0.309945704169921 ], [ 32.564617848879791, 0.309914223106665 ], [ 32.56459423808235, 0.309882742043408 ], [ 32.564586367816531, 0.309859131245966 ], [ 32.564570627284908, 0.309843390714338 ], [ 32.564547016487467, 0.309835520448524 ], [ 32.564531275955837, 0.309819779916896 ], [ 32.564507665158395, 0.309796169119453 ], [ 32.564499794892576, 0.309772558322011 ], [ 32.564476184095135, 0.309748947524569 ], [ 32.564460443563512, 0.309748947524569 ], [ 32.564444703031882, 0.309733206992941 ], [ 32.564436832766063, 0.309717466461312 ], [ 32.564413221968621, 0.30969385566387 ], [ 32.564397481436998, 0.309678115132242 ], [ 32.564381740905368, 0.3096545043348 ], [ 32.564358130107927, 0.309638763803172 ], [ 32.564342389576296, 0.309615153005729 ], [ 32.564334519310485, 0.309591542208287 ], [ 32.564318778778855, 0.309575801676659 ], [ 32.564303038247225, 0.309552190879217 ], [ 32.564279427449783, 0.309544320613402 ], [ 32.564271557183972, 0.30952070981596 ], [ 32.564255816652341, 0.309504969284332 ], [ 32.564240076120711, 0.309473488221076 ], [ 32.5642322058549, 0.309449877423633 ], [ 32.56421646532327, 0.309426266626191 ], [ 32.564200724791647, 0.309418396360377 ], [ 32.564184984260017, 0.309394785562935 ], [ 32.564177113994198, 0.309379045031307 ], [ 32.564169243728387, 0.309363304499678 ], [ 32.564161373462575, 0.30934756396805 ], [ 32.564145632930945, 0.309339693702236 ], [ 32.564129892399315, 0.309316082904794 ], [ 32.564114151867692, 0.309292472107352 ], [ 32.564106281601873, 0.309276731575723 ], [ 32.564098411336062, 0.309260991044095 ], [ 32.564082670804432, 0.309245250512467 ], [ 32.564082670804432, 0.309221639715025 ], [ 32.56407480053862, 0.309198028917582 ], [ 32.56405906000699, 0.309198028917582 ], [ 32.56405906000699, 0.309182288385954 ], [ 32.56404331947536, 0.30917441812014 ], [ 32.56404331947536, 0.309158677588512 ], [ 32.564035449209548, 0.30913506679107 ], [ 32.564027578943737, 0.309119326259442 ], [ 32.564019708677918, 0.309103585727813 ], [ 32.564003968146288, 0.309079974930371 ], [ 32.564003968146288, 0.309056364132929 ], [ 32.563980357348846, 0.309032753335487 ], [ 32.563964616817223, 0.309024883069672 ], [ 32.563964616817223, 0.30900127227223 ], [ 32.563956746551405, 0.308969791208974 ], [ 32.563948876285593, 0.308954050677346 ], [ 32.563941006019782, 0.308938310145717 ], [ 32.563941006019782, 0.308914699348275 ], [ 32.563933135753963, 0.308898958816647 ], [ 32.563917395222333, 0.308898958816647 ], [ 32.56390165469071, 0.308883218285019 ], [ 32.56390165469071, 0.308867477753391 ], [ 32.563893784424891, 0.308851737221762 ], [ 32.563893784424891, 0.308835996690134 ], [ 32.56388591415908, 0.308812385892692 ], [ 32.56388591415908, 0.308796645361064 ], [ 32.56388591415908, 0.308773034563622 ], [ 32.563878043893268, 0.308757294031993 ], [ 32.563878043893268, 0.308733683234551 ], [ 32.563878043893268, 0.308710072437109 ], [ 32.563878043893268, 0.308686461639667 ], [ 32.563878043893268, 0.308670721108038 ], [ 32.56388591415908, 0.308647110310596 ], [ 32.56388591415908, 0.308623499513154 ], [ 32.563893784424891, 0.308599888715711 ], [ 32.563893784424891, 0.308584148184083 ], [ 32.56390165469071, 0.308568407652455 ], [ 32.563909524956522, 0.308552667120827 ], [ 32.563909524956522, 0.308536926589199 ], [ 32.563925265488152, 0.308529056323385 ], [ 32.563933135753963, 0.308505445525942 ], [ 32.563933135753963, 0.308489704994314 ], [ 32.563941006019782, 0.308473964462686 ], [ 32.563941006019782, 0.308458223931058 ], [ 32.563948876285593, 0.30844248339943 ], [ 32.563948876285593, 0.308426742867801 ], [ 32.563948876285593, 0.308403132070359 ], [ 32.563948876285593, 0.308379521272917 ], [ 32.563948876285593, 0.308363780741289 ], [ 32.563948876285593, 0.308340169943846 ], [ 32.563948876285593, 0.308316559146404 ], [ 32.563941006019782, 0.308300818614776 ], [ 32.563933135753963, 0.308285078083148 ], [ 32.563909524956522, 0.308253597019891 ], [ 32.563909524956522, 0.308229986222449 ], [ 32.563878043893268, 0.308206375425007 ], [ 32.563878043893268, 0.308190634893379 ], [ 32.56387017362745, 0.308174894361751 ], [ 32.563862303361638, 0.308159153830122 ], [ 32.563830822298378, 0.308127672766866 ], [ 32.563822952032567, 0.308111932235238 ], [ 32.563822952032567, 0.30809619170361 ], [ 32.563807211500936, 0.308072580906167 ], [ 32.563791470969313, 0.308064710640353 ], [ 32.563767860171872, 0.308041099842911 ], [ 32.563752119640242, 0.308017489045469 ], [ 32.563736379108612, 0.307993878248026 ], [ 32.5637285088428, 0.307978137716398 ], [ 32.563704898045359, 0.30796239718477 ], [ 32.56369702777954, 0.307946656653142 ], [ 32.563689157513728, 0.307930916121514 ], [ 32.563673416982098, 0.3079230458557 ], [ 32.563657676450468, 0.307907305324071 ], [ 32.563641935918845, 0.307899435058257 ], [ 32.563618325121404, 0.307883694526629 ], [ 32.563602584589773, 0.307883694526629 ], [ 32.563586844058143, 0.307883694526629 ], [ 32.563571103526513, 0.307875824260815 ], [ 32.563547492729072, 0.307867953995001 ], [ 32.563531752197449, 0.307860083729187 ], [ 32.563516011665818, 0.307852213463373 ], [ 32.563484530602558, 0.307828602665931 ], [ 32.563468790070935, 0.307828602665931 ], [ 32.563453049539305, 0.307812862134302 ], [ 32.563445179273494, 0.307797121602674 ], [ 32.563421568476052, 0.30778925133686 ], [ 32.563413698210233, 0.307765640539418 ], [ 32.563397957678603, 0.307765640539418 ], [ 32.56338221714698, 0.307765640539418 ], [ 32.56336647661535, 0.307765640539418 ], [ 32.56335073608372, 0.307765640539418 ], [ 32.563334995552097, 0.307765640539418 ], [ 32.563311384754648, 0.307765640539418 ], [ 32.563287773957207, 0.307765640539418 ], [ 32.563272033425584, 0.307765640539418 ], [ 32.563256292893954, 0.307765640539418 ], [ 32.563240552362323, 0.307765640539418 ], [ 32.563224811830693, 0.307765640539418 ], [ 32.56320907129907, 0.307765640539418 ], [ 32.56319333076744, 0.307765640539418 ], [ 32.56317759023581, 0.307765640539418 ], [ 32.563161849704187, 0.307765640539418 ], [ 32.563146109172557, 0.307765640539418 ], [ 32.563130368640927, 0.307765640539418 ], [ 32.563114628109297, 0.307765640539418 ], [ 32.563098887577674, 0.307765640539418 ], [ 32.563083147046044, 0.307765640539418 ], [ 32.563075276780232, 0.307781381071046 ], [ 32.563059536248602, 0.30778925133686 ], [ 32.562721114818594, 0.307490181235925 ] ] ] ] } },
{ "type": "Feature", "properties": { "fid": 8, "class": 1.0 }, "geometry": { "type": "MultiPolygon", "coordinates": [ [ [ [ 32.553914247335086, 0.325165727436706 ], [ 32.553914247335086, 0.325115110041074 ], [ 32.553914247335086, 0.3250552894826 ], [ 32.553914247335086, 0.324986265761283 ], [ 32.55391884891651, 0.324908038877125 ], [ 32.55391884891651, 0.324857421481492 ], [ 32.55391884891651, 0.324792999341597 ], [ 32.55391884891651, 0.324742381945965 ], [ 32.55392805207935, 0.324687162968912 ], [ 32.55392805207935, 0.324650350317543 ], [ 32.553932653660773, 0.324608936084753 ], [ 32.553937255242197, 0.324585928177647 ], [ 32.553937255242197, 0.3245537171077 ], [ 32.553941856823613, 0.324521506037752 ], [ 32.553946458405036, 0.324475490223541 ], [ 32.553955661567876, 0.324424872827909 ], [ 32.553955661567876, 0.32438806017654 ], [ 32.5539602631493, 0.324342044362329 ], [ 32.5539602631493, 0.324296028548118 ], [ 32.553964864730723, 0.324254614315328 ], [ 32.55396946631214, 0.324208598501117 ], [ 32.55396946631214, 0.324171785849748 ], [ 32.553978669474986, 0.324130371616958 ], [ 32.553978669474986, 0.324084355802747 ], [ 32.553983271056403, 0.324029136825694 ], [ 32.553987872637826, 0.32397391784864 ], [ 32.55399247421925, 0.323937105197272 ], [ 32.554001677382089, 0.323881886220218 ], [ 32.554024685289193, 0.323831268824586 ], [ 32.554038490033456, 0.323789854591796 ], [ 32.554038490033456, 0.323753041940427 ], [ 32.554052294777719, 0.323725432451901 ], [ 32.554061497940566, 0.323693221381953 ], [ 32.554075302684829, 0.323661010312005 ], [ 32.554084505847669, 0.323619596079215 ], [ 32.554084505847669, 0.323587385009268 ], [ 32.554102912173356, 0.323541369195057 ], [ 32.554121318499035, 0.323504556543688 ], [ 32.554135123243299, 0.323467743892319 ], [ 32.554153529568985, 0.323394118589581 ], [ 32.554153529568985, 0.323361907519634 ], [ 32.554162732731825, 0.323329696449686 ], [ 32.554167334313249, 0.323302086961159 ], [ 32.554171935894672, 0.32326527430979 ], [ 32.554176537476096, 0.323233063239843 ], [ 32.554181139057512, 0.323205453751316 ], [ 32.554199545383199, 0.323164039518526 ], [ 32.554199545383199, 0.323136430029999 ], [ 32.554204146964622, 0.323108820541473 ], [ 32.554213350127462, 0.323090414215788 ], [ 32.554217951708885, 0.323067406308683 ], [ 32.554236358034565, 0.323002984168787 ], [ 32.554263967523092, 0.322933960447471 ], [ 32.554273170685939, 0.322906350958944 ], [ 32.554282373848778, 0.322878741470418 ], [ 32.554296178593042, 0.322832725656207 ], [ 32.554305381755881, 0.322800514586259 ], [ 32.554337592825831, 0.322726889283521 ], [ 32.554351397570095, 0.32268087346931 ], [ 32.554369803895781, 0.32263945923652 ], [ 32.554379007058621, 0.32259804500373 ], [ 32.554392811802884, 0.322565833933782 ], [ 32.554402014965724, 0.322533622863835 ], [ 32.554420421291411, 0.322496810212466 ], [ 32.554443429198514, 0.322464599142518 ], [ 32.554471038687041, 0.322436989653992 ], [ 32.554480241849888, 0.322404778584044 ], [ 32.554498648175567, 0.322377169095517 ], [ 32.554507851338414, 0.322358762769833 ], [ 32.554517054501254, 0.322335754862727 ], [ 32.554526257664094, 0.322317348537043 ], [ 32.554535460826941, 0.322308145374201 ], [ 32.554540062408357, 0.322294340629937 ], [ 32.55454466398978, 0.322280535885674 ], [ 32.55455386715262, 0.322266731141411 ], [ 32.554558468734044, 0.322257527978568 ], [ 32.554563070315467, 0.322234520071463 ], [ 32.554572273478307, 0.322216113745779 ], [ 32.55457687505973, 0.322202309001515 ], [ 32.55458607822257, 0.322183902675831 ], [ 32.554590679803994, 0.322160894768725 ], [ 32.554599882966833, 0.322156293187304 ], [ 32.554613687711097, 0.322142488443041 ], [ 32.55461828929252, 0.322133285280199 ], [ 32.554632094036783, 0.322124082117356 ], [ 32.5546366956182, 0.322114878954514 ], [ 32.554645898781047, 0.322114878954514 ], [ 32.554655101943887, 0.322110277373093 ], [ 32.554664305106726, 0.322105675791672 ], [ 32.554673508269573, 0.322105675791672 ], [ 32.5547011177581, 0.322105675791672 ], [ 32.554728727246626, 0.322101074210251 ], [ 32.554793149386519, 0.322091871047409 ], [ 32.554816157293622, 0.322091871047409 ], [ 32.554839165200733, 0.322091871047409 ], [ 32.554857571526412, 0.322082667884567 ], [ 32.554889782596362, 0.322078066303145 ], [ 32.554903587340625, 0.322073464721724 ], [ 32.554921993666312, 0.322068863140303 ], [ 32.554931196829152, 0.322068863140303 ], [ 32.554945001573415, 0.322064261558882 ], [ 32.554968009480525, 0.322059659977461 ], [ 32.554986415806205, 0.32205505839604 ], [ 32.555014025294732, 0.322045855233198 ], [ 32.555046236364682, 0.322036652070355 ], [ 32.555073845853208, 0.322022847326092 ], [ 32.555096853760311, 0.32201364416325 ], [ 32.555110658504574, 0.322004441000408 ], [ 32.555124463248838, 0.321995237837566 ], [ 32.555138267993101, 0.321990636256144 ], [ 32.555156674318788, 0.321986034674723 ], [ 32.555165877481627, 0.321981433093302 ], [ 32.555179682225891, 0.32197222993046 ], [ 32.555188885388738, 0.321967628349039 ], [ 32.555198088551577, 0.321963026767618 ], [ 32.555207291714417, 0.321958425186197 ], [ 32.555216494877264, 0.321958425186197 ], [ 32.555225698040104, 0.321953823604776 ], [ 32.555244104365791, 0.321949222023355 ], [ 32.55526251069147, 0.321940018860512 ], [ 32.555271713854317, 0.321935417279091 ], [ 32.555299323342844, 0.321935417279091 ], [ 32.555313128087107, 0.321935417279091 ], [ 32.55532693283137, 0.321935417279091 ], [ 32.55534533915705, 0.321944620441933 ], [ 32.555359143901313, 0.321953823604776 ], [ 32.55538675338984, 0.32197222993046 ], [ 32.555405159715527, 0.321986034674723 ], [ 32.555437370785477, 0.322018245744671 ], [ 32.555469581855419, 0.322050456814619 ], [ 32.555501792925369, 0.322078066303145 ], [ 32.555529402413896, 0.322105675791672 ], [ 32.555570816646686, 0.322142488443041 ], [ 32.555598426135212, 0.322170097931568 ], [ 32.555626035623739, 0.322197707420094 ], [ 32.555658246693689, 0.322234520071463 ], [ 32.555695059345055, 0.322271332722832 ], [ 32.555727270415005, 0.32230354379278 ], [ 32.555759481484955, 0.322349559606991 ], [ 32.555796294136321, 0.322381770676938 ], [ 32.555823903624848, 0.322418583328307 ], [ 32.555860716276214, 0.322455395979676 ], [ 32.555888325764741, 0.322487607049624 ], [ 32.555915935253267, 0.322510614956729 ], [ 32.555943544741794, 0.322538224445256 ], [ 32.555961951067481, 0.322542826026677 ], [ 32.555971154230321, 0.32255663077094 ], [ 32.556003365300271, 0.322565833933782 ], [ 32.556007966881694, 0.322575037096625 ], [ 32.55603557637022, 0.322584240259467 ], [ 32.556040177951637, 0.322593443422309 ], [ 32.556067787440163, 0.322602646585151 ], [ 32.556081592184427, 0.322611849747994 ], [ 32.55608619376585, 0.322621052910836 ], [ 32.556099998510113, 0.322634857655099 ], [ 32.556113803254377, 0.32263945923652 ], [ 32.556123006417216, 0.322648662399362 ], [ 32.556164420650006, 0.32268087346931 ], [ 32.556173623812853, 0.322690076632152 ], [ 32.556182826975693, 0.322699279794995 ], [ 32.556196631719956, 0.322703881376416 ], [ 32.55620123330138, 0.322717686120679 ], [ 32.556228842789906, 0.322731490864942 ], [ 32.55624264753417, 0.322736092446363 ], [ 32.556247249115586, 0.322745295609206 ], [ 32.556261053859849, 0.322745295609206 ], [ 32.556270257022696, 0.322754498772048 ], [ 32.556284061766959, 0.32276370193489 ], [ 32.556288663348376, 0.322772905097732 ], [ 32.556302468092639, 0.322786709841995 ], [ 32.556325475999749, 0.322800514586259 ], [ 32.556334679162589, 0.322809717749101 ], [ 32.556362288651115, 0.322823522493364 ], [ 32.556389898139642, 0.322851131981891 ], [ 32.556422109209592, 0.322864936726154 ], [ 32.556445117116695, 0.322878741470418 ], [ 32.556463523442382, 0.322897147796102 ], [ 32.556481929768069, 0.322915554121786 ], [ 32.556523344000858, 0.322933960447471 ], [ 32.556546351907961, 0.322961569935997 ], [ 32.556573961396488, 0.322979976261682 ], [ 32.556606172466438, 0.323025992075893 ], [ 32.556633781954964, 0.32305360156442 ], [ 32.556656789862068, 0.323081211052946 ], [ 32.556675196187754, 0.323099617378631 ], [ 32.556684399350594, 0.323118023704315 ], [ 32.556698204094857, 0.323131828448578 ], [ 32.556712008839121, 0.323145633192842 ], [ 32.556725813583384, 0.323187047425632 ], [ 32.556730415164807, 0.323205453751316 ], [ 32.556730415164807, 0.323219258495579 ], [ 32.556730415164807, 0.323237664821264 ], [ 32.55676262623475, 0.323279079054054 ], [ 32.556808642048964, 0.323357305938212 ], [ 32.55684545470033, 0.323394118589581 ], [ 32.55686846260744, 0.323421728078108 ], [ 32.55688686893312, 0.323440134403792 ], [ 32.556914478421646, 0.323476947055161 ], [ 32.55695129107302, 0.323509158125109 ], [ 32.556960494235859, 0.323536767613636 ], [ 32.556992705305809, 0.323564377102162 ], [ 32.556997306887226, 0.323582783427847 ], [ 32.557015713212913, 0.32359658817211 ], [ 32.557034119538599, 0.323614994497794 ], [ 32.557043322701439, 0.323619596079215 ], [ 32.557057127445702, 0.323628799242058 ], [ 32.557066330608542, 0.323633400823479 ], [ 32.557070932189966, 0.323651807149163 ], [ 32.557080135352805, 0.323665611893426 ], [ 32.557089338515652, 0.323674815056269 ], [ 32.557098541678492, 0.323684018219111 ], [ 32.557103143259916, 0.323693221381953 ], [ 32.557112346422755, 0.323702424544795 ], [ 32.557121549585602, 0.323707026126216 ], [ 32.557126151167019, 0.323716229289059 ], [ 32.557135354329866, 0.323725432451901 ], [ 32.557139955911282, 0.323734635614743 ], [ 32.557144557492705, 0.323743838777585 ], [ 32.557153760655545, 0.323748440359006 ], [ 32.557167565399808, 0.323753041940427 ], [ 32.557181370144072, 0.32376224510327 ], [ 32.557190573306919, 0.323766846684691 ], [ 32.557204378051182, 0.323780651428954 ], [ 32.557213581214022, 0.323785253010375 ], [ 32.557222784376862, 0.323794456173217 ], [ 32.557231987539708, 0.323799057754638 ], [ 32.557250393865388, 0.323808260917481 ], [ 32.557264198609651, 0.323817464080323 ], [ 32.557278003353915, 0.323831268824586 ], [ 32.557296409679601, 0.32384507356885 ], [ 32.557314816005288, 0.323858878313113 ], [ 32.557337823912391, 0.323895690964482 ], [ 32.557351628656654, 0.323909495708745 ], [ 32.557370034982341, 0.323923300453008 ], [ 32.557379238145181, 0.32393250361585 ], [ 32.557393042889444, 0.323950909941535 ], [ 32.557411449215131, 0.323978519430062 ], [ 32.557425253959394, 0.323983121011483 ], [ 32.557443660285074, 0.323996925755746 ], [ 32.557452863447921, 0.324024535244273 ], [ 32.557462066610761, 0.324033738407115 ], [ 32.557475871355024, 0.324047543151378 ], [ 32.557485074517864, 0.32405674631422 ], [ 32.557508082424974, 0.324070551058484 ], [ 32.557521887169237, 0.324084355802747 ], [ 32.557531090332077, 0.324084355802747 ], [ 32.557540293494917, 0.324102762128431 ], [ 32.55755409823918, 0.324125770035537 ], [ 32.557567902983443, 0.324134973198379 ], [ 32.557581707727707, 0.324144176361221 ], [ 32.557600114053393, 0.324153379524063 ], [ 32.557609317216233, 0.324162582686906 ], [ 32.557623121960496, 0.324171785849748 ], [ 32.557632325123343, 0.324176387431169 ], [ 32.55763692670476, 0.324185590594011 ], [ 32.557646129867607, 0.324194793756853 ], [ 32.557655333030446, 0.324203996919696 ], [ 32.55765993461187, 0.324213200082538 ], [ 32.55766913777471, 0.324217801663959 ], [ 32.557678340937549, 0.324231606408222 ], [ 32.557687544100396, 0.324231606408222 ], [ 32.557692145681813, 0.324245411152486 ], [ 32.55770134884466, 0.324259215896749 ], [ 32.557710552007499, 0.324259215896749 ], [ 32.557719755170339, 0.324277622222433 ], [ 32.557728958333186, 0.324291426966697 ], [ 32.557742763077449, 0.324300630129539 ], [ 32.557747364658866, 0.324319036455223 ], [ 32.557756567821713, 0.324328239618065 ], [ 32.557765770984552, 0.324328239618065 ], [ 32.557774974147392, 0.32434664594375 ], [ 32.557784177310239, 0.32434664594375 ], [ 32.557793380473079, 0.324360450688013 ], [ 32.557807185217342, 0.324365052269434 ], [ 32.557816388380182, 0.324365052269434 ], [ 32.557825591543029, 0.324365052269434 ], [ 32.557839396287292, 0.324365052269434 ], [ 32.557853201031556, 0.324365052269434 ], [ 32.557862404194395, 0.324365052269434 ], [ 32.557880810520082, 0.324360450688013 ], [ 32.557894615264345, 0.324360450688013 ], [ 32.557913021590032, 0.324360450688013 ], [ 32.557931427915712, 0.324365052269434 ], [ 32.557949834241398, 0.324369653850855 ], [ 32.557972842148502, 0.324374255432276 ], [ 32.557982045311348, 0.324374255432276 ], [ 32.557995850055612, 0.32438806017654 ], [ 32.558018857962715, 0.324401864920803 ], [ 32.558060272195505, 0.324415669665066 ], [ 32.558092483265455, 0.324452482316435 ], [ 32.558124694335397, 0.324475490223541 ], [ 32.558166108568187, 0.324489294967804 ], [ 32.558193718056714, 0.324516904456331 ], [ 32.558230530708087, 0.324544513944857 ], [ 32.558258140196614, 0.324567521851963 ], [ 32.558290351266557, 0.324576725014805 ], [ 32.558299554429404, 0.324590529759068 ], [ 32.558322562336507, 0.324599732921911 ], [ 32.558350171825033, 0.324618139247595 ], [ 32.55837778131356, 0.324641147154701 ], [ 32.558391586057823, 0.324645748736122 ], [ 32.558400789220663, 0.324654951898964 ], [ 32.558405390802086, 0.324664155061806 ], [ 32.55841919554635, 0.324668756643227 ], [ 32.558437601872036, 0.324673358224648 ], [ 32.558446805034876, 0.32468256138749 ], [ 32.558460609779139, 0.324696366131754 ], [ 32.558469812941979, 0.324705569294596 ], [ 32.558474414523403, 0.324719374038859 ], [ 32.558488219267666, 0.324728577201702 ], [ 32.558497422430506, 0.324733178783123 ], [ 32.558506625593353, 0.324746983527386 ], [ 32.558525031919032, 0.324751585108807 ], [ 32.558548039826142, 0.32476538985307 ], [ 32.558557242988982, 0.324774593015913 ], [ 32.558575649314669, 0.324779194597334 ], [ 32.558607860384619, 0.324792999341597 ], [ 32.558621665128882, 0.324797600923018 ], [ 32.558635469873145, 0.324811405667281 ], [ 32.558649274617409, 0.324820608830124 ], [ 32.558658477780249, 0.324820608830124 ], [ 32.558676884105935, 0.324829811992966 ], [ 32.558690688850199, 0.324839015155808 ], [ 32.558699892013038, 0.32484821831865 ], [ 32.558709095175878, 0.32484821831865 ], [ 32.558722899920141, 0.324875827807177 ], [ 32.558732103082988, 0.32488963255144 ], [ 32.558759712571515, 0.324917242039967 ], [ 32.558768915734355, 0.324940249947072 ], [ 32.558768915734355, 0.324949453109915 ], [ 32.558768915734355, 0.324963257854178 ], [ 32.558773517315778, 0.324981664179862 ], [ 32.558773517315778, 0.324990867342704 ], [ 32.558778118897195, 0.325009273668389 ], [ 32.558787322060041, 0.325050687901179 ], [ 32.558796525222881, 0.325069094226863 ], [ 32.558796525222881, 0.325082898971127 ], [ 32.558796525222881, 0.32509670371539 ], [ 32.558796525222881, 0.325105906878232 ], [ 32.558791923641458, 0.325115110041074 ], [ 32.558791923641458, 0.325124313203916 ], [ 32.558787322060041, 0.325133516366759 ], [ 32.558778118897195, 0.325161125855285 ], [ 32.558768915734355, 0.325188735343812 ], [ 32.558759712571515, 0.325202540088075 ], [ 32.558750509408668, 0.325207141669496 ], [ 32.558741306245828, 0.325225547995181 ], [ 32.558722899920141, 0.325243954320865 ], [ 32.558690688850199, 0.325276165390813 ], [ 32.558653876198825, 0.325312978042182 ], [ 32.558621665128882, 0.325335985949287 ], [ 32.558584852477509, 0.325358993856393 ], [ 32.558561844570406, 0.325368197019235 ], [ 32.558538836663296, 0.325391204926341 ], [ 32.558511227174769, 0.325418814414867 ], [ 32.558483617686242, 0.325432619159131 ], [ 32.558456008197716, 0.325464830229078 ], [ 32.558428398709189, 0.325492439717605 ], [ 32.5583869844764, 0.325497041299026 ], [ 32.558363976569296, 0.325506244461868 ], [ 32.55833636708077, 0.32551544762471 ], [ 32.55830415601082, 0.325529252368974 ], [ 32.558276546522293, 0.325538455531816 ], [ 32.558244335452351, 0.325543057113237 ], [ 32.558216725963824, 0.3255568618575 ], [ 32.558184514893874, 0.325566065020343 ], [ 32.558152303823924, 0.325570666601764 ], [ 32.558124694335397, 0.325589072927448 ], [ 32.558101686428294, 0.325593674508869 ], [ 32.558064873776928, 0.325621283997396 ], [ 32.558032662706978, 0.325625885578817 ], [ 32.557991248474188, 0.325648893485922 ], [ 32.557963638985662, 0.32568110455587 ], [ 32.557922224752872, 0.325708714044397 ], [ 32.557880810520082, 0.325745526695766 ], [ 32.557853201031556, 0.32576393302145 ], [ 32.557830193124452, 0.325796144091398 ], [ 32.557793380473079, 0.325832956742767 ], [ 32.557779575728816, 0.325860566231293 ], [ 32.557751966240289, 0.325901980464083 ], [ 32.557742763077449, 0.32592958995261 ], [ 32.557728958333186, 0.325952597859715 ], [ 32.557710552007499, 0.325980207348242 ], [ 32.55770134884466, 0.32601241841819 ], [ 32.557678340937549, 0.326040027906716 ], [ 32.557673739356133, 0.326058434232401 ], [ 32.557664536193286, 0.326086043720927 ], [ 32.55765993461187, 0.326099848465191 ], [ 32.557655333030446, 0.326122856372296 ], [ 32.557646129867607, 0.326141262697981 ], [ 32.557632325123343, 0.326150465860823 ], [ 32.55761852037908, 0.326173473767928 ], [ 32.55759551247197, 0.326182676930771 ], [ 32.55758630930913, 0.326191880093613 ], [ 32.55757710614629, 0.326201083256455 ], [ 32.557563301402027, 0.326210286419297 ], [ 32.557333222330968, 0.326201083256455 ], [ 32.557314816005288, 0.326168872186507 ], [ 32.557310214423865, 0.326141262697981 ], [ 32.557301011261025, 0.326136661116559 ], [ 32.557287206516762, 0.326099848465191 ], [ 32.557282604935338, 0.326067637395243 ], [ 32.557268800191075, 0.326030824743874 ], [ 32.557254995446812, 0.326003215255347 ], [ 32.557250393865388, 0.325994012092505 ], [ 32.557245792283972, 0.325980207348242 ], [ 32.557241190702548, 0.325966402603979 ], [ 32.557236589121125, 0.325943394696873 ], [ 32.557231987539708, 0.325924988371189 ], [ 32.557218182795445, 0.325911183626925 ], [ 32.557208979632598, 0.325892777301241 ], [ 32.557199776469758, 0.325878972556978 ], [ 32.557190573306919, 0.325869769394135 ], [ 32.557181370144072, 0.325855964649872 ], [ 32.557176768562655, 0.325842159905609 ], [ 32.557172166981232, 0.325832956742767 ], [ 32.557153760655545, 0.325809948835661 ], [ 32.557121549585602, 0.325791542509977 ], [ 32.557103143259916, 0.325773136184292 ], [ 32.557070932189966, 0.325731721951502 ], [ 32.557057127445702, 0.325717917207239 ], [ 32.557015713212913, 0.32568110455587 ], [ 32.556988103724386, 0.325648893485922 ], [ 32.556955892654436, 0.325621283997396 ], [ 32.55690987684023, 0.325538455531816 ], [ 32.55688686893312, 0.325510846043289 ], [ 32.556873064188856, 0.325483236554763 ], [ 32.556859259444593, 0.325441822321973 ], [ 32.55684545470033, 0.325409611252025 ], [ 32.556822446793227, 0.325382001763498 ], [ 32.55680404046754, 0.325354392274972 ], [ 32.556790235723277, 0.325331384367866 ], [ 32.556776430979014, 0.325312978042182 ], [ 32.556748821490487, 0.325285368553655 ], [ 32.556725813583384, 0.325271563809392 ], [ 32.556712008839121, 0.325243954320865 ], [ 32.556698204094857, 0.325230149576602 ], [ 32.556684399350594, 0.325216344832339 ], [ 32.556670594606331, 0.325202540088075 ], [ 32.556661391443491, 0.325193336925233 ], [ 32.556638383536381, 0.325165727436706 ], [ 32.556619977210701, 0.325161125855285 ], [ 32.556615375629278, 0.325151922692443 ], [ 32.556601570885014, 0.325147321111022 ], [ 32.556592367722175, 0.325142719529601 ], [ 32.556583164559328, 0.32513811794818 ], [ 32.556573961396488, 0.325128914785338 ], [ 32.556564758233648, 0.325124313203916 ], [ 32.556555555070801, 0.325119711622495 ], [ 32.556546351907961, 0.325110508459653 ], [ 32.556532547163698, 0.32509670371539 ], [ 32.556523344000858, 0.325087500552548 ], [ 32.556509539256595, 0.325078297389705 ], [ 32.556491132930908, 0.325078297389705 ], [ 32.556463523442382, 0.325064492645442 ], [ 32.556440515535279, 0.325059891064021 ], [ 32.556417507628169, 0.3250552894826 ], [ 32.556376093395379, 0.325050687901179 ], [ 32.556357687069692, 0.325041484738337 ], [ 32.556330077581165, 0.325036883156916 ], [ 32.556293264929799, 0.325023078412652 ], [ 32.556279460185536, 0.325018476831231 ], [ 32.55624264753417, 0.325009273668389 ], [ 32.556219639627059, 0.324990867342704 ], [ 32.556187428557116, 0.324977062598441 ], [ 32.55616902223143, 0.32497246101702 ], [ 32.556132209580063, 0.324963257854178 ], [ 32.55609539692869, 0.324949453109915 ], [ 32.556063185858747, 0.324940249947072 ], [ 32.556030974788797, 0.324935648365651 ], [ 32.555994162137431, 0.324926445202809 ], [ 32.555966552648904, 0.324917242039967 ], [ 32.555952747904641, 0.324908038877125 ], [ 32.555925138416114, 0.324903437295703 ], [ 32.555911333671851, 0.324894234132861 ], [ 32.555888325764741, 0.324885030970019 ], [ 32.555879122601901, 0.324875827807177 ], [ 32.555865317857638, 0.324875827807177 ], [ 32.555856114694798, 0.324866624644335 ], [ 32.555842309950535, 0.324857421481492 ], [ 32.555823903624848, 0.32484821831865 ], [ 32.555819302043425, 0.324834413574387 ], [ 32.555791692554898, 0.324829811992966 ], [ 32.555787090973482, 0.324820608830124 ], [ 32.555759481484955, 0.324811405667281 ], [ 32.555736473577845, 0.324802202504439 ], [ 32.555727270415005, 0.324792999341597 ], [ 32.555704262507902, 0.324788397760176 ], [ 32.555695059345055, 0.324779194597334 ], [ 32.555681254600792, 0.324774593015913 ], [ 32.555662848275112, 0.32476538985307 ], [ 32.555644441949426, 0.324751585108807 ], [ 32.555630637205162, 0.324746983527386 ], [ 32.555616832460899, 0.324742381945965 ], [ 32.555607629298052, 0.324733178783123 ], [ 32.555584621390949, 0.324733178783123 ], [ 32.555570816646686, 0.324733178783123 ], [ 32.555561613483846, 0.324733178783123 ], [ 32.555552410320999, 0.324728577201702 ], [ 32.555538605576736, 0.324728577201702 ], [ 32.555524800832472, 0.324728577201702 ], [ 32.555501792925369, 0.324728577201702 ], [ 32.555483386599683, 0.324728577201702 ], [ 32.555455777111156, 0.324728577201702 ], [ 32.555437370785477, 0.324728577201702 ], [ 32.555414362878366, 0.32472397562028 ], [ 32.555405159715527, 0.32472397562028 ], [ 32.555391354971263, 0.324719374038859 ], [ 32.555372948645577, 0.324714772457438 ], [ 32.555331534412787, 0.324705569294596 ], [ 32.555317729668523, 0.324700967713175 ], [ 32.555308526505684, 0.324700967713175 ], [ 32.55529472176142, 0.324696366131754 ], [ 32.555280917017157, 0.324696366131754 ], [ 32.555257909110054, 0.324696366131754 ], [ 32.555248705947207, 0.324696366131754 ], [ 32.555230299621527, 0.324696366131754 ], [ 32.555216494877264, 0.324696366131754 ], [ 32.555202690133001, 0.324696366131754 ], [ 32.555175080644474, 0.324696366131754 ], [ 32.555156674318788, 0.324696366131754 ], [ 32.555138267993101, 0.324700967713175 ], [ 32.555129064830261, 0.324700967713175 ], [ 32.555115260085998, 0.324705569294596 ], [ 32.555096853760311, 0.324719374038859 ], [ 32.555087650597471, 0.324733178783123 ], [ 32.555078447434632, 0.324746983527386 ], [ 32.555073845853208, 0.324760788271649 ], [ 32.555069244271785, 0.324779194597334 ], [ 32.555069244271785, 0.324792999341597 ], [ 32.555069244271785, 0.324811405667281 ], [ 32.555046236364682, 0.324788397760176 ], [ 32.555009423713315, 0.324774593015913 ], [ 32.554972611061942, 0.32476538985307 ], [ 32.554889782596362, 0.324751585108807 ], [ 32.554843766782149, 0.324751585108807 ], [ 32.554820758875046, 0.324751585108807 ], [ 32.554788547805096, 0.324751585108807 ], [ 32.554747133572306, 0.32476538985307 ], [ 32.554705719339516, 0.324792999341597 ], [ 32.554673508269573, 0.324802202504439 ], [ 32.5546366956182, 0.32480680408586 ], [ 32.554609086129673, 0.324811405667281 ], [ 32.55458607822257, 0.324820608830124 ], [ 32.554558468734044, 0.324825210411545 ], [ 32.554540062408357, 0.324843616737229 ], [ 32.554526257664094, 0.32484821831865 ], [ 32.55451245291983, 0.324857421481492 ], [ 32.554503249756991, 0.324866624644335 ], [ 32.554494046594151, 0.324875827807177 ], [ 32.554475640268464, 0.324885030970019 ], [ 32.554471038687041, 0.324894234132861 ], [ 32.554457233942777, 0.324898835714282 ], [ 32.554448030779938, 0.324908038877125 ], [ 32.554434226035674, 0.324917242039967 ], [ 32.554429624454251, 0.324926445202809 ], [ 32.554402014965724, 0.324935648365651 ], [ 32.554388210221461, 0.324944851528493 ], [ 32.554379007058621, 0.324954054691336 ], [ 32.554365202314358, 0.32497246101702 ], [ 32.554351397570095, 0.324986265761283 ], [ 32.554337592825831, 0.325000070505547 ], [ 32.554323788081568, 0.325009273668389 ], [ 32.554309983337305, 0.32501387524981 ], [ 32.554296178593042, 0.325027679994073 ], [ 32.554282373848778, 0.325041484738337 ], [ 32.554268569104515, 0.3250552894826 ], [ 32.554263967523092, 0.325064492645442 ], [ 32.554254764360252, 0.325073695808284 ], [ 32.554240959615989, 0.325087500552548 ], [ 32.554236358034565, 0.32509670371539 ], [ 32.554227154871725, 0.325101305296811 ], [ 32.554217951708885, 0.325115110041074 ], [ 32.554208748546039, 0.325133516366759 ], [ 32.554199545383199, 0.325133516366759 ], [ 32.554185740638935, 0.325142719529601 ], [ 32.554176537476096, 0.325147321111022 ], [ 32.554167334313249, 0.325151922692443 ], [ 32.554158131150409, 0.325156524273864 ], [ 32.554158131150409, 0.325165727436706 ], [ 32.553914247335086, 0.325165727436706 ] ] ] ] } },
{ "type": "Feature", "properties": { "fid": 9, "class": 1.0 }, "geometry": { "type": "MultiPolygon", "coordinates": [ [ [ [ 32.535816162744723, 0.318929741487443 ], [ 32.535816162744723, 0.318901187235057 ], [ 32.535809024181624, 0.318865494419573 ], [ 32.535809024181624, 0.318836940167187 ], [ 32.535809024181624, 0.318772693099316 ], [ 32.535809024181624, 0.31872272315764 ], [ 32.535816162744723, 0.318672753215963 ], [ 32.535830439870921, 0.318622783274286 ], [ 32.535837578434013, 0.318594229021899 ], [ 32.535844716997111, 0.318565674769513 ], [ 32.535844716997111, 0.318544259080223 ], [ 32.53585185556021, 0.318515704827836 ], [ 32.535858994123302, 0.318494289138546 ], [ 32.535858994123302, 0.318472873449256 ], [ 32.535866132686401, 0.318458596323062 ], [ 32.5358732712495, 0.318444319196869 ], [ 32.535880409812592, 0.318415764944482 ], [ 32.535880409812592, 0.318401487818289 ], [ 32.53588754837569, 0.318387210692096 ], [ 32.53588754837569, 0.318372933565902 ], [ 32.535894686938789, 0.318358656439709 ], [ 32.535894686938789, 0.318344379313516 ], [ 32.535901825501881, 0.318330102187322 ], [ 32.535901825501881, 0.318315825061129 ], [ 32.53590896406498, 0.318301547934935 ], [ 32.53590896406498, 0.318287270808742 ], [ 32.53590896406498, 0.318272993682549 ], [ 32.53590896406498, 0.318258716556355 ], [ 32.53590896406498, 0.318244439430162 ], [ 32.53590896406498, 0.318230162303969 ], [ 32.535916102628079, 0.318215885177775 ], [ 32.535916102628079, 0.318194469488485 ], [ 32.535923241191178, 0.318180192362292 ], [ 32.535923241191178, 0.318165915236098 ], [ 32.535930379754269, 0.318144499546808 ], [ 32.535930379754269, 0.318123083857518 ], [ 32.535937518317368, 0.318108806731325 ], [ 32.535937518317368, 0.318087391042035 ], [ 32.535944656880467, 0.318065975352745 ], [ 32.535944656880467, 0.318051698226552 ], [ 32.535944656880467, 0.318037421100358 ], [ 32.535951795443559, 0.318023143974165 ], [ 32.535951795443559, 0.318001728284875 ], [ 32.535958934006658, 0.317987451158681 ], [ 32.535958934006658, 0.317973174032488 ], [ 32.535966072569757, 0.317951758343198 ], [ 32.535973211132848, 0.317937481217005 ], [ 32.535980349695947, 0.317923204090811 ], [ 32.535980349695947, 0.317901788401521 ], [ 32.535980349695947, 0.317887511275328 ], [ 32.535987488259046, 0.317873234149135 ], [ 32.536023181074526, 0.317808987081264 ], [ 32.536037458200724, 0.317730462887201 ], [ 32.536073151016204, 0.317666215819331 ], [ 32.536101705268592, 0.317601968751461 ], [ 32.536123120957882, 0.317530583120494 ], [ 32.536137398084072, 0.317502028868107 ], [ 32.53615167521027, 0.31747347461572 ], [ 32.536165952336461, 0.31743064323714 ], [ 32.536165952336461, 0.317416366110947 ], [ 32.536180229462659, 0.317394950421657 ], [ 32.536201645151948, 0.317359257606173 ], [ 32.536215922278139, 0.31734498047998 ], [ 32.536215922278139, 0.317330703353787 ], [ 32.536223060841237, 0.317316426227593 ], [ 32.536237337967428, 0.3173021491014 ], [ 32.536251615093619, 0.31725931772282 ], [ 32.536251615093619, 0.317245040596627 ], [ 32.536258753656718, 0.317230763470433 ], [ 32.536265892219816, 0.31721648634424 ], [ 32.536273030782915, 0.31719507065495 ], [ 32.536287307909106, 0.317180793528756 ], [ 32.536294446472205, 0.317166516402563 ], [ 32.536294446472205, 0.317145100713273 ], [ 32.536315862161494, 0.31713082358708 ], [ 32.536323000724586, 0.317116546460886 ], [ 32.536337277850784, 0.317102269334693 ], [ 32.536344416413876, 0.3170879922085 ], [ 32.536358693540073, 0.317073715082306 ], [ 32.536372970666264, 0.317059437956113 ], [ 32.536394386355553, 0.317045160829919 ], [ 32.536408663481751, 0.317016606577533 ], [ 32.536422940607942, 0.317016606577533 ], [ 32.536437217734132, 0.317009468014436 ], [ 32.53645149486033, 0.316988052325146 ], [ 32.536465771986521, 0.316988052325146 ], [ 32.536480049112718, 0.316973775198953 ], [ 32.536494326238909, 0.316966636635856 ], [ 32.536522880491297, 0.316966636635856 ], [ 32.536537157617488, 0.316952359509663 ], [ 32.536558573306777, 0.316945220946566 ], [ 32.536579988996067, 0.316930943820373 ], [ 32.536594266122265, 0.316923805257276 ], [ 32.536615681811554, 0.316916666694179 ], [ 32.536644236063943, 0.316909528131083 ], [ 32.536658513190133, 0.316902389567986 ], [ 32.536672790316324, 0.316888112441792 ], [ 32.536687067442521, 0.316888112441792 ], [ 32.536701344568712, 0.316880973878696 ], [ 32.536715621694903, 0.316873835315599 ], [ 32.536737037384199, 0.316859558189406 ], [ 32.53675131451039, 0.316852419626309 ], [ 32.536765591636581, 0.316845281063212 ], [ 32.536772730199679, 0.316831003937019 ], [ 32.536779868762778, 0.316816726810826 ], [ 32.536794145888969, 0.316795311121536 ], [ 32.536794145888969, 0.316781033995342 ], [ 32.536801284452068, 0.316766756869149 ], [ 32.53680842301516, 0.316752479742956 ], [ 32.53680842301516, 0.316738202616762 ], [ 32.53680842301516, 0.316723925490569 ], [ 32.536794145888969, 0.316716786927472 ], [ 32.536779868762778, 0.316702509801279 ], [ 32.536765591636581, 0.316695371238182 ], [ 32.536744175947291, 0.316688232675085 ], [ 32.5367298988211, 0.316688232675085 ], [ 32.536715621694903, 0.316681094111989 ], [ 32.536701344568712, 0.316681094111989 ], [ 32.536687067442521, 0.316681094111989 ], [ 32.536672790316324, 0.316681094111989 ], [ 32.536658513190133, 0.316681094111989 ], [ 32.536644236063943, 0.316681094111989 ], [ 32.536622820374646, 0.316681094111989 ], [ 32.536601404685356, 0.316681094111989 ], [ 32.536587127559166, 0.316681094111989 ], [ 32.536572850432975, 0.316681094111989 ], [ 32.536558573306777, 0.316681094111989 ], [ 32.536544296180587, 0.316681094111989 ], [ 32.536530019054389, 0.316681094111989 ], [ 32.5365086033651, 0.316681094111989 ], [ 32.536494326238909, 0.316681094111989 ], [ 32.536480049112718, 0.316681094111989 ], [ 32.536465771986521, 0.316673955548892 ], [ 32.536444356297231, 0.316673955548892 ], [ 32.536387247792462, 0.316652539859602 ], [ 32.536344416413876, 0.316652539859602 ], [ 32.536287307909106, 0.316638262733409 ], [ 32.536194506588849, 0.316602569917925 ], [ 32.536144536647171, 0.316588292791732 ], [ 32.536080289579303, 0.316581154228635 ], [ 32.536051735326915, 0.316559738539345 ], [ 32.536030319637625, 0.316559738539345 ], [ 32.536008903948336, 0.316552599976248 ], [ 32.535987488259046, 0.316545461413152 ], [ 32.535958934006658, 0.316538322850055 ], [ 32.535944656880467, 0.316531184286958 ], [ 32.535930379754269, 0.316531184286958 ], [ 32.535916102628079, 0.316524045723862 ], [ 32.535901825501881, 0.316524045723862 ], [ 32.53588754837569, 0.316516907160765 ], [ 32.5358732712495, 0.316516907160765 ], [ 32.535858994123302, 0.316509768597668 ], [ 32.535844716997111, 0.316509768597668 ], [ 32.535830439870921, 0.316509768597668 ], [ 32.535816162744723, 0.316502630034572 ], [ 32.535801885618532, 0.316481214345282 ], [ 32.535787608492335, 0.316481214345282 ], [ 32.535780469929243, 0.316466937219088 ], [ 32.535773331366144, 0.316324165957155 ], [ 32.535787608492335, 0.316302750267865 ], [ 32.535801885618532, 0.316281334578575 ], [ 32.535801885618532, 0.316267057452381 ], [ 32.535809024181624, 0.316252780326188 ], [ 32.535816162744723, 0.316238503199994 ], [ 32.535830439870921, 0.316217087510704 ], [ 32.535844716997111, 0.316195671821414 ], [ 32.53585185556021, 0.316181394695221 ], [ 32.535858994123302, 0.316167117569028 ], [ 32.535880409812592, 0.316159979005931 ], [ 32.535880409812592, 0.316138563316641 ], [ 32.535894686938789, 0.316124286190448 ], [ 32.535901825501881, 0.316102870501157 ], [ 32.53590896406498, 0.316081454811867 ], [ 32.535923241191178, 0.316074316248771 ], [ 32.535923241191178, 0.316060039122577 ], [ 32.535930379754269, 0.316038623433287 ], [ 32.535966072569757, 0.315988653491611 ], [ 32.536001765385237, 0.315931544986837 ], [ 32.536051735326915, 0.315824466540387 ], [ 32.536101705268592, 0.31573166522013 ], [ 32.536137398084072, 0.31564600246297 ], [ 32.53617309089956, 0.315617448210583 ], [ 32.53618736802575, 0.315574616832003 ], [ 32.536201645151948, 0.315546062579616 ], [ 32.536215922278139, 0.31551750832723 ], [ 32.536215922278139, 0.31549609263794 ], [ 32.536223060841237, 0.315481815511746 ], [ 32.536237337967428, 0.315460399822456 ], [ 32.536237337967428, 0.315446122696263 ], [ 32.536258753656718, 0.315424707006973 ], [ 32.536258753656718, 0.315403291317683 ], [ 32.536265892219816, 0.315389014191489 ], [ 32.536273030782915, 0.315367598502199 ], [ 32.536287307909106, 0.315367598502199 ], [ 32.536294446472205, 0.315339044249813 ], [ 32.536315862161494, 0.315317628560523 ], [ 32.536330139287685, 0.315281935745039 ], [ 32.536330139287685, 0.315260520055749 ], [ 32.536337277850784, 0.315239104366459 ], [ 32.536351554976974, 0.315210550114072 ], [ 32.536351554976974, 0.315189134424782 ], [ 32.536358693540073, 0.315174857298589 ], [ 32.536365832103172, 0.315160580172396 ], [ 32.536365832103172, 0.315139164483105 ], [ 32.536372970666264, 0.315124887356912 ], [ 32.536372970666264, 0.315103471667622 ], [ 32.536422940607942, 0.315074917415235 ], [ 32.53648718767581, 0.315046363162849 ], [ 32.536565711869876, 0.315017808910462 ], [ 32.536594266122265, 0.315003531784269 ], [ 32.536672790316324, 0.314974977531882 ], [ 32.536687067442521, 0.314960700405688 ], [ 32.536715621694903, 0.314932146153302 ], [ 32.536737037384199, 0.314917869027108 ], [ 32.53675131451039, 0.314903591900915 ], [ 32.536765591636581, 0.314882176211625 ], [ 32.536772730199679, 0.314867899085432 ], [ 32.536779868762778, 0.314846483396142 ], [ 32.536794145888969, 0.314839344833045 ], [ 32.53680842301516, 0.314839344833045 ], [ 32.536822700141357, 0.314839344833045 ], [ 32.536844115830647, 0.314839344833045 ], [ 32.536858392956837, 0.314846483396142 ], [ 32.536872670083035, 0.314860760522335 ], [ 32.536894085772325, 0.314867899085432 ], [ 32.536908362898515, 0.314875037648528 ], [ 32.536929778587805, 0.314889314774722 ], [ 32.536936917150904, 0.314903591900915 ], [ 32.536951194277094, 0.314910730464012 ], [ 32.536965471403292, 0.314925007590205 ], [ 32.536972609966384, 0.314939284716398 ], [ 32.536986887092581, 0.314960700405688 ], [ 32.53701544134497, 0.314982116094979 ], [ 32.53701544134497, 0.314996393221172 ], [ 32.537036857034259, 0.315010670347365 ], [ 32.53705113416045, 0.315024947473559 ], [ 32.537072549849739, 0.315053501725945 ], [ 32.537079688412838, 0.315067778852139 ], [ 32.537086826975937, 0.315082055978332 ], [ 32.537101104102128, 0.315089194541429 ], [ 32.537115381228318, 0.315103471667622 ], [ 32.537129658354516, 0.315110610230719 ], [ 32.537136796917608, 0.315124887356912 ], [ 32.537151074043805, 0.315132025920009 ], [ 32.537165351169996, 0.315139164483105 ], [ 32.537186766859286, 0.315153441609299 ], [ 32.537229598237865, 0.315153441609299 ], [ 32.537251013927154, 0.315160580172396 ], [ 32.537286706742641, 0.315160580172396 ], [ 32.537308122431931, 0.315167718735492 ], [ 32.537322399558121, 0.315167718735492 ], [ 32.53735095381051, 0.315167718735492 ], [ 32.537372369499799, 0.315167718735492 ], [ 32.537400923752188, 0.315167718735492 ], [ 32.537422339441477, 0.315167718735492 ], [ 32.537443755130766, 0.315160580172396 ], [ 32.537465170820056, 0.315160580172396 ], [ 32.537493725072444, 0.315153441609299 ], [ 32.537508002198635, 0.315139164483105 ], [ 32.537565110703412, 0.315132025920009 ], [ 32.53762935777128, 0.315103471667622 ], [ 32.537679327712958, 0.315103471667622 ], [ 32.537707881965346, 0.315103471667622 ], [ 32.537736436217735, 0.315096333104525 ], [ 32.537772129033215, 0.315082055978332 ], [ 32.537793544722504, 0.315082055978332 ], [ 32.537807821848702, 0.315082055978332 ], [ 32.537822098974893, 0.315082055978332 ], [ 32.537836376101083, 0.315082055978332 ], [ 32.537857791790373, 0.315074917415235 ], [ 32.53789348460586, 0.315074917415235 ], [ 32.537914900295149, 0.315067778852139 ], [ 32.537943454547538, 0.315060640289042 ], [ 32.537964870236827, 0.315053501725945 ], [ 32.537993424489215, 0.315053501725945 ], [ 32.538007701615406, 0.315039224599752 ], [ 32.538021978741597, 0.315039224599752 ], [ 32.538036255867794, 0.315032086036655 ], [ 32.538050532993985, 0.315032086036655 ], [ 32.538057671557084, 0.315017808910462 ], [ 32.538064810120176, 0.315003531784269 ], [ 32.538071948683275, 0.314989254658075 ], [ 32.538093364372564, 0.314967838968785 ], [ 32.538100502935663, 0.314946423279495 ], [ 32.538107641498762, 0.314910730464012 ], [ 32.538114780061854, 0.314896453337818 ], [ 32.538114780061854, 0.314882176211625 ], [ 32.538121918624952, 0.314867899085432 ], [ 32.538121918624952, 0.314846483396142 ], [ 32.538121918624952, 0.314825067706851 ], [ 32.538121918624952, 0.314810790580658 ], [ 32.538121918624952, 0.314796513454465 ], [ 32.538121918624952, 0.314775097765175 ], [ 32.538121918624952, 0.314753682075885 ], [ 32.538121918624952, 0.314732266386595 ], [ 32.538121918624952, 0.314703712134208 ], [ 32.538129057188051, 0.314689435008015 ], [ 32.538129057188051, 0.314675157881821 ], [ 32.538129057188051, 0.314653742192531 ], [ 32.538136195751143, 0.314639465066338 ], [ 32.538143334314242, 0.314625187940144 ], [ 32.538157611440433, 0.314618049377048 ], [ 32.538157611440433, 0.314596633687758 ], [ 32.538179027129729, 0.314560940872274 ], [ 32.53819330425592, 0.314532386619888 ], [ 32.538221858508308, 0.314489555241307 ], [ 32.538236135634499, 0.314453862425824 ], [ 32.538250412760689, 0.314439585299631 ], [ 32.538257551323788, 0.314425308173437 ], [ 32.538271828449986, 0.314403892484147 ], [ 32.538278967013078, 0.314389615357954 ], [ 32.538286105576177, 0.314368199668664 ], [ 32.538300382702367, 0.314353922542471 ], [ 32.538300382702367, 0.31433250685318 ], [ 32.538328936954755, 0.314296814037697 ], [ 32.538350352644045, 0.314282536911504 ], [ 32.538350352644045, 0.314261121222214 ], [ 32.538364629770243, 0.31424684409602 ], [ 32.538371768333334, 0.31422542840673 ], [ 32.538386045459532, 0.314211151280537 ], [ 32.538393184022624, 0.314196874154343 ], [ 32.538407461148822, 0.31418259702815 ], [ 32.538421738275012, 0.314168319901957 ], [ 32.538436015401203, 0.31416118133886 ], [ 32.538478846779789, 0.314146904212667 ], [ 32.53849312390598, 0.314125488523377 ], [ 32.538535955284559, 0.31409693427099 ], [ 32.538585925226236, 0.314082657144797 ], [ 32.538600202352427, 0.314082657144797 ], [ 32.538621618041724, 0.3140755185817 ], [ 32.538643033731013, 0.314068380018603 ], [ 32.538657310857204, 0.314061241455507 ], [ 32.538678726546493, 0.314061241455507 ], [ 32.538700142235783, 0.31405410289241 ], [ 32.53873583505127, 0.31405410289241 ], [ 32.538764389303651, 0.314046964329313 ], [ 32.538778666429849, 0.314046964329313 ], [ 32.538800082119138, 0.314039825766217 ], [ 32.538814359245329, 0.31403268720312 ], [ 32.538828636371527, 0.31403268720312 ], [ 32.538842913497717, 0.314025548640023 ], [ 32.538857190623908, 0.314018410076926 ], [ 32.538907160565586, 0.31398985582454 ], [ 32.538935714817974, 0.31398985582454 ], [ 32.538992823322751, 0.31396844013525 ], [ 32.539007100448941, 0.31396844013525 ], [ 32.53903565470133, 0.313939885882863 ], [ 32.53904993182752, 0.313939885882863 ], [ 32.53907134751681, 0.313939885882863 ], [ 32.539085624643008, 0.31392560875667 ], [ 32.539099901769198, 0.313918470193573 ], [ 32.539114178895389, 0.313918470193573 ], [ 32.539128456021587, 0.313911331630476 ], [ 32.539149871710876, 0.313875638814993 ], [ 32.539178425963264, 0.313861361688799 ], [ 32.539199841652554, 0.313861361688799 ], [ 32.539206980215646, 0.313847084562606 ], [ 32.539221257341843, 0.313839945999509 ], [ 32.539235534468034, 0.313825668873316 ], [ 32.539242673031133, 0.313811391747123 ], [ 32.539256950157323, 0.313811391747123 ], [ 32.539271227283521, 0.313804253184026 ], [ 32.539285504409712, 0.313797114620929 ], [ 32.539299781535902, 0.313789976057833 ], [ 32.5393140586621, 0.313789976057833 ], [ 32.539328335788291, 0.313789976057833 ], [ 32.539342612914481, 0.313789976057833 ], [ 32.539364028603778, 0.313789976057833 ], [ 32.539378305729969, 0.313797114620929 ], [ 32.539392582856159, 0.313804253184026 ], [ 32.539413998545449, 0.313825668873316 ], [ 32.539435414234745, 0.313847084562606 ], [ 32.539449691360936, 0.313847084562606 ], [ 32.539456829924035, 0.313861361688799 ], [ 32.539471107050225, 0.313868500251896 ], [ 32.539499661302614, 0.313897054504283 ], [ 32.539535354118094, 0.313939885882863 ], [ 32.539549631244292, 0.313954163009056 ], [ 32.539563908370482, 0.313975578698346 ], [ 32.539571046933581, 0.313996994387636 ], [ 32.539578185496673, 0.31401127151383 ], [ 32.539585324059772, 0.31403268720312 ], [ 32.539592462622871, 0.31405410289241 ], [ 32.539606739749061, 0.314068380018603 ], [ 32.53961387831216, 0.31411834996028 ], [ 32.539621016875259, 0.314189735591247 ], [ 32.539628155438351, 0.31422542840673 ], [ 32.539635294001449, 0.314253982659117 ], [ 32.539642432564548, 0.314296814037697 ], [ 32.53964957112764, 0.314325368290084 ], [ 32.53964957112764, 0.314339645416277 ], [ 32.539656709690739, 0.314353922542471 ], [ 32.539656709690739, 0.314368199668664 ], [ 32.539656709690739, 0.314396753921051 ], [ 32.539656709690739, 0.314411031047244 ], [ 32.539656709690739, 0.314425308173437 ], [ 32.539656709690739, 0.314439585299631 ], [ 32.539656709690739, 0.314453862425824 ], [ 32.539656709690739, 0.314468139552017 ], [ 32.539656709690739, 0.314489555241307 ], [ 32.539656709690739, 0.314510970930597 ], [ 32.539663848253838, 0.314532386619888 ], [ 32.539663848253838, 0.314560940872274 ], [ 32.539663848253838, 0.314582356561564 ], [ 32.539663848253838, 0.314596633687758 ], [ 32.539678125380028, 0.314632326503241 ], [ 32.539685263943127, 0.314646603629434 ], [ 32.539685263943127, 0.314668019318725 ], [ 32.539692402506219, 0.314682296444918 ], [ 32.539699541069318, 0.314696573571111 ], [ 32.539699541069318, 0.314717989260401 ], [ 32.539706679632417, 0.314732266386595 ], [ 32.539713818195516, 0.314746543512788 ], [ 32.539720956758607, 0.314767959202078 ], [ 32.539735233884805, 0.314796513454465 ], [ 32.539742372447897, 0.314825067706851 ], [ 32.539749511010996, 0.314846483396142 ], [ 32.539749511010996, 0.314860760522335 ], [ 32.539749511010996, 0.314875037648528 ], [ 32.539756649574095, 0.314889314774722 ], [ 32.539763788137186, 0.314903591900915 ], [ 32.539770926700285, 0.314925007590205 ], [ 32.539778065263384, 0.314946423279495 ], [ 32.539785203826476, 0.314967838968785 ], [ 32.539785203826476, 0.314982116094979 ], [ 32.539799480952674, 0.314996393221172 ], [ 32.539813758078864, 0.315017808910462 ], [ 32.539813758078864, 0.315039224599752 ], [ 32.539820896641963, 0.315053501725945 ], [ 32.539828035205062, 0.315074917415235 ], [ 32.539835173768154, 0.315089194541429 ], [ 32.539842312331253, 0.315110610230719 ], [ 32.539842312331253, 0.315132025920009 ], [ 32.539849450894351, 0.315153441609299 ], [ 32.539849450894351, 0.315167718735492 ], [ 32.539849450894351, 0.315181995861686 ], [ 32.539856589457443, 0.315203411550976 ], [ 32.539856589457443, 0.315224827240266 ], [ 32.539856589457443, 0.315246242929556 ], [ 32.539856589457443, 0.315267658618846 ], [ 32.539856589457443, 0.315281935745039 ], [ 32.539856589457443, 0.315296212871232 ], [ 32.539856589457443, 0.315310489997426 ], [ 32.539863728020542, 0.315324767123619 ], [ 32.539870866583641, 0.315346182812909 ], [ 32.539870866583641, 0.315360459939103 ], [ 32.539878005146733, 0.315374737065296 ], [ 32.53989228227293, 0.315389014191489 ], [ 32.539899420836029, 0.315410429880779 ], [ 32.539906559399121, 0.315424707006973 ], [ 32.539920836525319, 0.315438984133166 ], [ 32.539942252214608, 0.315453261259359 ], [ 32.539963667903898, 0.31547467694865 ], [ 32.539977945030088, 0.31549609263794 ], [ 32.539992222156286, 0.315510369764133 ], [ 32.540020776408667, 0.315524646890326 ], [ 32.540042192097957, 0.31553892401652 ], [ 32.540070746350345, 0.315553201142713 ], [ 32.540099300602733, 0.315567478268906 ], [ 32.540134993418214, 0.315567478268906 ], [ 32.5401778247968, 0.315588893958196 ], [ 32.54022779473847, 0.315588893958196 ], [ 32.540256348990859, 0.315596032521293 ], [ 32.540292041806346, 0.315596032521293 ], [ 32.540327734621826, 0.315596032521293 ], [ 32.540356288874214, 0.315596032521293 ], [ 32.540384843126603, 0.315596032521293 ], [ 32.540420535942083, 0.315596032521293 ], [ 32.540441951631372, 0.315596032521293 ], [ 32.540463367320662, 0.315596032521293 ], [ 32.54049192157305, 0.315596032521293 ], [ 32.540534752951629, 0.315596032521293 ], [ 32.540563307204017, 0.315596032521293 ], [ 32.540606138582596, 0.315596032521293 ], [ 32.540634692834985, 0.315596032521293 ], [ 32.540656108524274, 0.315596032521293 ], [ 32.540691801339754, 0.315588893958196 ], [ 32.540720355592143, 0.3155817553951 ], [ 32.54073463271834, 0.315574616832003 ], [ 32.54075604840763, 0.315567478268906 ], [ 32.540777464096919, 0.31556033970581 ], [ 32.5408131569124, 0.315553201142713 ], [ 32.540834572601689, 0.315546062579616 ], [ 32.540855988290978, 0.315531785453423 ], [ 32.540870265417176, 0.315531785453423 ], [ 32.540891681106466, 0.315524646890326 ], [ 32.540934512485045, 0.315488954074843 ], [ 32.540955928174334, 0.315488954074843 ], [ 32.540984482426722, 0.315467538385553 ], [ 32.541020175242203, 0.315453261259359 ], [ 32.541041590931492, 0.315453261259359 ], [ 32.54107014518388, 0.315446122696263 ], [ 32.541105837999368, 0.315424707006973 ], [ 32.541120115125558, 0.315424707006973 ], [ 32.541141530814848, 0.315417568443876 ], [ 32.541162946504137, 0.315410429880779 ], [ 32.541177223630335, 0.315410429880779 ], [ 32.541184362193427, 0.315424707006973 ], [ 32.541191500756526, 0.315446122696263 ], [ 32.541198639319624, 0.315467538385553 ], [ 32.541220055008914, 0.31549609263794 ], [ 32.541234332135105, 0.315510369764133 ], [ 32.541241470698203, 0.315531785453423 ], [ 32.541262886387493, 0.315531785453423 ], [ 32.541270024950592, 0.315553201142713 ], [ 32.541291440639881, 0.315567478268906 ], [ 32.541312856329171, 0.315596032521293 ], [ 32.541327133455361, 0.31562458677368 ], [ 32.541341410581559, 0.31564600246297 ], [ 32.541362826270849, 0.315660279589163 ], [ 32.541362826270849, 0.315681695278453 ], [ 32.541377103397039, 0.315681695278453 ], [ 32.541377103397039, 0.315695972404647 ], [ 32.541405657649427, 0.31571024953084 ], [ 32.541434211901816, 0.31575308090942 ], [ 32.541448489028006, 0.31577449659871 ], [ 32.541491320406585, 0.315788773724903 ], [ 32.541548428911362, 0.315810189414194 ], [ 32.541612675979231, 0.315845882229677 ], [ 32.541641230231619, 0.31586015935587 ], [ 32.541669784484, 0.31588157504516 ], [ 32.541698338736389, 0.315895852171354 ], [ 32.541719754425678, 0.315895852171354 ], [ 32.541748308678066, 0.315917267860644 ], [ 32.541762585804257, 0.315938683549934 ], [ 32.541784001493554, 0.315952960676127 ], [ 32.541798278619744, 0.315960099239224 ], [ 32.541812555745935, 0.315981514928514 ], [ 32.541833971435224, 0.315995792054707 ], [ 32.541855387124514, 0.316010069180901 ], [ 32.54187680281381, 0.316024346307094 ], [ 32.541883941376902, 0.316038623433287 ], [ 32.541891079940001, 0.316052900559481 ], [ 32.5418982185031, 0.316067177685674 ], [ 32.541919634192389, 0.316074316248771 ], [ 32.54193391131858, 0.316081454811867 ], [ 32.54193391131858, 0.316102870501157 ], [ 32.541948188444771, 0.316110009064254 ], [ 32.541948188444771, 0.316124286190448 ], [ 32.541969604134067, 0.316138563316641 ], [ 32.541991019823357, 0.316152840442834 ], [ 32.541998158386448, 0.316174256132124 ], [ 32.541998158386448, 0.316188533258318 ], [ 32.542019574075738, 0.316209948947608 ], [ 32.542033851201936, 0.316224226073801 ], [ 32.542033851201936, 0.316238503199994 ], [ 32.542040989765027, 0.316252780326188 ], [ 32.542062405454324, 0.316281334578575 ], [ 32.542076682580515, 0.316295611704768 ], [ 32.542098098269804, 0.316317027394058 ], [ 32.542105236832903, 0.316331304520251 ], [ 32.542119513959094, 0.316352720209541 ], [ 32.542133791085284, 0.316388413025025 ], [ 32.542148068211482, 0.316402690151218 ], [ 32.542162345337672, 0.316424105840508 ], [ 32.542169483900771, 0.316438382966702 ], [ 32.542183761026962, 0.316452660092895 ], [ 32.542219453842449, 0.316474075782185 ], [ 32.542240869531739, 0.316488352908378 ], [ 32.542255146657929, 0.316502630034572 ], [ 32.542276562347219, 0.316524045723862 ], [ 32.542305116599607, 0.316531184286958 ], [ 32.542326532288897, 0.316545461413152 ], [ 32.542362225104384, 0.316552599976248 ], [ 32.542397917919864, 0.316566877102442 ], [ 32.542426472172252, 0.316581154228635 ], [ 32.542462164987732, 0.316595431354829 ], [ 32.542483580677022, 0.316595431354829 ], [ 32.542526412055608, 0.316609708481022 ], [ 32.542547827744897, 0.316616847044119 ], [ 32.542590659123476, 0.316616847044119 ], [ 32.542626351938956, 0.316623985607215 ], [ 32.542654906191345, 0.316623985607215 ], [ 32.542669183317535, 0.316631124170312 ], [ 32.542697737569924, 0.316638262733409 ], [ 32.542719153259213, 0.316666816985795 ], [ 32.542747707511602, 0.316673955548892 ], [ 32.542769123200891, 0.316695371238182 ], [ 32.542790538890181, 0.316709648364375 ], [ 32.542797677453279, 0.316723925490569 ], [ 32.54281195457947, 0.316723925490569 ], [ 32.542826231705668, 0.316738202616762 ], [ 32.542854785958049, 0.316759618306052 ], [ 32.542861924521148, 0.316773895432246 ], [ 32.542876201647346, 0.316781033995342 ], [ 32.542883340210437, 0.316795311121536 ], [ 32.542897617336635, 0.316809588247729 ], [ 32.542911894462826, 0.316823865373922 ], [ 32.542911894462826, 0.316838142500116 ], [ 32.542926171589016, 0.316838142500116 ], [ 32.542926171589016, 0.316852419626309 ], [ 32.542926171589016, 0.316866696752502 ], [ 32.542926171589016, 0.316880973878696 ], [ 32.542926171589016, 0.316895251004889 ], [ 32.542940448715214, 0.316895251004889 ], [ 32.542969002967602, 0.316902389567986 ], [ 32.542990418656892, 0.316909528131083 ], [ 32.543004695783083, 0.316909528131083 ], [ 32.543026111472372, 0.316916666694179 ], [ 32.543047527161661, 0.316916666694179 ], [ 32.543068942850951, 0.316930943820373 ], [ 32.54309035854024, 0.316930943820373 ], [ 32.543126051355728, 0.316938082383469 ], [ 32.543161744171208, 0.316938082383469 ], [ 32.543161744171208, 0.316952359509663 ], [ 32.543183159860497, 0.316952359509663 ], [ 32.543183159860497, 0.316966636635856 ], [ 32.543190298423596, 0.316980913762049 ], [ 32.543197436986695, 0.316995190888243 ], [ 32.543204575549787, 0.317023745140629 ], [ 32.543218852675984, 0.317052299393016 ], [ 32.543218852675984, 0.317066576519209 ], [ 32.543225991239076, 0.317080853645403 ], [ 32.543225991239076, 0.31710940789779 ], [ 32.543233129802175, 0.317123685023983 ], [ 32.543233129802175, 0.317145100713273 ], [ 32.543233129802175, 0.317159377839466 ], [ 32.543233129802175, 0.31717365496566 ], [ 32.543233129802175, 0.31719507065495 ], [ 32.543233129802175, 0.317223624907337 ], [ 32.543225991239076, 0.317245040596627 ], [ 32.543225991239076, 0.317273594849013 ], [ 32.543218852675984, 0.317295010538303 ], [ 32.543211714112886, 0.317330703353787 ], [ 32.543190298423596, 0.317373534732367 ], [ 32.543176021297405, 0.317402088984754 ], [ 32.543154605608116, 0.31743064323714 ], [ 32.543154605608116, 0.317444920363334 ], [ 32.543147467045017, 0.317487751741914 ], [ 32.543140328481918, 0.317509167431204 ], [ 32.543140328481918, 0.317523444557397 ], [ 32.543126051355728, 0.317544860246687 ], [ 32.543118912792629, 0.317559137372881 ], [ 32.54311177422953, 0.317587691625267 ], [ 32.54311177422953, 0.317609107314557 ], [ 32.543104635666438, 0.317630523003847 ], [ 32.543097497103339, 0.317644800130041 ], [ 32.54309035854024, 0.317666215819331 ], [ 32.54309035854024, 0.317694770071717 ], [ 32.54309035854024, 0.317716185761008 ], [ 32.543083219977149, 0.317730462887201 ], [ 32.54307608141405, 0.317744740013394 ], [ 32.543068942850951, 0.317766155702684 ], [ 32.543061804287859, 0.317780432828878 ], [ 32.54305466572476, 0.317794709955071 ], [ 32.543040388598563, 0.317823264207458 ], [ 32.543033250035471, 0.317837541333651 ], [ 32.543026111472372, 0.317851818459845 ], [ 32.542997557219984, 0.317873234149135 ], [ 32.542997557219984, 0.317916065527715 ], [ 32.542990418656892, 0.317951758343198 ], [ 32.542983280093793, 0.317980312595585 ], [ 32.542976141530694, 0.318001728284875 ], [ 32.542969002967602, 0.318023143974165 ], [ 32.542969002967602, 0.318044559663455 ], [ 32.542969002967602, 0.318058836789648 ], [ 32.542969002967602, 0.318080252478938 ], [ 32.542969002967602, 0.318101668168228 ], [ 32.542969002967602, 0.318115945294422 ], [ 32.542969002967602, 0.318144499546808 ], [ 32.542969002967602, 0.318173053799195 ], [ 32.542969002967602, 0.318208746614679 ], [ 32.542969002967602, 0.318230162303969 ], [ 32.542969002967602, 0.318272993682549 ], [ 32.542969002967602, 0.318294409371839 ], [ 32.542969002967602, 0.318330102187322 ], [ 32.542976141530694, 0.318358656439709 ], [ 32.542990418656892, 0.318422903507579 ], [ 32.542990418656892, 0.318472873449256 ], [ 32.542990418656892, 0.318494289138546 ], [ 32.542990418656892, 0.318522843390933 ], [ 32.542990418656892, 0.318558536206416 ], [ 32.542990418656892, 0.318594229021899 ], [ 32.542990418656892, 0.318622783274286 ], [ 32.542983280093793, 0.318658476089769 ], [ 32.542969002967602, 0.31870130746835 ], [ 32.542969002967602, 0.318715584594543 ], [ 32.542969002967602, 0.318751277410026 ], [ 32.542961864404504, 0.318779831662413 ], [ 32.542954725841405, 0.318822663040993 ], [ 32.542954725841405, 0.318844078730283 ], [ 32.542947587278306, 0.31887263298267 ], [ 32.542940448715214, 0.318901187235057 ], [ 32.542940448715214, 0.318929741487443 ], [ 32.542940448715214, 0.318944018613637 ], [ 32.542940448715214, 0.31895829573983 ], [ 32.542933310152115, 0.31897971142912 ], [ 32.542919033025925, 0.318993988555314 ], [ 32.542911894462826, 0.319008265681507 ], [ 32.542897617336635, 0.3190225428077 ], [ 32.542883340210437, 0.319029681370797 ], [ 32.542869063084247, 0.319036819933894 ], [ 32.542854785958049, 0.31904395849699 ], [ 32.542840508831858, 0.319051097060087 ], [ 32.542826231705668, 0.319072512749377 ], [ 32.542783400327089, 0.319101067001764 ], [ 32.542747707511602, 0.319122482691054 ], [ 32.542719153259213, 0.319136759817247 ], [ 32.542690599006832, 0.319151036943441 ], [ 32.542647767628246, 0.319179591195827 ], [ 32.542626351938956, 0.319186729758924 ], [ 32.542612074812766, 0.319193868322021 ], [ 32.542590659123476, 0.319201006885117 ], [ 32.542569243434187, 0.319208145448214 ], [ 32.542547827744897, 0.319222422574407 ], [ 32.54251213492941, 0.319236699700601 ], [ 32.542490719240121, 0.319236699700601 ], [ 32.542469303550831, 0.319243838263697 ], [ 32.542455026424641, 0.319250976826794 ], [ 32.542433610735351, 0.319258115389891 ], [ 32.542419333609153, 0.319258115389891 ], [ 32.542390779356765, 0.319265253952987 ], [ 32.542362225104384, 0.319279531079181 ], [ 32.542340809415094, 0.319286669642277 ], [ 32.542326532288897, 0.319293808205374 ], [ 32.542305116599607, 0.319300946768471 ], [ 32.542269423784127, 0.319308085331568 ], [ 32.542240869531739, 0.319315223894664 ], [ 32.54221231527935, 0.319322362457761 ], [ 32.542190899590061, 0.319329501020858 ], [ 32.542169483900771, 0.319336639583954 ], [ 32.542148068211482, 0.319343778147051 ], [ 32.542133791085284, 0.319350916710148 ], [ 32.542112375395995, 0.319358055273244 ], [ 32.542090959706705, 0.319372332399438 ], [ 32.542076682580515, 0.319379470962534 ], [ 32.542055266891225, 0.319386609525631 ], [ 32.542040989765027, 0.319393748088728 ], [ 32.542026712638837, 0.319393748088728 ], [ 32.542012435512646, 0.319393748088728 ], [ 32.541991019823357, 0.319393748088728 ], [ 32.541976742697159, 0.319393748088728 ], [ 32.54191249562929, 0.319372332399438 ], [ 32.541848248561422, 0.319379470962534 ], [ 32.541819694309034, 0.319379470962534 ], [ 32.541798278619744, 0.319386609525631 ], [ 32.541755447241165, 0.319393748088728 ], [ 32.541734031551876, 0.319400886651824 ], [ 32.541698338736389, 0.319415163778018 ], [ 32.541676923047099, 0.319422302341114 ], [ 32.54165550735781, 0.319443718030404 ], [ 32.541626953105421, 0.319443718030404 ], [ 32.541598398853033, 0.319465133719695 ], [ 32.541591260289941, 0.319479410845888 ], [ 32.541576983163743, 0.319493687972081 ], [ 32.541562706037553, 0.319493687972081 ], [ 32.541548428911362, 0.319522242224468 ], [ 32.541527013222073, 0.319522242224468 ], [ 32.541512736095875, 0.319529380787565 ], [ 32.541498458969684, 0.319529380787565 ], [ 32.541484181843487, 0.319536519350661 ], [ 32.541469904717296, 0.319536519350661 ], [ 32.541448489028006, 0.319543657913758 ], [ 32.541434211901816, 0.319550796476855 ], [ 32.541405657649427, 0.319557935039951 ], [ 32.54139138052323, 0.319572212166145 ], [ 32.541377103397039, 0.319572212166145 ], [ 32.541362826270849, 0.319572212166145 ], [ 32.54133427201846, 0.319565073603048 ], [ 32.541327133455361, 0.319543657913758 ], [ 32.541305717766072, 0.319529380787565 ], [ 32.541291440639881, 0.319522242224468 ], [ 32.541277163513683, 0.319500826535178 ], [ 32.541255747824394, 0.319472272282791 ], [ 32.541234332135105, 0.319436579467308 ], [ 32.541220055008914, 0.319408025214921 ], [ 32.541191500756526, 0.319379470962534 ], [ 32.541162946504137, 0.319336639583954 ], [ 32.541162946504137, 0.319300946768471 ], [ 32.541134392251749, 0.319265253952987 ], [ 32.541112976562459, 0.319229561137504 ], [ 32.541098699436269, 0.319201006885117 ], [ 32.541098699436269, 0.319179591195827 ], [ 32.54107014518388, 0.319151036943441 ], [ 32.54105586805769, 0.319129621254151 ], [ 32.541041590931492, 0.319115344127957 ], [ 32.541041590931492, 0.319093928438667 ], [ 32.541027313805301, 0.31908678987557 ], [ 32.541020175242203, 0.319058235623184 ], [ 32.5410344523684, 0.319036819933894 ], [ 32.5410344523684, 0.319015404244604 ], [ 32.5410344523684, 0.318993988555314 ], [ 32.5410344523684, 0.318972572866023 ], [ 32.541048729494591, 0.318944018613637 ], [ 32.541048729494591, 0.318929741487443 ], [ 32.541048729494591, 0.31891546436125 ], [ 32.541048729494591, 0.318901187235057 ], [ 32.541048729494591, 0.318886910108863 ], [ 32.54105586805769, 0.31887263298267 ], [ 32.54105586805769, 0.31885121729338 ], [ 32.54105586805769, 0.31882980160409 ], [ 32.54105586805769, 0.318815524477897 ], [ 32.541063006620789, 0.318801247351703 ], [ 32.54109156087317, 0.318779831662413 ], [ 32.54109156087317, 0.318751277410026 ], [ 32.541098699436269, 0.318737000283833 ], [ 32.541112976562459, 0.31872272315764 ], [ 32.541120115125558, 0.318708446031446 ], [ 32.541120115125558, 0.318694168905253 ], [ 32.541105837999368, 0.318672753215963 ], [ 32.54109156087317, 0.318665614652866 ], [ 32.54107014518388, 0.318651337526673 ], [ 32.541041590931492, 0.318644198963576 ], [ 32.541020175242203, 0.318644198963576 ], [ 32.540998759552913, 0.318644198963576 ], [ 32.540963066737433, 0.318644198963576 ], [ 32.540934512485045, 0.318644198963576 ], [ 32.540891681106466, 0.318644198963576 ], [ 32.540820295475498, 0.318694168905253 ], [ 32.540770325533821, 0.318708446031446 ], [ 32.540741771281432, 0.318708446031446 ], [ 32.540713217029051, 0.318729861720736 ], [ 32.540684662776663, 0.31874413884693 ], [ 32.540656108524274, 0.31874413884693 ], [ 32.540641831398084, 0.31876555453622 ], [ 32.540606138582596, 0.318779831662413 ], [ 32.540599000019498, 0.318801247351703 ], [ 32.540584722893307, 0.318822663040993 ], [ 32.540577584330208, 0.318836940167187 ], [ 32.540563307204017, 0.318858355856477 ], [ 32.540556168640919, 0.31887263298267 ], [ 32.540549030077827, 0.31885121729338 ], [ 32.540541891514728, 0.318836940167187 ], [ 32.540534752951629, 0.318822663040993 ], [ 32.540527614388537, 0.3188083859148 ], [ 32.540520475825438, 0.31878697022551 ], [ 32.540506198699241, 0.318758415973123 ], [ 32.540506198699241, 0.31874413884693 ], [ 32.540506198699241, 0.318729861720736 ], [ 32.540499060136149, 0.318715584594543 ], [ 32.54049192157305, 0.318694168905253 ], [ 32.54047764444686, 0.318658476089769 ], [ 32.54047764444686, 0.318629921837383 ], [ 32.540470505883761, 0.318615644711189 ], [ 32.540463367320662, 0.318594229021899 ], [ 32.54045622875757, 0.318572813332609 ], [ 32.540449090194471, 0.318551397643319 ], [ 32.540420535942083, 0.318522843390933 ], [ 32.540420535942083, 0.318501427701643 ], [ 32.540399120252793, 0.318472873449256 ], [ 32.540399120252793, 0.318451457759966 ], [ 32.540384843126603, 0.318430042070676 ], [ 32.540370566000405, 0.318401487818289 ], [ 32.540363427437313, 0.318380072128999 ], [ 32.540363427437313, 0.318365795002806 ], [ 32.540363427437313, 0.318344379313516 ], [ 32.540370566000405, 0.318315825061129 ], [ 32.540399120252793, 0.318315825061129 ], [ 32.540413397378984, 0.318308686498032 ], [ 32.540427674505182, 0.318301547934935 ], [ 32.540441951631372, 0.318294409371839 ], [ 32.540470505883761, 0.318280132245645 ], [ 32.540484783009951, 0.318272993682549 ], [ 32.54051333726234, 0.318251577993259 ], [ 32.540534752951629, 0.318237300867065 ], [ 32.540556168640919, 0.318230162303969 ], [ 32.540570445767116, 0.318223023740872 ], [ 32.540591861456406, 0.318208746614679 ], [ 32.540606138582596, 0.318194469488485 ], [ 32.540634692834985, 0.318173053799195 ], [ 32.540656108524274, 0.318173053799195 ], [ 32.540677524213564, 0.318158776673002 ], [ 32.540691801339754, 0.318151638109905 ], [ 32.540706078465952, 0.318137360983712 ], [ 32.540727494155242, 0.318130222420615 ], [ 32.54075604840763, 0.318101668168228 ], [ 32.54075604840763, 0.318073113915842 ], [ 32.540777464096919, 0.318065975352745 ], [ 32.540777464096919, 0.318051698226552 ], [ 32.540784602660011, 0.318037421100358 ], [ 32.540798879786209, 0.318023143974165 ], [ 32.540798879786209, 0.318008866847971 ], [ 32.540806018349308, 0.317987451158681 ], [ 32.540820295475498, 0.317966035469391 ], [ 32.540820295475498, 0.317951758343198 ], [ 32.540827434038597, 0.317937481217005 ], [ 32.540834572601689, 0.317916065527715 ], [ 32.540841711164788, 0.317901788401521 ], [ 32.540848849727887, 0.317880372712231 ], [ 32.540855988290978, 0.317851818459845 ], [ 32.540863126854077, 0.317830402770554 ], [ 32.540863126854077, 0.317808987081264 ], [ 32.540870265417176, 0.317787571391974 ], [ 32.540870265417176, 0.317766155702684 ], [ 32.540870265417176, 0.317730462887201 ], [ 32.540870265417176, 0.317716185761008 ], [ 32.540855988290978, 0.317694770071717 ], [ 32.540848849727887, 0.317680492945524 ], [ 32.540848849727887, 0.317659077256234 ], [ 32.540841711164788, 0.317637661566944 ], [ 32.540834572601689, 0.317616245877654 ], [ 32.540827434038597, 0.317601968751461 ], [ 32.5408131569124, 0.317587691625267 ], [ 32.540806018349308, 0.317566275935977 ], [ 32.540798879786209, 0.317544860246687 ], [ 32.540770325533821, 0.317523444557397 ], [ 32.54075604840763, 0.31749489030501 ], [ 32.54073463271834, 0.31747347461572 ], [ 32.540713217029051, 0.317459197489527 ], [ 32.540698939902853, 0.317444920363334 ], [ 32.540684662776663, 0.317423504674044 ], [ 32.540670385650465, 0.317402088984754 ], [ 32.540656108524274, 0.31738781185856 ], [ 32.540641831398084, 0.317373534732367 ], [ 32.540627554271886, 0.317359257606173 ], [ 32.540606138582596, 0.31734498047998 ], [ 32.540591861456406, 0.31732356479069 ], [ 32.540577584330208, 0.3173021491014 ], [ 32.540549030077827, 0.317287871975207 ], [ 32.540541891514728, 0.317273594849013 ], [ 32.540527614388537, 0.31725931772282 ], [ 32.540499060136149, 0.317252179159723 ], [ 32.54049192157305, 0.31723790203353 ], [ 32.540470505883761, 0.31723790203353 ], [ 32.540463367320662, 0.317223624907337 ], [ 32.540441951631372, 0.317223624907337 ], [ 32.540427674505182, 0.31721648634424 ], [ 32.540413397378984, 0.31721648634424 ], [ 32.540384843126603, 0.317209347781143 ], [ 32.540363427437313, 0.317209347781143 ], [ 32.540342011748024, 0.317209347781143 ], [ 32.540320596058727, 0.317209347781143 ], [ 32.540292041806346, 0.317209347781143 ], [ 32.540249210427767, 0.31721648634424 ], [ 32.54022779473847, 0.317223624907337 ], [ 32.540206379049181, 0.317230763470433 ], [ 32.540184963359891, 0.31723790203353 ], [ 32.540163547670602, 0.317245040596627 ], [ 32.540142131981312, 0.317245040596627 ], [ 32.540099300602733, 0.317252179159723 ], [ 32.540077884913444, 0.31725931772282 ], [ 32.540042192097957, 0.31728073341211 ], [ 32.540013637845576, 0.317287871975207 ], [ 32.539977945030088, 0.317295010538303 ], [ 32.539956529340799, 0.3173021491014 ], [ 32.539927975088411, 0.317309287664497 ], [ 32.53991369796222, 0.317316426227593 ], [ 32.539878005146733, 0.317316426227593 ], [ 32.539856589457443, 0.317316426227593 ], [ 32.539835173768154, 0.317316426227593 ], [ 32.539813758078864, 0.317316426227593 ], [ 32.539799480952674, 0.317330703353787 ], [ 32.539785203826476, 0.317337841916883 ], [ 32.539770926700285, 0.317337841916883 ], [ 32.539756649574095, 0.317352119043077 ], [ 32.539735233884805, 0.31736639616927 ], [ 32.539728095321706, 0.31738781185856 ], [ 32.539720956758607, 0.31740922754785 ], [ 32.539699541069318, 0.31743064323714 ], [ 32.539678125380028, 0.317437781800237 ], [ 32.539656709690739, 0.317459197489527 ], [ 32.539642432564548, 0.31747347461572 ], [ 32.539635294001449, 0.317487751741914 ], [ 32.539628155438351, 0.317509167431204 ], [ 32.539599601185962, 0.317530583120494 ], [ 32.539585324059772, 0.317544860246687 ], [ 32.539563908370482, 0.317559137372881 ], [ 32.539549631244292, 0.317566275935977 ], [ 32.539535354118094, 0.317573414499074 ], [ 32.539528215555002, 0.317587691625267 ], [ 32.539513938428804, 0.317616245877654 ], [ 32.539506799865705, 0.317630523003847 ], [ 32.539506799865705, 0.317651938693137 ], [ 32.539506799865705, 0.317666215819331 ], [ 32.539506799865705, 0.317687631508621 ], [ 32.539506799865705, 0.317709047197911 ], [ 32.539506799865705, 0.317730462887201 ], [ 32.539513938428804, 0.317751878576491 ], [ 32.539521076991903, 0.317766155702684 ], [ 32.539528215555002, 0.317780432828878 ], [ 32.539542492681193, 0.317787571391974 ], [ 32.539571046933581, 0.317801848518168 ], [ 32.539585324059772, 0.317816125644361 ], [ 32.539599601185962, 0.317823264207458 ], [ 32.53961387831216, 0.317830402770554 ], [ 32.539628155438351, 0.317837541333651 ], [ 32.539642432564548, 0.317837541333651 ], [ 32.539656709690739, 0.317851818459845 ], [ 32.539678125380028, 0.317858957022941 ], [ 32.539692402506219, 0.317873234149135 ], [ 32.539706679632417, 0.317887511275328 ], [ 32.539728095321706, 0.317908926964618 ], [ 32.539728095321706, 0.317923204090811 ], [ 32.539735233884805, 0.317944619780101 ], [ 32.539749511010996, 0.317958896906295 ], [ 32.539756649574095, 0.317973174032488 ], [ 32.539756649574095, 0.317987451158681 ], [ 32.539770926700285, 0.318008866847971 ], [ 32.539778065263384, 0.318023143974165 ], [ 32.539799480952674, 0.318051698226552 ], [ 32.539828035205062, 0.318087391042035 ], [ 32.539842312331253, 0.318115945294422 ], [ 32.539863728020542, 0.318144499546808 ], [ 32.539885143709832, 0.318180192362292 ], [ 32.53991369796222, 0.318215885177775 ], [ 32.539927975088411, 0.318237300867065 ], [ 32.539935113651509, 0.318251577993259 ], [ 32.539942252214608, 0.318265855119452 ], [ 32.539956529340799, 0.318272993682549 ], [ 32.539970806466989, 0.318287270808742 ], [ 32.539985083593187, 0.318287270808742 ], [ 32.539992222156286, 0.318308686498032 ], [ 32.539999360719378, 0.318337240750419 ], [ 32.540006499282477, 0.318351517876612 ], [ 32.540020776408667, 0.318358656439709 ], [ 32.540035053534865, 0.318365795002806 ], [ 32.540035053534865, 0.318380072128999 ], [ 32.540035053534865, 0.318401487818289 ], [ 32.540042192097957, 0.318430042070676 ], [ 32.540042192097957, 0.318444319196869 ], [ 32.540042192097957, 0.318465734886159 ], [ 32.540027914971766, 0.318487150575449 ], [ 32.540020776408667, 0.318501427701643 ], [ 32.539999360719378, 0.318515704827836 ], [ 32.539992222156286, 0.318544259080223 ], [ 32.539985083593187, 0.318558536206416 ], [ 32.539970806466989, 0.318579951895706 ], [ 32.539963667903898, 0.318601367584996 ], [ 32.5399493907777, 0.318629921837383 ], [ 32.539935113651509, 0.318644198963576 ], [ 32.539927975088411, 0.318658476089769 ], [ 32.53991369796222, 0.318658476089769 ], [ 32.539899420836029, 0.318665614652866 ], [ 32.539885143709832, 0.318665614652866 ], [ 32.539870866583641, 0.318665614652866 ], [ 32.539849450894351, 0.318665614652866 ], [ 32.539828035205062, 0.318665614652866 ], [ 32.539813758078864, 0.318665614652866 ], [ 32.539785203826476, 0.318665614652866 ], [ 32.539756649574095, 0.318672753215963 ], [ 32.539742372447897, 0.318687030342156 ], [ 32.539720956758607, 0.318694168905253 ], [ 32.539699541069318, 0.318708446031446 ], [ 32.539685263943127, 0.318715584594543 ], [ 32.53967098681693, 0.31872272315764 ], [ 32.539656709690739, 0.31872272315764 ], [ 32.539635294001449, 0.318729861720736 ], [ 32.539606739749061, 0.318729861720736 ], [ 32.539578185496673, 0.318729861720736 ], [ 32.539556769807383, 0.31872272315764 ], [ 32.539535354118094, 0.318715584594543 ], [ 32.539513938428804, 0.318708446031446 ], [ 32.539492522739515, 0.318694168905253 ], [ 32.539463968487127, 0.31867989177906 ], [ 32.539435414234745, 0.31867989177906 ], [ 32.539421137108548, 0.31867989177906 ], [ 32.539399721419258, 0.318672753215963 ], [ 32.539385444293067, 0.318658476089769 ], [ 32.53937116716687, 0.318637060400479 ], [ 32.53934975147758, 0.318629921837383 ], [ 32.539342612914481, 0.318615644711189 ], [ 32.5393140586621, 0.318601367584996 ], [ 32.539299781535902, 0.318594229021899 ], [ 32.539285504409712, 0.318594229021899 ], [ 32.539256950157323, 0.318579951895706 ], [ 32.539242673031133, 0.318572813332609 ], [ 32.539199841652554, 0.318558536206416 ], [ 32.539178425963264, 0.318551397643319 ], [ 32.539142733147777, 0.318537120517126 ], [ 32.539078486079909, 0.318508566264739 ], [ 32.53903565470133, 0.318472873449256 ], [ 32.539007100448941, 0.318458596323062 ], [ 32.538964269070362, 0.318444319196869 ], [ 32.538928576254875, 0.318437180633772 ], [ 32.538878606313197, 0.318430042070676 ], [ 32.538814359245329, 0.318415764944482 ], [ 32.538764389303651, 0.318415764944482 ], [ 32.538693003672684, 0.318415764944482 ], [ 32.538621618041724, 0.318430042070676 ], [ 32.538593063789335, 0.318430042070676 ], [ 32.538550232410756, 0.318430042070676 ], [ 32.538485985342881, 0.318430042070676 ], [ 32.538457431090499, 0.318422903507579 ], [ 32.538436015401203, 0.318422903507579 ], [ 32.538386045459532, 0.318415764944482 ], [ 32.538364629770243, 0.318408626381386 ], [ 32.538350352644045, 0.318394349255192 ], [ 32.538321798391657, 0.318394349255192 ], [ 32.538300382702367, 0.318394349255192 ], [ 32.538264689886887, 0.318394349255192 ], [ 32.538236135634499, 0.318387210692096 ], [ 32.538221858508308, 0.318387210692096 ], [ 32.53819330425592, 0.318387210692096 ], [ 32.53817188856663, 0.318380072128999 ], [ 32.538136195751143, 0.318380072128999 ], [ 32.538121918624952, 0.318380072128999 ], [ 32.538100502935663, 0.318380072128999 ], [ 32.538079087246373, 0.318372933565902 ], [ 32.538064810120176, 0.318372933565902 ], [ 32.538043394430886, 0.318372933565902 ], [ 32.538021978741597, 0.318372933565902 ], [ 32.538000563052307, 0.318372933565902 ], [ 32.537986285926117, 0.318372933565902 ], [ 32.537964870236827, 0.318372933565902 ], [ 32.537950593110629, 0.318380072128999 ], [ 32.53792917742134, 0.318408626381386 ], [ 32.537900623168959, 0.318415764944482 ], [ 32.537886346042761, 0.318422903507579 ], [ 32.537864930353471, 0.318451457759966 ], [ 32.537850653227281, 0.318472873449256 ], [ 32.537843514664182, 0.318487150575449 ], [ 32.537843514664182, 0.318501427701643 ], [ 32.537829237537991, 0.318522843390933 ], [ 32.537814960411794, 0.318537120517126 ], [ 32.537807821848702, 0.318551397643319 ], [ 32.537786406159405, 0.318565674769513 ], [ 32.537779267596314, 0.318579951895706 ], [ 32.537764990470116, 0.318587090458803 ], [ 32.537750713343925, 0.318594229021899 ], [ 32.537736436217735, 0.318601367584996 ], [ 32.537722159091537, 0.318601367584996 ], [ 32.537707881965346, 0.318615644711189 ], [ 32.537679327712958, 0.318629921837383 ], [ 32.537665050586767, 0.318629921837383 ], [ 32.537643634897478, 0.318629921837383 ], [ 32.537622219208181, 0.318629921837383 ], [ 32.537600803518892, 0.318629921837383 ], [ 32.537586526392701, 0.318622783274286 ], [ 32.53757224926651, 0.318615644711189 ], [ 32.53757224926651, 0.318601367584996 ], [ 32.53757224926651, 0.318587090458803 ], [ 32.53757224926651, 0.318558536206416 ], [ 32.537579387829602, 0.318529981954029 ], [ 32.537579387829602, 0.318515704827836 ], [ 32.537586526392701, 0.318487150575449 ], [ 32.5375936649558, 0.318472873449256 ], [ 32.5375936649558, 0.318451457759966 ], [ 32.5375936649558, 0.318437180633772 ], [ 32.5375936649558, 0.318415764944482 ], [ 32.5375936649558, 0.318394349255192 ], [ 32.5375936649558, 0.318380072128999 ], [ 32.5375936649558, 0.318365795002806 ], [ 32.5375936649558, 0.318351517876612 ], [ 32.5375936649558, 0.318337240750419 ], [ 32.5375936649558, 0.318322963624225 ], [ 32.5375936649558, 0.318308686498032 ], [ 32.537586526392701, 0.318287270808742 ], [ 32.537565110703412, 0.318265855119452 ], [ 32.537550833577221, 0.318251577993259 ], [ 32.537543695014122, 0.318230162303969 ], [ 32.537529417887924, 0.318215885177775 ], [ 32.537515140761734, 0.318194469488485 ], [ 32.537500863635543, 0.318180192362292 ], [ 32.537486586509345, 0.318173053799195 ], [ 32.537472309383155, 0.318165915236098 ], [ 32.537458032256964, 0.318165915236098 ], [ 32.537443755130766, 0.318165915236098 ], [ 32.537429478004576, 0.318173053799195 ], [ 32.537415200878378, 0.318194469488485 ], [ 32.537408062315286, 0.318223023740872 ], [ 32.537400923752188, 0.318237300867065 ], [ 32.537400923752188, 0.318251577993259 ], [ 32.537400923752188, 0.318265855119452 ], [ 32.537400923752188, 0.318287270808742 ], [ 32.537400923752188, 0.318308686498032 ], [ 32.537400923752188, 0.318322963624225 ], [ 32.537400923752188, 0.318344379313516 ], [ 32.537400923752188, 0.318358656439709 ], [ 32.537400923752188, 0.318372933565902 ], [ 32.537400923752188, 0.318387210692096 ], [ 32.537386646625997, 0.318394349255192 ], [ 32.537372369499799, 0.318394349255192 ], [ 32.537358092373609, 0.318394349255192 ], [ 32.537343815247411, 0.318394349255192 ], [ 32.537322399558121, 0.318394349255192 ], [ 32.537308122431931, 0.318387210692096 ], [ 32.53729384530574, 0.318372933565902 ], [ 32.537286706742641, 0.318358656439709 ], [ 32.537272429616451, 0.318351517876612 ], [ 32.537265291053352, 0.318337240750419 ], [ 32.537258152490253, 0.318322963624225 ], [ 32.537251013927154, 0.318301547934935 ], [ 32.537243875364062, 0.318280132245645 ], [ 32.537236736800963, 0.318265855119452 ], [ 32.537229598237865, 0.318251577993259 ], [ 32.537229598237865, 0.318237300867065 ], [ 32.537222459674773, 0.318223023740872 ], [ 32.537208182548575, 0.318208746614679 ], [ 32.537193905422384, 0.318194469488485 ], [ 32.537172489733095, 0.318187330925389 ], [ 32.537158212606897, 0.318180192362292 ], [ 32.537136796917608, 0.318173053799195 ], [ 32.537108242665226, 0.318158776673002 ], [ 32.537093965539029, 0.318151638109905 ], [ 32.537079688412838, 0.318144499546808 ], [ 32.537058272723549, 0.318137360983712 ], [ 32.537036857034259, 0.318137360983712 ], [ 32.537022579908061, 0.318137360983712 ], [ 32.537008302781871, 0.318137360983712 ], [ 32.53699402565568, 0.318137360983712 ], [ 32.536972609966384, 0.318137360983712 ], [ 32.536958332840193, 0.318137360983712 ], [ 32.536929778587805, 0.318137360983712 ], [ 32.536908362898515, 0.318137360983712 ], [ 32.536894085772325, 0.318137360983712 ], [ 32.536865531519936, 0.318130222420615 ], [ 32.536851254393746, 0.318123083857518 ], [ 32.536836977267548, 0.318108806731325 ], [ 32.536822700141357, 0.318087391042035 ], [ 32.53680842301516, 0.318065975352745 ], [ 32.53678700732587, 0.318094529605132 ], [ 32.536765591636581, 0.318115945294422 ], [ 32.536744175947291, 0.318137360983712 ], [ 32.536744175947291, 0.318158776673002 ], [ 32.536708483131811, 0.318194469488485 ], [ 32.536679928879423, 0.318208746614679 ], [ 32.536665651753232, 0.318230162303969 ], [ 32.536644236063943, 0.318230162303969 ], [ 32.536629958937745, 0.318244439430162 ], [ 32.536615681811554, 0.318251577993259 ], [ 32.536594266122265, 0.318272993682549 ], [ 32.536572850432975, 0.318272993682549 ], [ 32.536551434743686, 0.318280132245645 ], [ 32.536530019054389, 0.318287270808742 ], [ 32.536515741928199, 0.318294409371839 ], [ 32.536494326238909, 0.318301547934935 ], [ 32.53647291054962, 0.318315825061129 ], [ 32.536458633423429, 0.318330102187322 ], [ 32.536437217734132, 0.318337240750419 ], [ 32.536415802044843, 0.318358656439709 ], [ 32.536394386355553, 0.318358656439709 ], [ 32.536387247792462, 0.318372933565902 ], [ 32.536372970666264, 0.318380072128999 ], [ 32.536365832103172, 0.318394349255192 ], [ 32.536358693540073, 0.318408626381386 ], [ 32.536351554976974, 0.318422903507579 ], [ 32.536351554976974, 0.318437180633772 ], [ 32.536337277850784, 0.318444319196869 ], [ 32.536337277850784, 0.318458596323062 ], [ 32.536330139287685, 0.318480012012352 ], [ 32.536330139287685, 0.318501427701643 ], [ 32.536330139287685, 0.318522843390933 ], [ 32.536330139287685, 0.318537120517126 ], [ 32.536330139287685, 0.318551397643319 ], [ 32.536344416413876, 0.318565674769513 ], [ 32.536344416413876, 0.318579951895706 ], [ 32.536344416413876, 0.318601367584996 ], [ 32.536344416413876, 0.318622783274286 ], [ 32.536330139287685, 0.318629921837383 ], [ 32.536315862161494, 0.318637060400479 ], [ 32.536301585035297, 0.318644198963576 ], [ 32.536280169346007, 0.318651337526673 ], [ 32.536251615093619, 0.318672753215963 ], [ 32.536223060841237, 0.318687030342156 ], [ 32.536201645151948, 0.31870130746835 ], [ 32.536180229462659, 0.31870130746835 ], [ 32.536165952336461, 0.31874413884693 ], [ 32.536144536647171, 0.31874413884693 ], [ 32.536144536647171, 0.318758415973123 ], [ 32.536130259520981, 0.318758415973123 ], [ 32.536101705268592, 0.318772693099316 ], [ 32.536087428142395, 0.318779831662413 ], [ 32.536073151016204, 0.318779831662413 ], [ 32.536051735326915, 0.318794108788606 ], [ 32.536037458200724, 0.318801247351703 ], [ 32.536023181074526, 0.318815524477897 ], [ 32.536008903948336, 0.318844078730283 ], [ 32.535994626822138, 0.318865494419573 ], [ 32.535987488259046, 0.318886910108863 ], [ 32.535980349695947, 0.318901187235057 ], [ 32.535980349695947, 0.318922602924347 ], [ 32.535966072569757, 0.318929741487443 ], [ 32.535966072569757, 0.318944018613637 ], [ 32.535966072569757, 0.318965434302927 ], [ 32.535958934006658, 0.31897971142912 ], [ 32.535958934006658, 0.318993988555314 ], [ 32.535951795443559, 0.319008265681507 ], [ 32.535951795443559, 0.3190225428077 ], [ 32.535951795443559, 0.319036819933894 ], [ 32.535944656880467, 0.319058235623184 ], [ 32.535930379754269, 0.31906537418628 ], [ 32.535916102628079, 0.31906537418628 ], [ 32.535816162744723, 0.318929741487443 ] ] ] ] } },
{ "type": "Feature", "properties": { "fid": 10, "class": 1.0 }, "geometry": { "type": "MultiPolygon", "coordinates": [ [ [ [ 32.625388889709477, 0.331031507212133 ], [ 32.625368007551252, 0.331021066133021 ], [ 32.625336684313922, 0.331000183974798 ], [ 32.625315802155697, 0.330968860737463 ], [ 32.625274037839247, 0.330927096421016 ], [ 32.625242714601917, 0.330906214262792 ], [ 32.625200950285468, 0.330885332104569 ], [ 32.625180068127243, 0.330854008867234 ], [ 32.625159185969018, 0.330843567788122 ], [ 32.6251383038108, 0.33083312670901 ], [ 32.625117421652575, 0.330822685629899 ], [ 32.625096539494351, 0.330801803471675 ], [ 32.625075657336126, 0.330801803471675 ], [ 32.625044334098789, 0.330780921313452 ], [ 32.625023451940571, 0.33077048023434 ], [ 32.624992128703234, 0.330760039155229 ], [ 32.624971246545009, 0.330749598076117 ], [ 32.624950364386784, 0.330739156997005 ], [ 32.624908600070341, 0.330728715917893 ], [ 32.624887717912117, 0.330728715917893 ], [ 32.624866835753892, 0.330728715917893 ], [ 32.624856394674779, 0.33070783375967 ], [ 32.624835512516555, 0.33070783375967 ], [ 32.624793748200112, 0.330697392680558 ], [ 32.624762424962775, 0.330697392680558 ], [ 32.62474154280455, 0.330686951601447 ], [ 32.624720660646332, 0.330686951601447 ], [ 32.624678896329883, 0.330676510522335 ], [ 32.624658014171658, 0.330676510522335 ], [ 32.62459536769699, 0.330666069443223 ], [ 32.624564044459653, 0.330655628364112 ], [ 32.624480515826761, 0.330645187285 ], [ 32.624449192589424, 0.330634746205888 ], [ 32.624376105035644, 0.330613864047665 ], [ 32.62431345856097, 0.330592981889441 ], [ 32.624261253165415, 0.33058254081033 ], [ 32.624198606690747, 0.330572099731218 ], [ 32.624156842374298, 0.330561658652106 ], [ 32.624135960216073, 0.330551217572995 ], [ 32.624104636978736, 0.330540776493883 ], [ 32.624083754820518, 0.330540776493883 ], [ 32.624031549424956, 0.330519894335659 ], [ 32.624010667266731, 0.330509453256548 ], [ 32.623958461871176, 0.330509453256548 ], [ 32.623937579712951, 0.330499012177436 ], [ 32.623906256475614, 0.330488571098324 ], [ 32.623874933238284, 0.330488571098324 ], [ 32.623843610000947, 0.330488571098324 ], [ 32.623812286763609, 0.330478130019213 ], [ 32.623780963526279, 0.330467688940101 ], [ 32.623749640288942, 0.330457247860989 ], [ 32.623728758130717, 0.330446806781878 ], [ 32.623686993814268, 0.330436365702766 ], [ 32.623645229497825, 0.330415483544542 ], [ 32.623613906260488, 0.330415483544542 ], [ 32.623582583023151, 0.330405042465431 ], [ 32.623561700864933, 0.330394601386319 ], [ 32.623540818706708, 0.330394601386319 ], [ 32.623519936548483, 0.330384160307207 ], [ 32.623499054390258, 0.330384160307207 ], [ 32.623478172232034, 0.330373719228096 ], [ 32.623457290073816, 0.330352837069872 ], [ 32.623436407915591, 0.330342395990761 ], [ 32.623405084678254, 0.330321513832537 ], [ 32.623373761440916, 0.330311072753425 ], [ 32.623352879282699, 0.330300631674314 ], [ 32.623321556045362, 0.330300631674314 ], [ 32.623290232808024, 0.330300631674314 ], [ 32.623258909570694, 0.330300631674314 ], [ 32.623238027412469, 0.330300631674314 ], [ 32.623206704175132, 0.330300631674314 ], [ 32.623175380937795, 0.330311072753425 ], [ 32.623133616621352, 0.330331954911649 ], [ 32.623102293384015, 0.330363278148984 ], [ 32.623039646909348, 0.330425924623654 ], [ 32.623029205830235, 0.330446806781878 ], [ 32.622997882592898, 0.330478130019213 ], [ 32.622987441513786, 0.330499012177436 ], [ 32.622956118276448, 0.330519894335659 ], [ 32.622935236118231, 0.330530335414771 ], [ 32.622914353960006, 0.330540776493883 ], [ 32.622893471801781, 0.330551217572995 ], [ 32.622872589643556, 0.330572099731218 ], [ 32.622851707485331, 0.330592981889441 ], [ 32.622820384248001, 0.330624305126776 ], [ 32.622799502089777, 0.330645187285 ], [ 32.622789061010664, 0.330666069443223 ], [ 32.622768178852439, 0.330686951601447 ], [ 32.622757737773327, 0.33070783375967 ], [ 32.622736855615109, 0.330728715917893 ], [ 32.622715973456884, 0.330739156997005 ], [ 32.622705532377772, 0.330760039155229 ], [ 32.62269509129866, 0.330780921313452 ], [ 32.622663768061322, 0.330801803471675 ], [ 32.62265332698221, 0.330822685629899 ], [ 32.622642885903097, 0.330864449946346 ], [ 32.622642885903097, 0.330895773183681 ], [ 32.622642885903097, 0.330916655341904 ], [ 32.622632444823992, 0.330958419658351 ], [ 32.622632444823992, 0.331000183974798 ], [ 32.622632444823992, 0.331052389370356 ], [ 32.622632444823992, 0.331104594765915 ], [ 32.622632444823992, 0.331177682319697 ], [ 32.622632444823992, 0.331250769873479 ], [ 32.622632444823992, 0.331302975269037 ], [ 32.622632444823992, 0.331323857427261 ], [ 32.622632444823992, 0.331376062822819 ], [ 32.622632444823992, 0.331438709297489 ], [ 32.622632444823992, 0.331459591455713 ], [ 32.622632444823992, 0.331490914693048 ], [ 32.622642885903097, 0.331532679009495 ], [ 32.62265332698221, 0.331553561167718 ], [ 32.622674209140435, 0.331616207642388 ], [ 32.622684650219547, 0.331647530879723 ], [ 32.622705532377772, 0.33168929519617 ], [ 32.622715973456884, 0.331741500591729 ], [ 32.622736855615109, 0.331783264908175 ], [ 32.622768178852439, 0.331866793541069 ], [ 32.622789061010664, 0.331918998936628 ], [ 32.622799502089777, 0.331960763253074 ], [ 32.622820384248001, 0.332002527569521 ], [ 32.622830825327114, 0.332065174044191 ], [ 32.622851707485331, 0.332106938360638 ], [ 32.622872589643556, 0.332148702677085 ], [ 32.622893471801781, 0.33218002591442 ], [ 32.622914353960006, 0.332232231309979 ], [ 32.622935236118231, 0.332253113468202 ], [ 32.622956118276448, 0.332273995626425 ], [ 32.622977000434673, 0.332294877784649 ], [ 32.622997882592898, 0.332315759942872 ], [ 32.622997882592898, 0.332336642101096 ], [ 32.623018764751123, 0.332357524259319 ], [ 32.62305008798846, 0.332378406417542 ], [ 32.623060529067565, 0.332409729654878 ], [ 32.623091852304903, 0.332461935050436 ], [ 32.623102293384015, 0.332503699366883 ], [ 32.62312317554224, 0.332566345841553 ], [ 32.623154498779577, 0.332639433395335 ], [ 32.623175380937795, 0.332702079870005 ], [ 32.62319626309602, 0.332775167423787 ], [ 32.623227586333357, 0.332848254977569 ], [ 32.623258909570694, 0.332910901452239 ], [ 32.623279791728912, 0.332952665768686 ], [ 32.623300673887137, 0.332983989006021 ], [ 32.623321556045362, 0.33303619440158 ], [ 32.623342438203586, 0.333067517638915 ], [ 32.623363320361811, 0.33309884087625 ], [ 32.623384202520029, 0.333109281955362 ], [ 32.623405084678254, 0.333130164113585 ], [ 32.623436407915591, 0.333171928430032 ], [ 32.623467731152928, 0.333192810588255 ], [ 32.623478172232034, 0.333234574904702 ], [ 32.623499054390258, 0.333245015983814 ], [ 32.623519936548483, 0.333265898142037 ], [ 32.623530377627596, 0.333307662458484 ], [ 32.62355125978582, 0.333359867854042 ], [ 32.623572141944045, 0.333401632170489 ], [ 32.623603465181375, 0.333443396486936 ], [ 32.623634788418713, 0.333485160803383 ], [ 32.623645229497825, 0.333516484040718 ], [ 32.62366611165605, 0.333547807278053 ], [ 32.623718317051605, 0.333610453752723 ], [ 32.62373919920983, 0.33365221806917 ], [ 32.623760081368054, 0.333683541306505 ], [ 32.623780963526279, 0.333683541306505 ], [ 32.623791404605385, 0.333704423464729 ], [ 32.623812286763609, 0.333725305622952 ], [ 32.623843610000947, 0.333756628860287 ], [ 32.623854051080059, 0.33377751101851 ], [ 32.623874933238284, 0.333808834255846 ], [ 32.623906256475614, 0.333840157493181 ], [ 32.623927138633839, 0.333881921809628 ], [ 32.623979344029401, 0.333944568284298 ], [ 32.624021108345843, 0.333996773679856 ], [ 32.624073313741405, 0.334059420154526 ], [ 32.624115078057848, 0.334122066629197 ], [ 32.624156842374298, 0.33420559526209 ], [ 32.624188165611635, 0.334236918499425 ], [ 32.624209047769853, 0.33426824173676 ], [ 32.624229929928077, 0.334278682815872 ], [ 32.62424037100719, 0.334299564974096 ], [ 32.624261253165415, 0.334320447132319 ], [ 32.624271694244527, 0.334372652527878 ], [ 32.624292576402752, 0.334383093606989 ], [ 32.624334340719194, 0.334403975765213 ], [ 32.624344781798307, 0.334424857923436 ], [ 32.624365663956532, 0.334435299002548 ], [ 32.624386546114756, 0.334456181160771 ], [ 32.624407428272981, 0.334477063318995 ], [ 32.624428310431199, 0.33450838655633 ], [ 32.624449192589424, 0.334529268714553 ], [ 32.624470074747649, 0.334550150872776 ], [ 32.624490956905873, 0.334571033031 ], [ 32.624501397984986, 0.334591915189223 ], [ 32.624532721222316, 0.334612797347447 ], [ 32.624553603380541, 0.334654561663893 ], [ 32.624574485538766, 0.334654561663893 ], [ 32.624584926617878, 0.334685884901229 ], [ 32.62459536769699, 0.334706767059452 ], [ 32.624605808776103, 0.334748531375899 ], [ 32.624626690934321, 0.33475897245501 ], [ 32.624647573092545, 0.334800736771457 ], [ 32.62466845525077, 0.334821618929681 ], [ 32.624699778488107, 0.334852942167016 ], [ 32.62474154280455, 0.334894706483463 ], [ 32.624772866041887, 0.334936470799909 ], [ 32.624783307121, 0.334967794037245 ], [ 32.624825071437449, 0.335009558353691 ], [ 32.624877276833004, 0.335051322670138 ], [ 32.624929482228566, 0.335113969144808 ], [ 32.624971246545009, 0.335155733461255 ], [ 32.625002569782346, 0.33518705669859 ], [ 32.625033893019683, 0.33518705669859 ], [ 32.625065216257013, 0.335207938856814 ], [ 32.625065216257013, 0.335228821015037 ], [ 32.625127862731688, 0.33524970317326 ], [ 32.6251383038108, 0.335270585331484 ], [ 32.625180068127243, 0.335301908568819 ], [ 32.625200950285468, 0.335312349647931 ], [ 32.625221832443692, 0.335322790727042 ], [ 32.625263596760135, 0.335343672885266 ], [ 32.625305361076585, 0.335395878280824 ], [ 32.625336684313922, 0.335416760439048 ], [ 32.625388889709477, 0.335468965834606 ], [ 32.625451536184151, 0.335510730151053 ], [ 32.625545505896156, 0.335573376625723 ], [ 32.625608152370823, 0.33561514094217 ], [ 32.625670798845498, 0.335646464179505 ], [ 32.625723004241053, 0.335698669575064 ], [ 32.625764768557502, 0.335709110654175 ], [ 32.62578565071572, 0.335729992812399 ], [ 32.62582741503217, 0.33574043389151 ], [ 32.625858738269507, 0.335750874970622 ], [ 32.625900502585949, 0.335761316049734 ], [ 32.625931825823287, 0.335771757128846 ], [ 32.625952707981511, 0.335782198207957 ], [ 32.625994472297954, 0.335792639287069 ], [ 32.626046677693516, 0.335823962524404 ], [ 32.626088442009966, 0.335834403603516 ], [ 32.626109324168183, 0.335844844682627 ], [ 32.626140647405521, 0.335855285761739 ], [ 32.626171970642858, 0.335876167919963 ], [ 32.626203293880188, 0.335886608999074 ], [ 32.626234617117525, 0.335886608999074 ], [ 32.626265940354862, 0.335897050078186 ], [ 32.626307704671305, 0.335897050078186 ], [ 32.626359910066867, 0.335907491157298 ], [ 32.626412115462422, 0.335907491157298 ], [ 32.626443438699759, 0.335907491157298 ], [ 32.626474761937097, 0.335917932236409 ], [ 32.626506085174434, 0.335917932236409 ], [ 32.626526967332651, 0.335928373315521 ], [ 32.626558290569989, 0.335928373315521 ], [ 32.626600054886438, 0.335928373315521 ], [ 32.626620937044656, 0.335928373315521 ], [ 32.626662701361106, 0.335928373315521 ], [ 32.626704465677555, 0.335928373315521 ], [ 32.626787994310448, 0.335928373315521 ], [ 32.626861081864227, 0.335928373315521 ], [ 32.626944610497119, 0.335917932236409 ], [ 32.627069903446461, 0.335907491157298 ], [ 32.627163873158466, 0.335886608999074 ], [ 32.627216078554028, 0.335876167919963 ], [ 32.62729960718692, 0.335876167919963 ], [ 32.627362253661587, 0.335865726840851 ], [ 32.627404017978037, 0.335844844682627 ], [ 32.627435341215374, 0.335834403603516 ], [ 32.627487546610929, 0.335823962524404 ], [ 32.627518869848267, 0.335813521445292 ], [ 32.627550193085604, 0.335803080366181 ], [ 32.627581516322934, 0.335803080366181 ], [ 32.627591957402046, 0.335834403603516 ], [ 32.627612839560271, 0.335834403603516 ], [ 32.627623280639384, 0.335855285761739 ], [ 32.627633721718496, 0.335876167919963 ], [ 32.627654603876721, 0.335876167919963 ], [ 32.627685927114051, 0.335897050078186 ], [ 32.627706809272276, 0.335907491157298 ], [ 32.627727691430501, 0.335917932236409 ], [ 32.627769455746943, 0.335938814394633 ], [ 32.62780077898428, 0.335949255473744 ], [ 32.627821661142505, 0.335959696552856 ], [ 32.627852984379842, 0.335970137631968 ], [ 32.62791563085451, 0.335991019790191 ], [ 32.627936513012735, 0.336011901948415 ], [ 32.627957395170959, 0.336022343027526 ], [ 32.627978277329177, 0.336032784106638 ], [ 32.628009600566514, 0.33604322518575 ], [ 32.628030482724739, 0.33604322518575 ], [ 32.628051364882964, 0.336064107343973 ], [ 32.628082688120294, 0.336084989502197 ], [ 32.628114011357631, 0.33610587166042 ], [ 32.628155775674081, 0.336137194897755 ], [ 32.628187098911411, 0.336158077055979 ], [ 32.628218422148748, 0.336199841372425 ], [ 32.628239304306973, 0.33623116460976 ], [ 32.628291509702528, 0.336241605688872 ], [ 32.628322832939865, 0.336283370005319 ], [ 32.628364597256315, 0.336293811084431 ], [ 32.628395920493645, 0.336314693242654 ], [ 32.628427243730982, 0.336335575400877 ], [ 32.628469008047432, 0.336356457559101 ], [ 32.628500331284762, 0.336366898638213 ], [ 32.628500331284762, 0.336387780796436 ], [ 32.628542095601212, 0.336398221875548 ], [ 32.628573418838549, 0.336408662954659 ], [ 32.628604742075879, 0.336419104033771 ], [ 32.628656947471441, 0.336429545112883 ], [ 32.628688270708778, 0.336439986191995 ], [ 32.628709152866996, 0.336439986191995 ], [ 32.628740476104333, 0.336450427271106 ], [ 32.628782240420783, 0.336460868350218 ], [ 32.628803122579008, 0.336460868350218 ], [ 32.628834445816338, 0.33647130942933 ], [ 32.628855327974563, 0.33647130942933 ], [ 32.6288866512119, 0.33647130942933 ], [ 32.628907533370125, 0.33647130942933 ], [ 32.628938856607455, 0.33647130942933 ], [ 32.628980620923905, 0.33647130942933 ], [ 32.629022385240347, 0.33647130942933 ], [ 32.629053708477684, 0.33647130942933 ], [ 32.629126796031464, 0.33647130942933 ], [ 32.629189442506139, 0.33647130942933 ], [ 32.629262530059918, 0.33647130942933 ], [ 32.629304294376368, 0.33647130942933 ], [ 32.629346058692811, 0.336460868350218 ], [ 32.62938782300926, 0.336450427271106 ], [ 32.629419146246597, 0.336439986191995 ], [ 32.629450469483928, 0.336419104033771 ], [ 32.629481792721265, 0.336408662954659 ], [ 32.62950267487949, 0.336398221875548 ], [ 32.629533998116827, 0.336398221875548 ], [ 32.629575762433269, 0.336387780796436 ], [ 32.629607085670607, 0.336377339717324 ], [ 32.629638408907944, 0.336377339717324 ], [ 32.629669732145274, 0.336356457559101 ], [ 32.629711496461724, 0.336346016479989 ], [ 32.629742819699061, 0.336346016479989 ], [ 32.629774142936391, 0.336325134321766 ], [ 32.629795025094616, 0.336314693242654 ], [ 32.629826348331953, 0.336304252163542 ], [ 32.629847230490178, 0.336293811084431 ], [ 32.629878553727508, 0.336293811084431 ], [ 32.629909876964845, 0.336283370005319 ], [ 32.629941200202182, 0.336272928926207 ], [ 32.6299620823604, 0.336272928926207 ], [ 32.63000384667685, 0.336272928926207 ], [ 32.630024728835075, 0.336272928926207 ], [ 32.630066493151524, 0.336262487847096 ], [ 32.630087375309742, 0.336252046767984 ], [ 32.630118698547079, 0.336241605688872 ], [ 32.630139580705304, 0.33623116460976 ], [ 32.630160462863529, 0.33623116460976 ], [ 32.630181345021747, 0.33623116460976 ], [ 32.630202227179971, 0.33623116460976 ], [ 32.630223109338196, 0.336220723530649 ], [ 32.630254432575533, 0.336210282451537 ], [ 32.630275314733758, 0.336199841372425 ], [ 32.630296196891976, 0.336189400293314 ], [ 32.630327520129313, 0.336189400293314 ], [ 32.630379725524875, 0.33616851813509 ], [ 32.63043193092043, 0.336126753818643 ], [ 32.63047369523688, 0.33610587166042 ], [ 32.63050501847421, 0.336095430581308 ], [ 32.63054678279066, 0.336053666264861 ], [ 32.630598988186215, 0.33604322518575 ], [ 32.630640752502664, 0.336032784106638 ], [ 32.630703398977332, 0.33598057871108 ], [ 32.630745163293781, 0.335970137631968 ], [ 32.630807809768449, 0.335928373315521 ], [ 32.630870456243123, 0.335886608999074 ], [ 32.63093310271779, 0.335855285761739 ], [ 32.631006190271577, 0.335813521445292 ], [ 32.631079277825357, 0.335771757128846 ], [ 32.631141924300024, 0.33574043389151 ], [ 32.631235894012029, 0.335698669575064 ], [ 32.631298540486704, 0.33567778741684 ], [ 32.631392510198708, 0.335636023100393 ], [ 32.631444715594263, 0.335625582021282 ], [ 32.631496920989825, 0.335604699863058 ], [ 32.63151780314805, 0.335594258783947 ], [ 32.631559567464492, 0.335573376625723 ], [ 32.631601331780942, 0.3355524944675 ], [ 32.631653537176497, 0.335500289071941 ], [ 32.631684860413834, 0.335500289071941 ], [ 32.631716183651172, 0.335479406913718 ], [ 32.631726624730284, 0.335458524755494 ], [ 32.631757947967614, 0.335437642597271 ], [ 32.631789271204951, 0.335416760439048 ], [ 32.631810153363176, 0.335406319359936 ], [ 32.631851917679619, 0.335374996122601 ], [ 32.631872799837844, 0.335354113964377 ], [ 32.631904123075181, 0.335333231806154 ], [ 32.631925005233406, 0.335322790727042 ], [ 32.63194588739163, 0.335301908568819 ], [ 32.631987651708073, 0.335291467489707 ], [ 32.632008533866298, 0.335291467489707 ], [ 32.632029416024523, 0.335291467489707 ], [ 32.632060739261853, 0.335291467489707 ], [ 32.632102503578302, 0.335281026410596 ], [ 32.63216515005297, 0.33524970317326 ], [ 32.632206914369419, 0.335228821015037 ], [ 32.632280001923199, 0.335218379935925 ], [ 32.632321766239649, 0.335207938856814 ], [ 32.632353089476986, 0.335197497777702 ], [ 32.632394853793429, 0.33518705669859 ], [ 32.632447059188991, 0.33518705669859 ], [ 32.632488823505433, 0.335176615619479 ], [ 32.63252014674277, 0.335166174540367 ], [ 32.63256191105922, 0.335166174540367 ], [ 32.63259323429655, 0.335155733461255 ], [ 32.632624557533887, 0.335155733461255 ], [ 32.632655880771225, 0.335155733461255 ], [ 32.632687204008555, 0.335155733461255 ], [ 32.632718527245892, 0.335145292382143 ], [ 32.632749850483229, 0.335134851303032 ], [ 32.632791614799672, 0.33512441022392 ], [ 32.632812496957897, 0.33512441022392 ], [ 32.632822938037009, 0.335103528065697 ], [ 32.632843820195234, 0.335093086986585 ], [ 32.632875143432571, 0.335093086986585 ], [ 32.632906466669901, 0.335082645907473 ], [ 32.632927348828126, 0.335072204828362 ], [ 32.632958672065463, 0.335072204828362 ], [ 32.632979554223688, 0.335072204828362 ], [ 32.633010877461018, 0.335072204828362 ], [ 32.633031759619243, 0.335072204828362 ], [ 32.633052641777468, 0.335072204828362 ], [ 32.633073523935693, 0.33506176374925 ], [ 32.633094406093917, 0.33506176374925 ], [ 32.63313617041036, 0.33506176374925 ], [ 32.633157052568585, 0.335051322670138 ], [ 32.63317793472681, 0.335051322670138 ], [ 32.633198816885034, 0.335040881591026 ], [ 32.633219699043252, 0.335040881591026 ], [ 32.633240581201477, 0.335040881591026 ], [ 32.633271904438814, 0.335040881591026 ], [ 32.633292786597039, 0.335040881591026 ], [ 32.633313668755257, 0.335040881591026 ], [ 32.633334550913482, 0.335040881591026 ], [ 32.633355433071706, 0.335040881591026 ], [ 32.633376315229931, 0.335040881591026 ], [ 32.633397197388156, 0.335040881591026 ], [ 32.633418079546374, 0.335040881591026 ], [ 32.633438961704599, 0.335019999432803 ], [ 32.633459843862823, 0.335009558353691 ], [ 32.633480726021048, 0.335009558353691 ], [ 32.633491167100161, 0.334988676195468 ], [ 32.633532931416603, 0.334967794037245 ], [ 32.633532931416603, 0.334946911879021 ], [ 32.633553813574828, 0.334936470799909 ], [ 32.633574695733053, 0.334926029720798 ], [ 32.633585136812165, 0.334905147562574 ], [ 32.63360601897039, 0.334884265404351 ], [ 32.633626901128608, 0.334863383246127 ], [ 32.63363734220772, 0.334842501087904 ], [ 32.633647783286833, 0.334811177850569 ], [ 32.633668665445057, 0.334800736771457 ], [ 32.63367910652417, 0.334779854613234 ], [ 32.633699988682395, 0.33475897245501 ], [ 32.633710429761507, 0.334727649217675 ], [ 32.633741752998837, 0.334717208138564 ], [ 32.63375219407795, 0.33469632598034 ], [ 32.633762635157062, 0.334675443822117 ], [ 32.633783517315287, 0.334654561663893 ], [ 32.633793958394399, 0.33463367950567 ], [ 32.633804399473512, 0.334612797347447 ], [ 32.633814840552624, 0.334591915189223 ], [ 32.633825281631736, 0.334571033031 ], [ 32.633846163789954, 0.334550150872776 ], [ 32.633867045948179, 0.334539709793665 ], [ 32.633877487027291, 0.334518827635441 ], [ 32.633887928106404, 0.334497945477218 ], [ 32.633908810264629, 0.334477063318995 ], [ 32.633929692422853, 0.334456181160771 ], [ 32.633950574581071, 0.334435299002548 ], [ 32.633971456739296, 0.334424857923436 ], [ 32.633981897818408, 0.334403975765213 ], [ 32.634013221055746, 0.334393534686101 ], [ 32.634023662134858, 0.334351770369654 ], [ 32.634044544293076, 0.334341329290542 ], [ 32.634065426451301, 0.334330888211431 ], [ 32.634075867530413, 0.334310006053207 ], [ 32.634086308609525, 0.334289123894984 ], [ 32.63410719076775, 0.334278682815872 ], [ 32.634117631846863, 0.334257800657649 ], [ 32.634117631846863, 0.334236918499425 ], [ 32.634159396163305, 0.334195154182979 ], [ 32.634232483717092, 0.334111625550085 ], [ 32.634274248033535, 0.334059420154526 ], [ 32.634316012349984, 0.333986332600745 ], [ 32.634378658824652, 0.333934127205186 ], [ 32.634399540982876, 0.333902803967851 ], [ 32.634430864220214, 0.333861039651404 ], [ 32.634462187457544, 0.333819275334957 ], [ 32.634483069615769, 0.333767069939399 ], [ 32.634535275011331, 0.333746187781175 ], [ 32.634556157169555, 0.33371486454384 ], [ 32.634577039327773, 0.333693982385617 ], [ 32.634597921485998, 0.333662659148282 ], [ 32.634639685802448, 0.333620894831835 ], [ 32.634660567960672, 0.3335895715945 ], [ 32.634691891198003, 0.333547807278053 ], [ 32.634744096593565, 0.333506042961606 ], [ 32.634775419830895, 0.333464278645159 ], [ 32.634806743068232, 0.333443396486936 ], [ 32.634838066305569, 0.333401632170489 ], [ 32.634869389542907, 0.333391191091377 ], [ 32.634911153859349, 0.333370308933154 ], [ 32.634921594938461, 0.333349426774931 ], [ 32.634952918175799, 0.333338985695819 ], [ 32.634984241413136, 0.333318103537596 ], [ 32.635005123571354, 0.33328678030026 ], [ 32.635026005729578, 0.333255457062925 ], [ 32.635046887887803, 0.333234574904702 ], [ 32.635078211125141, 0.333213692746479 ], [ 32.635099093283358, 0.333192810588255 ], [ 32.635119975441583, 0.33316148735092 ], [ 32.63515129867892, 0.333130164113585 ], [ 32.635161739758033, 0.333109281955362 ], [ 32.635172180837145, 0.333088399797138 ], [ 32.63519306299537, 0.333057076559803 ], [ 32.635213945153588, 0.333046635480691 ], [ 32.635234827311812, 0.333025753322468 ], [ 32.635245268390925, 0.333004871164245 ], [ 32.63526615054915, 0.332983989006021 ], [ 32.635276591628262, 0.332963106847798 ], [ 32.635287032707375, 0.332942224689574 ], [ 32.635307914865592, 0.332900460373127 ], [ 32.635328797023817, 0.332879578214904 ], [ 32.635349679182042, 0.332848254977569 ], [ 32.635370561340267, 0.332806490661122 ], [ 32.635381002419379, 0.332785608502899 ], [ 32.635422766735822, 0.332743844186452 ], [ 32.635454089973159, 0.332702079870005 ], [ 32.635474972131384, 0.332681197711782 ], [ 32.635495854289609, 0.332649874474447 ], [ 32.635506295368721, 0.332628992316223 ], [ 32.635537618606051, 0.332587227999776 ], [ 32.635558500764276, 0.332576786920665 ], [ 32.635600265080726, 0.33254546368333 ], [ 32.635610706159838, 0.332524581525106 ], [ 32.635631588318056, 0.332503699366883 ], [ 32.63565247047628, 0.332482817208659 ], [ 32.635673352634505, 0.332461935050436 ], [ 32.635683793713618, 0.332441052892213 ], [ 32.635704675871843, 0.332420170733989 ], [ 32.63572555803006, 0.332367965338431 ], [ 32.635756881267397, 0.332347083180207 ], [ 32.635777763425622, 0.332336642101096 ], [ 32.635788204504735, 0.332315759942872 ], [ 32.63580908666296, 0.33230531886376 ], [ 32.635829968821177, 0.332284436705537 ], [ 32.635850850979402, 0.332273995626425 ], [ 32.635850850979402, 0.332253113468202 ], [ 32.635882174216739, 0.332221790230867 ], [ 32.635913497454077, 0.332200908072643 ], [ 32.635923938533189, 0.33218002591442 ], [ 32.635944820691407, 0.332159143756197 ], [ 32.635955261770519, 0.332138261597973 ], [ 32.635965702849631, 0.332096497281526 ], [ 32.635976143928744, 0.332075615123303 ], [ 32.635986585007856, 0.33205473296508 ], [ 32.635997026086969, 0.332033850806856 ], [ 32.636007467166081, 0.332012968648633 ], [ 32.636028349324306, 0.331981645411298 ], [ 32.636038790403411, 0.331960763253074 ], [ 32.636038790403411, 0.331929440015739 ], [ 32.636049231482524, 0.331887675699292 ], [ 32.636070113640749, 0.331866793541069 ], [ 32.636080554719861, 0.331835470303734 ], [ 32.636101436878086, 0.331825029224622 ], [ 32.636111877957198, 0.331783264908175 ], [ 32.636122319036311, 0.331762382749952 ], [ 32.636132760115423, 0.331741500591729 ], [ 32.636132760115423, 0.331720618433505 ], [ 32.636143201194528, 0.331699736275282 ], [ 32.636143201194528, 0.331678854117058 ], [ 32.636153642273641, 0.331657971958835 ], [ 32.636174524431866, 0.331637089800612 ], [ 32.636174524431866, 0.331616207642388 ], [ 32.636184965510978, 0.331595325484165 ], [ 32.63619540659009, 0.331574443325941 ], [ 32.636216288748315, 0.33156400224683 ], [ 32.636226729827428, 0.331543120088606 ], [ 32.63623717090654, 0.331522237930383 ], [ 32.636258053064758, 0.331501355772159 ], [ 32.636258053064758, 0.331480473613936 ], [ 32.63626849414387, 0.331459591455713 ], [ 32.636278935222983, 0.331438709297489 ], [ 32.636289376302095, 0.331407386060154 ], [ 32.63631025846032, 0.331386503901931 ], [ 32.63631025846032, 0.331365621743707 ], [ 32.636320699539432, 0.331344739585484 ], [ 32.636331140618545, 0.331323857427261 ], [ 32.636341581697657, 0.331302975269037 ], [ 32.636352022776762, 0.331282093110814 ], [ 32.636362463855875, 0.33126121095259 ], [ 32.6363833460141, 0.331240328794367 ], [ 32.636393787093212, 0.331219446636143 ], [ 32.636393787093212, 0.331188123398808 ], [ 32.636404228172324, 0.331167241240585 ], [ 32.636414669251437, 0.331146359082362 ], [ 32.636425110330549, 0.331125476924138 ], [ 32.636435551409662, 0.331104594765915 ], [ 32.636445992488774, 0.331083712607691 ], [ 32.636456433567879, 0.331062830449468 ], [ 32.636466874646992, 0.331041948291245 ], [ 32.636477315726104, 0.331021066133021 ], [ 32.636477315726104, 0.331000183974798 ], [ 32.636487756805217, 0.330979301816574 ], [ 32.636508638963441, 0.330958419658351 ], [ 32.636508638963441, 0.330937537500128 ], [ 32.636529521121666, 0.330916655341904 ], [ 32.636529521121666, 0.330895773183681 ], [ 32.636529521121666, 0.330874891025457 ], [ 32.636539962200779, 0.330854008867234 ], [ 32.636550403279891, 0.33083312670901 ], [ 32.636550403279891, 0.330812244550787 ], [ 32.636560844358996, 0.330791362392564 ], [ 32.636560844358996, 0.330760039155229 ], [ 32.636560844358996, 0.330718274838782 ], [ 32.636560844358996, 0.330676510522335 ], [ 32.636560844358996, 0.330634746205888 ], [ 32.636560844358996, 0.33058254081033 ], [ 32.636550403279891, 0.330561658652106 ], [ 32.636550403279891, 0.330540776493883 ], [ 32.636539962200779, 0.330519894335659 ], [ 32.636529521121666, 0.330499012177436 ], [ 32.636529521121666, 0.330478130019213 ], [ 32.636519080042554, 0.330457247860989 ], [ 32.636508638963441, 0.330415483544542 ], [ 32.636456433567879, 0.330384160307207 ], [ 32.636445992488774, 0.330352837069872 ], [ 32.636425110330549, 0.330331954911649 ], [ 32.636414669251437, 0.330311072753425 ], [ 32.636393787093212, 0.330300631674314 ], [ 32.636372904934987, 0.330269308436979 ], [ 32.636320699539432, 0.330258867357867 ], [ 32.636289376302095, 0.330248426278755 ], [ 32.63623717090654, 0.330237985199643 ], [ 32.63619540659009, 0.330227544120532 ], [ 32.636153642273641, 0.33021710304142 ], [ 32.636101436878086, 0.33021710304142 ], [ 32.636059672561636, 0.33021710304142 ], [ 32.636038790403411, 0.33021710304142 ], [ 32.636007467166081, 0.33021710304142 ], [ 32.635986585007856, 0.33021710304142 ], [ 32.635955261770519, 0.33021710304142 ], [ 32.635934379612294, 0.33021710304142 ], [ 32.635903056374964, 0.33021710304142 ], [ 32.635871733137627, 0.330206661962308 ], [ 32.635850850979402, 0.330206661962308 ], [ 32.635777763425622, 0.330196220883197 ], [ 32.635756881267397, 0.330185779804085 ], [ 32.635735999109173, 0.330185779804085 ], [ 32.635704675871843, 0.330175338724973 ], [ 32.635683793713618, 0.330175338724973 ], [ 32.635642029397168, 0.330164897645862 ], [ 32.635610706159838, 0.330164897645862 ], [ 32.635589824001613, 0.330164897645862 ], [ 32.635568941843388, 0.330164897645862 ], [ 32.635548059685163, 0.330164897645862 ], [ 32.635527177526939, 0.330164897645862 ], [ 32.635506295368721, 0.330164897645862 ], [ 32.635485413210496, 0.330164897645862 ], [ 32.635464531052271, 0.330164897645862 ], [ 32.635412325656709, 0.330164897645862 ], [ 32.635381002419379, 0.330164897645862 ], [ 32.635349679182042, 0.330164897645862 ], [ 32.635307914865592, 0.330164897645862 ], [ 32.635287032707375, 0.330164897645862 ], [ 32.63526615054915, 0.330164897645862 ], [ 32.635245268390925, 0.330164897645862 ], [ 32.6352243862327, 0.330164897645862 ], [ 32.63519306299537, 0.330164897645862 ], [ 32.635140857599808, 0.330164897645862 ], [ 32.635119975441583, 0.330164897645862 ], [ 32.635099093283358, 0.330164897645862 ], [ 32.635078211125141, 0.330164897645862 ], [ 32.635057328966916, 0.330175338724973 ], [ 32.635015564650466, 0.330185779804085 ], [ 32.634994682492241, 0.330185779804085 ], [ 32.634952918175799, 0.330185779804085 ], [ 32.634932036017574, 0.330196220883197 ], [ 32.634911153859349, 0.330196220883197 ], [ 32.634890271701124, 0.330196220883197 ], [ 32.634858948463794, 0.330196220883197 ], [ 32.634817184147344, 0.330196220883197 ], [ 32.634775419830895, 0.330206661962308 ], [ 32.63472321443534, 0.330206661962308 ], [ 32.634671009039778, 0.33021710304142 ], [ 32.634618803644223, 0.330227544120532 ], [ 32.634597921485998, 0.330237985199643 ], [ 32.634577039327773, 0.330237985199643 ], [ 32.634556157169555, 0.330237985199643 ], [ 32.634535275011331, 0.330248426278755 ], [ 32.634493510694881, 0.330269308436979 ], [ 32.634451746378438, 0.330290190595202 ], [ 32.634368217745539, 0.330331954911649 ], [ 32.634295130191759, 0.330363278148984 ], [ 32.63422204263798, 0.330373719228096 ], [ 32.634190719400642, 0.330394601386319 ], [ 32.634159396163305, 0.330415483544542 ], [ 32.634138514005087, 0.330425924623654 ], [ 32.634128072925975, 0.330446806781878 ], [ 32.63410719076775, 0.330457247860989 ], [ 32.634086308609525, 0.330457247860989 ], [ 32.634065426451301, 0.330488571098324 ], [ 32.634044544293076, 0.330499012177436 ], [ 32.634023662134858, 0.330509453256548 ], [ 32.633971456739296, 0.330509453256548 ], [ 32.633919251343741, 0.330540776493883 ], [ 32.633877487027291, 0.330561658652106 ], [ 32.633814840552624, 0.330592981889441 ], [ 32.63375219407795, 0.330613864047665 ], [ 32.633710429761507, 0.330634746205888 ], [ 32.63367910652417, 0.330666069443223 ], [ 32.633647783286833, 0.330686951601447 ], [ 32.633626901128608, 0.330697392680558 ], [ 32.63360601897039, 0.33070783375967 ], [ 32.633585136812165, 0.330718274838782 ], [ 32.63356425465394, 0.330728715917893 ], [ 32.633543372495716, 0.330739156997005 ], [ 32.633522490337491, 0.330749598076117 ], [ 32.633501608179273, 0.330749598076117 ], [ 32.633480726021048, 0.330760039155229 ], [ 32.633459843862823, 0.33077048023434 ], [ 32.633438961704599, 0.330780921313452 ], [ 32.633418079546374, 0.330780921313452 ], [ 32.633386756309044, 0.330801803471675 ], [ 32.633365874150819, 0.330801803471675 ], [ 32.633282345517927, 0.330843567788122 ], [ 32.633261463359702, 0.330854008867234 ], [ 32.633240581201477, 0.330864449946346 ], [ 32.633219699043252, 0.330874891025457 ], [ 32.633198816885034, 0.330874891025457 ], [ 32.63317793472681, 0.330874891025457 ], [ 32.633146611489472, 0.330885332104569 ], [ 32.63313617041036, 0.330906214262792 ], [ 32.633115288252135, 0.330906214262792 ], [ 32.633094406093917, 0.330916655341904 ], [ 32.633073523935693, 0.330927096421016 ], [ 32.633052641777468, 0.330937537500128 ], [ 32.633031759619243, 0.330937537500128 ], [ 32.633021318540131, 0.330968860737463 ], [ 32.633000436381906, 0.330968860737463 ], [ 32.632979554223688, 0.330979301816574 ], [ 32.632958672065463, 0.330989742895686 ], [ 32.632937789907238, 0.331000183974798 ], [ 32.632916907749014, 0.331000183974798 ], [ 32.632896025590789, 0.331010625053909 ], [ 32.632854261274346, 0.331021066133021 ], [ 32.632833379116121, 0.331031507212133 ], [ 32.632791614799672, 0.331052389370356 ], [ 32.632760291562342, 0.331062830449468 ], [ 32.632739409404117, 0.33107327152858 ], [ 32.632687204008555, 0.331083712607691 ], [ 32.632676762929449, 0.331115035845026 ], [ 32.632655880771225, 0.331125476924138 ], [ 32.632634998613, 0.33113591800325 ], [ 32.632614116454775, 0.33113591800325 ], [ 32.63259323429655, 0.331146359082362 ], [ 32.63256191105922, 0.331167241240585 ], [ 32.632541028900995, 0.331167241240585 ], [ 32.63252014674277, 0.331177682319697 ], [ 32.632499264584546, 0.331188123398808 ], [ 32.632457500268103, 0.33119856447792 ], [ 32.632426177030766, 0.331209005557032 ], [ 32.632363530556098, 0.331229887715255 ], [ 32.632342648397874, 0.331240328794367 ], [ 32.632300884081424, 0.33126121095259 ], [ 32.632259119764981, 0.331282093110814 ], [ 32.632227796527644, 0.331292534189925 ], [ 32.632196473290307, 0.331302975269037 ], [ 32.632154708973864, 0.331302975269037 ], [ 32.632112944657415, 0.331323857427261 ], [ 32.632081621420078, 0.331334298506372 ], [ 32.632060739261853, 0.331344739585484 ], [ 32.63201897494541, 0.331355180664596 ], [ 32.631987651708073, 0.331365621743707 ], [ 32.631956328470736, 0.331376062822819 ], [ 32.631935446312518, 0.331417827139266 ], [ 32.631893681996068, 0.331428268218378 ], [ 32.631872799837844, 0.331428268218378 ], [ 32.631841476600513, 0.331449150376601 ], [ 32.631810153363176, 0.331449150376601 ], [ 32.631778830125839, 0.331459591455713 ], [ 32.631757947967614, 0.331459591455713 ], [ 32.631726624730284, 0.331480473613936 ], [ 32.631695301492947, 0.331490914693048 ], [ 32.631663978255609, 0.331501355772159 ], [ 32.631643096097385, 0.331511796851271 ], [ 32.631622213939167, 0.331522237930383 ], [ 32.631601331780942, 0.331522237930383 ], [ 32.631580449622717, 0.331532679009495 ], [ 32.631528244227162, 0.331553561167718 ], [ 32.631465597752488, 0.331574443325941 ], [ 32.631413392356933, 0.331595325484165 ], [ 32.631361186961371, 0.331616207642388 ], [ 32.631340304803146, 0.3316266487215 ], [ 32.631298540486704, 0.331647530879723 ], [ 32.631267217249366, 0.331657971958835 ], [ 32.631235894012029, 0.33168929519617 ], [ 32.631204570774699, 0.33168929519617 ], [ 32.631183688616474, 0.331699736275282 ], [ 32.631162806458249, 0.331710177354393 ], [ 32.631141924300024, 0.331710177354393 ], [ 32.6311210421418, 0.331731059512617 ], [ 32.631100159983582, 0.331731059512617 ], [ 32.631079277825357, 0.331741500591729 ], [ 32.631058395667132, 0.331762382749952 ], [ 32.631037513508907, 0.331762382749952 ], [ 32.631006190271577, 0.331772823829064 ], [ 32.630985308113353, 0.331772823829064 ], [ 32.630964425955128, 0.331783264908175 ], [ 32.630943543796903, 0.331793705987287 ], [ 32.630922661638678, 0.331793705987287 ], [ 32.630891338401348, 0.331804147066399 ], [ 32.630860015164011, 0.331825029224622 ], [ 32.630828691926673, 0.331825029224622 ], [ 32.630807809768449, 0.331835470303734 ], [ 32.630776486531119, 0.331845911382846 ], [ 32.630755604372894, 0.331856352461957 ], [ 32.630734722214669, 0.331856352461957 ], [ 32.630703398977332, 0.331866793541069 ], [ 32.630672075740002, 0.331877234620181 ], [ 32.630640752502664, 0.331887675699292 ], [ 32.630609429265327, 0.331898116778404 ], [ 32.63054678279066, 0.331918998936628 ], [ 32.630400607683093, 0.331960763253074 ], [ 32.630254432575533, 0.332002527569521 ], [ 32.630087375309742, 0.332044291885968 ], [ 32.6299620823604, 0.332075615123303 ], [ 32.629878553727508, 0.332096497281526 ], [ 32.629805466173728, 0.332106938360638 ], [ 32.629753260778166, 0.33211737943975 ], [ 32.629701055382611, 0.332169584835308 ], [ 32.629638408907944, 0.332169584835308 ], [ 32.629617526749719, 0.33218002591442 ], [ 32.629596644591494, 0.332190466993532 ], [ 32.629554880275045, 0.332211349151755 ], [ 32.629533998116827, 0.332221790230867 ], [ 32.62950267487949, 0.332232231309979 ], [ 32.62946091056304, 0.332253113468202 ], [ 32.629440028404815, 0.332263554547314 ], [ 32.629419146246597, 0.332273995626425 ], [ 32.629398264088373, 0.332273995626425 ], [ 32.629377381930148, 0.332273995626425 ], [ 32.629356499771923, 0.332284436705537 ], [ 32.629335617613698, 0.332294877784649 ], [ 32.629304294376368, 0.332294877784649 ], [ 32.629283412218143, 0.33230531886376 ], [ 32.629252088980806, 0.33230531886376 ], [ 32.629241647901694, 0.332326201021984 ], [ 32.629199883585251, 0.332336642101096 ], [ 32.629179001427026, 0.332347083180207 ], [ 32.629158119268801, 0.332357524259319 ], [ 32.629126796031464, 0.332367965338431 ], [ 32.629085031715022, 0.332378406417542 ], [ 32.629053708477684, 0.332388847496654 ], [ 32.629022385240347, 0.332399288575766 ], [ 32.628991062003017, 0.332409729654878 ], [ 32.628970179844792, 0.332420170733989 ], [ 32.628949297686567, 0.332430611813101 ], [ 32.628928415528343, 0.332430611813101 ], [ 32.628907533370125, 0.332430611813101 ], [ 32.6288866512119, 0.332441052892213 ], [ 32.628865769053675, 0.332441052892213 ], [ 32.62884488689545, 0.332441052892213 ], [ 32.628824004737226, 0.332441052892213 ], [ 32.628803122579008, 0.332441052892213 ], [ 32.628782240420783, 0.332441052892213 ], [ 32.628761358262558, 0.332441052892213 ], [ 32.628740476104333, 0.332441052892213 ], [ 32.628698711787891, 0.332441052892213 ], [ 32.628677829629666, 0.332441052892213 ], [ 32.628656947471441, 0.332441052892213 ], [ 32.628636065313216, 0.332441052892213 ], [ 32.628615183154992, 0.332441052892213 ], [ 32.628594300996774, 0.332441052892213 ], [ 32.628562977759437, 0.332441052892213 ], [ 32.628542095601212, 0.332441052892213 ], [ 32.628521213442987, 0.332441052892213 ], [ 32.628489890205657, 0.332441052892213 ], [ 32.628469008047432, 0.332441052892213 ], [ 32.628448125889207, 0.332441052892213 ], [ 32.62841680265187, 0.332441052892213 ], [ 32.628395920493645, 0.332441052892213 ], [ 32.628333274018978, 0.332441052892213 ], [ 32.628312391860753, 0.332441052892213 ], [ 32.628281068623423, 0.332441052892213 ], [ 32.628249745386086, 0.332441052892213 ], [ 32.628218422148748, 0.332441052892213 ], [ 32.628197539990524, 0.332441052892213 ], [ 32.628176657832306, 0.332441052892213 ], [ 32.628155775674081, 0.332441052892213 ], [ 32.628124452436744, 0.332441052892213 ], [ 32.628103570278519, 0.332441052892213 ], [ 32.628082688120294, 0.332441052892213 ], [ 32.628061805962076, 0.332441052892213 ], [ 32.628040923803852, 0.332441052892213 ], [ 32.628009600566514, 0.332441052892213 ], [ 32.62798871840829, 0.332441052892213 ], [ 32.627967836250072, 0.332441052892213 ], [ 32.627936513012735, 0.332441052892213 ], [ 32.62791563085451, 0.332441052892213 ], [ 32.627884307617173, 0.332441052892213 ], [ 32.627863425458955, 0.332441052892213 ], [ 32.627832102221618, 0.332441052892213 ], [ 32.62780077898428, 0.332441052892213 ], [ 32.627769455746943, 0.332441052892213 ], [ 32.627738132509613, 0.332441052892213 ], [ 32.627717250351388, 0.332441052892213 ], [ 32.627696368193163, 0.332441052892213 ], [ 32.627665044955826, 0.332441052892213 ], [ 32.627623280639384, 0.332441052892213 ], [ 32.627591957402046, 0.332441052892213 ], [ 32.627571075243821, 0.332441052892213 ], [ 32.627550193085604, 0.332441052892213 ], [ 32.627508428769154, 0.332441052892213 ], [ 32.627466664452704, 0.332441052892213 ], [ 32.627404017978037, 0.332441052892213 ], [ 32.627351812582475, 0.332430611813101 ], [ 32.627278725028695, 0.332420170733989 ], [ 32.627216078554028, 0.332420170733989 ], [ 32.627174314237578, 0.332409729654878 ], [ 32.627142991000241, 0.332409729654878 ], [ 32.627090785604686, 0.332409729654878 ], [ 32.627049021288236, 0.332409729654878 ], [ 32.627007256971794, 0.332409729654878 ], [ 32.626975933734457, 0.332409729654878 ], [ 32.626955051576232, 0.332409729654878 ], [ 32.626913287259789, 0.332409729654878 ], [ 32.626881964022452, 0.332409729654878 ], [ 32.626861081864227, 0.332399288575766 ], [ 32.62682975862689, 0.332399288575766 ], [ 32.62679843538956, 0.332388847496654 ], [ 32.626767112152223, 0.332388847496654 ], [ 32.626735788914885, 0.332378406417542 ], [ 32.626704465677555, 0.332378406417542 ], [ 32.626673142440218, 0.332367965338431 ], [ 32.626652260281993, 0.332367965338431 ], [ 32.626631378123768, 0.332357524259319 ], [ 32.626600054886438, 0.332357524259319 ], [ 32.626558290569989, 0.332347083180207 ], [ 32.626526967332651, 0.332347083180207 ], [ 32.626495644095321, 0.332336642101096 ], [ 32.626474761937097, 0.332336642101096 ], [ 32.626443438699759, 0.332326201021984 ], [ 32.626401674383317, 0.332315759942872 ], [ 32.626380792225092, 0.33230531886376 ], [ 32.626359910066867, 0.33230531886376 ], [ 32.626339027908642, 0.332294877784649 ], [ 32.626318145750417, 0.332294877784649 ], [ 32.626276381433975, 0.332294877784649 ], [ 32.62625549927575, 0.332284436705537 ], [ 32.626234617117525, 0.332284436705537 ], [ 32.6262137349593, 0.332273995626425 ], [ 32.626192852801083, 0.332263554547314 ], [ 32.626171970642858, 0.332263554547314 ], [ 32.626151088484633, 0.332253113468202 ], [ 32.626130206326408, 0.332253113468202 ], [ 32.626109324168183, 0.33224267238909 ], [ 32.626088442009966, 0.33224267238909 ], [ 32.626057118772628, 0.332232231309979 ], [ 32.626036236614404, 0.332221790230867 ], [ 32.626015354456179, 0.332221790230867 ], [ 32.625984031218849, 0.332211349151755 ], [ 32.625963149060624, 0.332211349151755 ], [ 32.625942266902399, 0.332211349151755 ], [ 32.625921384744174, 0.332200908072643 ], [ 32.625900502585949, 0.332200908072643 ], [ 32.625879620427732, 0.332190466993532 ], [ 32.625848297190394, 0.33218002591442 ], [ 32.62582741503217, 0.33218002591442 ], [ 32.625806532873945, 0.332169584835308 ], [ 32.62578565071572, 0.332159143756197 ], [ 32.62575432747839, 0.332138261597973 ], [ 32.625733445320165, 0.332127820518862 ], [ 32.625702122082828, 0.33211737943975 ], [ 32.625681239924603, 0.332106938360638 ], [ 32.625660357766385, 0.332106938360638 ], [ 32.62563947560816, 0.332086056202415 ], [ 32.625608152370823, 0.332086056202415 ], [ 32.625587270212598, 0.332075615123303 ], [ 32.625555946975268, 0.332065174044191 ], [ 32.625524623737931, 0.332044291885968 ], [ 32.625503741579706, 0.332023409727745 ], [ 32.625482859421481, 0.332023409727745 ], [ 32.625472418342369, 0.332002527569521 ], [ 32.625451536184151, 0.332002527569521 ], [ 32.625451536184151, 0.331981645411298 ], [ 32.625430654025926, 0.331971204332186 ], [ 32.625409771867702, 0.331971204332186 ], [ 32.625388889709477, 0.331950322173963 ], [ 32.625368007551252, 0.331939881094851 ], [ 32.625347125393034, 0.331918998936628 ], [ 32.625326243234809, 0.331908557857516 ], [ 32.625315802155697, 0.331887675699292 ], [ 32.625294919997472, 0.331887675699292 ], [ 32.625274037839247, 0.331866793541069 ], [ 32.62525315568103, 0.331866793541069 ], [ 32.625242714601917, 0.331845911382846 ], [ 32.625221832443692, 0.331835470303734 ], [ 32.625200950285468, 0.331825029224622 ], [ 32.625190509206355, 0.331804147066399 ], [ 32.62516962704813, 0.331804147066399 ], [ 32.625159185969018, 0.331783264908175 ], [ 32.6251383038108, 0.331772823829064 ], [ 32.625117421652575, 0.33175194167084 ], [ 32.625096539494351, 0.331741500591729 ], [ 32.625075657336126, 0.331710177354393 ], [ 32.625065216257013, 0.33168929519617 ], [ 32.625054775177901, 0.331668413037947 ], [ 32.625044334098789, 0.331647530879723 ], [ 32.625023451940571, 0.331637089800612 ], [ 32.625023451940571, 0.331616207642388 ], [ 32.625388889709477, 0.331031507212133 ] ] ] ] } },
{ "type": "Feature", "properties": { "fid": 11, "class": 1.0 }, "geometry": { "type": "MultiPolygon", "coordinates": [ [ [ [ 32.641749378188273, 0.334489150398187 ], [ 32.641726004306307, 0.334489150398187 ], [ 32.641694839130345, 0.334496941692178 ], [ 32.641648091366399, 0.334504732986168 ], [ 32.641593552308464, 0.334512524280159 ], [ 32.641562387132502, 0.33452031557415 ], [ 32.641539013250529, 0.33452810686814 ], [ 32.641484474192595, 0.334535898162131 ], [ 32.641383187370714, 0.334551480750112 ], [ 32.641289691842829, 0.334567063338093 ], [ 32.641250735372871, 0.334574854632084 ], [ 32.641196196314937, 0.334582645926075 ], [ 32.641149448550998, 0.334590437220065 ], [ 32.641087118199067, 0.334598228514056 ], [ 32.641016996553155, 0.334613811102037 ], [ 32.64096245749522, 0.334629393690019 ], [ 32.64092350102527, 0.334629393690019 ], [ 32.640876753261324, 0.334637184984009 ], [ 32.640822214203389, 0.334652767571991 ], [ 32.640767675145455, 0.334652767571991 ], [ 32.64071313608752, 0.334668350159972 ], [ 32.640674179617562, 0.334676141453963 ], [ 32.64060405797165, 0.334683932747953 ], [ 32.6405651015017, 0.334691724041944 ], [ 32.640518353737754, 0.334699515335935 ], [ 32.640494979855781, 0.334707306629925 ], [ 32.640448232091835, 0.334715097923916 ], [ 32.640417066915873, 0.334722889217907 ], [ 32.6403936930339, 0.334730680511897 ], [ 32.640378110445923, 0.334738471805888 ], [ 32.64035473656395, 0.334746263099878 ], [ 32.640323571387988, 0.334754054393869 ], [ 32.640300197506015, 0.33476184568786 ], [ 32.640261241036065, 0.334785219569832 ], [ 32.640214493272119, 0.334808593451804 ], [ 32.640167745508172, 0.334839758627766 ], [ 32.640136580332211, 0.334855341215748 ], [ 32.640113206450238, 0.334863132509738 ], [ 32.64009762386226, 0.334870923803729 ], [ 32.640082041274276, 0.33487871509772 ], [ 32.640050876098314, 0.33488650639171 ], [ 32.64003529351033, 0.334894297685701 ], [ 32.640011919628357, 0.334894297685701 ], [ 32.639988545746391, 0.334909880273682 ], [ 32.639957380570429, 0.334917671567673 ], [ 32.639941797982445, 0.334925462861664 ], [ 32.639918424100472, 0.334948836743635 ], [ 32.639895050218499, 0.334956628037626 ], [ 32.639879467630522, 0.334956628037626 ], [ 32.639863885042537, 0.334972210625607 ], [ 32.63984830245456, 0.334972210625607 ], [ 32.639832719866575, 0.334980001919598 ], [ 32.639817137278591, 0.334987793213589 ], [ 32.639793763396625, 0.334987793213589 ], [ 32.639778180808641, 0.334995584507579 ], [ 32.639762598220656, 0.334987793213589 ], [ 32.63973922433869, 0.334980001919598 ], [ 32.639731433044695, 0.334964419331617 ], [ 32.639708059162722, 0.334948836743635 ], [ 32.63967689398676, 0.334917671567673 ], [ 32.639653520104787, 0.334894297685701 ], [ 32.63963793751681, 0.334863132509738 ], [ 32.639614563634836, 0.334839758627766 ], [ 32.639591189752863, 0.334816384745794 ], [ 32.639560024576902, 0.33476184568786 ], [ 32.639521068106951, 0.334699515335935 ], [ 32.639505485518967, 0.334660558865981 ], [ 32.639482111636994, 0.334606019808047 ], [ 32.639466529049017, 0.334559272044103 ], [ 32.639458737755021, 0.334535898162131 ], [ 32.639443155167044, 0.334504732986168 ], [ 32.639443155167044, 0.334481359104196 ], [ 32.639435363873055, 0.334457985222224 ], [ 32.639435363873055, 0.334434611340252 ], [ 32.639427572579059, 0.334395654870299 ], [ 32.639419781285071, 0.334364489694336 ], [ 32.639411989991082, 0.334325533224383 ], [ 32.639404198697086, 0.334294368048421 ], [ 32.63938082481512, 0.334270994166449 ], [ 32.639373033521125, 0.334247620284477 ], [ 32.639373033521125, 0.334232037696495 ], [ 32.639365242227136, 0.334216455108514 ], [ 32.639357450933147, 0.334193081226542 ], [ 32.639341868345163, 0.33416970734457 ], [ 32.639334077051174, 0.334146333462598 ], [ 32.63931849446319, 0.334138542168608 ], [ 32.639310703169201, 0.334122959580626 ], [ 32.639302911875212, 0.334107376992645 ], [ 32.639302911875212, 0.334091794404664 ], [ 32.639302911875212, 0.334076211816682 ], [ 32.639310703169201, 0.334060629228701 ], [ 32.639326285757186, 0.33404504664072 ], [ 32.639349659639151, 0.334029464052738 ], [ 32.639373033521125, 0.334006090170766 ], [ 32.639388616109109, 0.333998298876776 ], [ 32.639411989991082, 0.333974924994804 ], [ 32.639435363873055, 0.333967133700813 ], [ 32.639458737755021, 0.333951551112832 ], [ 32.639474320343005, 0.333935968524851 ], [ 32.63948990293099, 0.333920385936869 ], [ 32.639497694224978, 0.333904803348888 ], [ 32.639505485518967, 0.333889220760907 ], [ 32.639513276812956, 0.333873638172925 ], [ 32.63952885940094, 0.333858055584944 ], [ 32.639536650694929, 0.333842472996963 ], [ 32.639536650694929, 0.333826890408981 ], [ 32.639536650694929, 0.333811307821 ], [ 32.639521068106951, 0.333811307821 ], [ 32.639513276812956, 0.333787933939028 ], [ 32.63948990293099, 0.333764560057056 ], [ 32.639466529049017, 0.333748977469075 ], [ 32.639443155167044, 0.333717812293112 ], [ 32.639411989991082, 0.333702229705131 ], [ 32.639388616109109, 0.33369443841114 ], [ 32.639373033521125, 0.33368664711715 ], [ 32.639349659639151, 0.33368664711715 ], [ 32.639326285757186, 0.33368664711715 ], [ 32.639310703169201, 0.333678855823159 ], [ 32.639295120581217, 0.333678855823159 ], [ 32.639279537993239, 0.333678855823159 ], [ 32.639263955405255, 0.333678855823159 ], [ 32.639232790229293, 0.333678855823159 ], [ 32.639217207641316, 0.333678855823159 ], [ 32.639201625053332, 0.333678855823159 ], [ 32.639186042465354, 0.33368664711715 ], [ 32.639154877289386, 0.33369443841114 ], [ 32.639139294701408, 0.333702229705131 ], [ 32.639115920819435, 0.333710020999122 ], [ 32.639092546937462, 0.333733394881094 ], [ 32.639069173055489, 0.333756768763066 ], [ 32.639045799173516, 0.333772351351047 ], [ 32.639014633997554, 0.333795725233019 ], [ 32.638991260115581, 0.333819099114991 ], [ 32.638967886233615, 0.333842472996963 ], [ 32.638944512351642, 0.333897012054897 ], [ 32.638928929763658, 0.33392817723086 ], [ 32.638874390705723, 0.333967133700813 ], [ 32.638858808117746, 0.333990507582785 ], [ 32.638835434235773, 0.334006090170766 ], [ 32.6388120603538, 0.334021672758748 ], [ 32.638796477765815, 0.33404504664072 ], [ 32.63877310388385, 0.33405283793471 ], [ 32.638757521295865, 0.334060629228701 ], [ 32.638741938707881, 0.334068420522692 ], [ 32.638726356119903, 0.334068420522692 ], [ 32.638710773531919, 0.334076211816682 ], [ 32.638695190943942, 0.334076211816682 ], [ 32.638679608355957, 0.334076211816682 ], [ 32.63866402576798, 0.334076211816682 ], [ 32.638648443179996, 0.334068420522692 ], [ 32.638632860592011, 0.334068420522692 ], [ 32.638617278004034, 0.33405283793471 ], [ 32.63860169541605, 0.334037255346729 ], [ 32.63860169541605, 0.334021672758748 ], [ 32.63860169541605, 0.334006090170766 ], [ 32.63860169541605, 0.333982716288795 ], [ 32.63860169541605, 0.333967133700813 ], [ 32.638609486710045, 0.333943759818841 ], [ 32.638617278004034, 0.333912594642879 ], [ 32.638625069298023, 0.333881429466916 ], [ 32.638632860592011, 0.333858055584944 ], [ 32.63866402576798, 0.333826890408981 ], [ 32.638671817061969, 0.333811307821 ], [ 32.638679608355957, 0.333787933939028 ], [ 32.63870298223793, 0.333756768763066 ], [ 32.638718564825915, 0.333741186175084 ], [ 32.638726356119903, 0.333717812293112 ], [ 32.638749730001877, 0.33369443841114 ], [ 32.63877310388385, 0.333671064529168 ], [ 32.638804269059811, 0.333655481941187 ], [ 32.638827642941784, 0.333647690647196 ], [ 32.63885101682375, 0.333632108059215 ], [ 32.638866599411735, 0.333608734177243 ], [ 32.638882181999719, 0.333600942883252 ], [ 32.638905555881685, 0.333593151589262 ], [ 32.638936721057654, 0.33356977770729 ], [ 32.638952303645631, 0.333561986413299 ], [ 32.638975677527604, 0.333546403825318 ], [ 32.638999051409577, 0.333530821237337 ], [ 32.63902242529155, 0.333499656061374 ], [ 32.639038007879527, 0.333476282179402 ], [ 32.639069173055489, 0.33345290829743 ], [ 32.639100338231451, 0.333437325709449 ], [ 32.63913150340742, 0.333421743121467 ], [ 32.639162668583381, 0.333390577945505 ], [ 32.639201625053332, 0.333367204063533 ], [ 32.639224998935305, 0.33333603888757 ], [ 32.639248372817278, 0.333312665005598 ], [ 32.639263955405255, 0.333289291123626 ], [ 32.639287329287228, 0.333258125947664 ], [ 32.639310703169201, 0.333226960771701 ], [ 32.639341868345163, 0.333180213007757 ], [ 32.639373033521125, 0.333164630419776 ], [ 32.639388616109109, 0.333149047831795 ], [ 32.639404198697086, 0.333125673949823 ], [ 32.639419781285071, 0.333102300067851 ], [ 32.639435363873055, 0.33309450877386 ], [ 32.639458737755021, 0.333078926185879 ], [ 32.639474320343005, 0.333055552303907 ], [ 32.639505485518967, 0.333039969715925 ], [ 32.639521068106951, 0.333016595833953 ], [ 32.639544441988924, 0.332985430657991 ], [ 32.639560024576902, 0.332962056776019 ], [ 32.639575607164886, 0.332938682894047 ], [ 32.639591189752863, 0.332915309012075 ], [ 32.639606772340848, 0.332899726424094 ], [ 32.639622354928825, 0.332884143836112 ], [ 32.639645728810798, 0.33286076995414 ], [ 32.639661311398783, 0.332845187366159 ], [ 32.63967689398676, 0.332814022190197 ], [ 32.639692476574744, 0.332775065720243 ], [ 32.639731433044695, 0.332728317956299 ], [ 32.639754806926668, 0.332689361486346 ], [ 32.639785972102629, 0.332658196310383 ], [ 32.639817137278591, 0.33261923984043 ], [ 32.639840511160564, 0.332603657252449 ], [ 32.639871676336526, 0.332580283370477 ], [ 32.639895050218499, 0.332572492076486 ], [ 32.639910632806483, 0.332564700782496 ], [ 32.63992621539446, 0.332549118194514 ], [ 32.639949589276434, 0.332541326900524 ], [ 32.639965171864418, 0.332533535606533 ], [ 32.639988545746391, 0.332525744312542 ], [ 32.640019710922353, 0.33250237043057 ], [ 32.640050876098314, 0.33249457913658 ], [ 32.640074249980287, 0.332478996548598 ], [ 32.640089832568265, 0.332471205254608 ], [ 32.640105415156249, 0.332455622666626 ], [ 32.640120997744226, 0.332440040078645 ], [ 32.640144371626199, 0.332424457490664 ], [ 32.640167745508172, 0.332416666196673 ], [ 32.64020670197813, 0.332401083608692 ], [ 32.640230075860096, 0.332401083608692 ], [ 32.64024565844808, 0.332385501020711 ], [ 32.640276823624042, 0.33237770972672 ], [ 32.640292406212026, 0.332369918432729 ], [ 32.640315780093999, 0.332362127138739 ], [ 32.640362527857938, 0.332346544550757 ], [ 32.6403936930339, 0.332330961962776 ], [ 32.640417066915873, 0.332323170668785 ], [ 32.640448232091835, 0.332307588080804 ], [ 32.64050277114977, 0.332299796786813 ], [ 32.640549518913716, 0.332292005492823 ], [ 32.640580684089677, 0.332284214198832 ], [ 32.640596266677662, 0.332268631610851 ], [ 32.640627431853623, 0.33226084031686 ], [ 32.640650805735596, 0.332253049022869 ], [ 32.640666388323574, 0.332245257728879 ], [ 32.640681970911558, 0.332229675140898 ], [ 32.640697553499535, 0.332214092552916 ], [ 32.640720927381508, 0.332198509964935 ], [ 32.64075209255747, 0.332175136082963 ], [ 32.640767675145455, 0.332159553494982 ], [ 32.640791049027428, 0.33213617961301 ], [ 32.640806631615405, 0.332120597025028 ], [ 32.640822214203389, 0.332112805731038 ], [ 32.640837796791367, 0.332105014437047 ], [ 32.640853379379351, 0.332097223143056 ], [ 32.640868961967335, 0.332073849261084 ], [ 32.640892335849301, 0.332073849261084 ], [ 32.64092350102527, 0.332066057967094 ], [ 32.640954666201232, 0.332058266673103 ], [ 32.640970248789209, 0.332050475379112 ], [ 32.640985831377193, 0.332042684085122 ], [ 32.641009205259166, 0.332034892791131 ], [ 32.641040370435128, 0.332027101497141 ], [ 32.641063744317101, 0.33201931020315 ], [ 32.641087118199067, 0.33201931020315 ], [ 32.641118283375036, 0.332003727615169 ], [ 32.641157239844986, 0.331988145027187 ], [ 32.641180613726959, 0.331980353733197 ], [ 32.641203987608932, 0.331964771145215 ], [ 32.641227361490905, 0.331933605969253 ], [ 32.641242944078883, 0.331918023381271 ], [ 32.641250735372871, 0.33190244079329 ], [ 32.641258526666867, 0.331886858205309 ], [ 32.641258526666867, 0.331871275617327 ], [ 32.641258526666867, 0.331855693029346 ], [ 32.64128190054884, 0.331824527853384 ], [ 32.641289691842829, 0.331808945265402 ], [ 32.641305274430806, 0.33178557138343 ], [ 32.641328648312779, 0.331762197501458 ], [ 32.641344230900764, 0.331746614913477 ], [ 32.641359813488741, 0.331738823619486 ], [ 32.641375396076725, 0.331723241031505 ], [ 32.641383187370714, 0.331707658443524 ], [ 32.641406561252687, 0.331699867149533 ], [ 32.641422143840671, 0.331692075855542 ], [ 32.641445517722637, 0.331645328091599 ], [ 32.64146889160461, 0.331614162915636 ], [ 32.64146889160461, 0.331598580327655 ], [ 32.64146889160461, 0.331575206445683 ], [ 32.64146889160461, 0.33154404126972 ], [ 32.64146889160461, 0.331520667387748 ], [ 32.64146889160461, 0.331505084799767 ], [ 32.64146889160461, 0.331489502211785 ], [ 32.64146889160461, 0.331473919623804 ], [ 32.64146889160461, 0.331442754447842 ], [ 32.64146889160461, 0.33141938056587 ], [ 32.64146889160461, 0.331396006683898 ], [ 32.64146889160461, 0.331364841507935 ], [ 32.64146889160461, 0.331333676331972 ], [ 32.64146889160461, 0.331294719862019 ], [ 32.641461100310622, 0.331263554686057 ], [ 32.641461100310622, 0.331232389510094 ], [ 32.641461100310622, 0.331209015628122 ], [ 32.64146889160461, 0.331170059158169 ], [ 32.641476682898606, 0.331154476570187 ], [ 32.641492265486583, 0.331123311394225 ], [ 32.641500056780572, 0.331099937512253 ], [ 32.641507848074568, 0.331084354924272 ], [ 32.641515639368556, 0.331053189748309 ], [ 32.641531221956541, 0.331022024572346 ], [ 32.641539013250529, 0.330990859396384 ], [ 32.641562387132502, 0.330967485514412 ], [ 32.641570178426491, 0.330936320338449 ], [ 32.641585761014476, 0.330881781280515 ], [ 32.641609134896441, 0.330850616104552 ], [ 32.64164030007241, 0.330796077046617 ], [ 32.641679256542361, 0.330749329282673 ], [ 32.641702630424334, 0.330718164106711 ], [ 32.641749378188273, 0.330679207636758 ], [ 32.641780543364241, 0.330648042460795 ], [ 32.641796125952219, 0.330632459872814 ], [ 32.641835082422176, 0.33059350340286 ], [ 32.641842873716165, 0.330577920814879 ], [ 32.641874038892126, 0.330562338226898 ], [ 32.641905204068088, 0.330523381756944 ], [ 32.641928577950061, 0.330500007874973 ], [ 32.641959743126023, 0.330461051405019 ], [ 32.641983117007996, 0.330437677523047 ], [ 32.642022073477946, 0.330406512347085 ], [ 32.642045447359919, 0.330375347171122 ], [ 32.642076612535881, 0.33035197328915 ], [ 32.642099986417854, 0.330328599407178 ], [ 32.642131151593816, 0.330281851643234 ], [ 32.6421467341818, 0.330258477761262 ], [ 32.642162316769777, 0.330219521291309 ], [ 32.642177899357762, 0.330172773527365 ], [ 32.642193481945746, 0.330133817057412 ], [ 32.642216855827712, 0.330094860587459 ], [ 32.642224647121708, 0.330079277999477 ], [ 32.642240229709685, 0.330063695411496 ], [ 32.64225581229767, 0.330040321529524 ], [ 32.642271394885647, 0.330024738941543 ], [ 32.642279186179643, 0.32999357376558 ], [ 32.642286977473631, 0.329977991177599 ], [ 32.64229476876762, 0.329962408589617 ], [ 32.642302560061616, 0.329946826001636 ], [ 32.642302560061616, 0.329923452119664 ], [ 32.642302560061616, 0.329907869531683 ], [ 32.642302560061616, 0.329892286943702 ], [ 32.642302560061616, 0.32987670435572 ], [ 32.642302560061616, 0.329861121767739 ], [ 32.642302560061616, 0.329845539179758 ], [ 32.642302560061616, 0.329829956591776 ], [ 32.64229476876762, 0.329814374003795 ], [ 32.642286977473631, 0.329798791415814 ], [ 32.642286977473631, 0.329775417533842 ], [ 32.642286977473631, 0.32975983494586 ], [ 32.642302560061616, 0.329736461063888 ], [ 32.642310351355604, 0.329720878475907 ], [ 32.642349307825555, 0.329697504593935 ], [ 32.642380473001516, 0.329674130711963 ], [ 32.642427220765462, 0.329658548123982 ], [ 32.642473968529409, 0.32963517424201 ], [ 32.642497342411382, 0.329627382948019 ], [ 32.642567464057294, 0.329604009066047 ], [ 32.642598629233255, 0.329596217772057 ], [ 32.642645376997201, 0.329572843890085 ], [ 32.642668750879174, 0.329565052596094 ], [ 32.642684333467152, 0.329557261302103 ], [ 32.642731081231098, 0.329549470008113 ], [ 32.642746663819082, 0.329549470008113 ], [ 32.642832368052979, 0.32951830483215 ], [ 32.642902489698891, 0.329471557068206 ], [ 32.64297261134481, 0.329448183186234 ], [ 32.643019359108756, 0.329417018010272 ], [ 32.643112854636641, 0.329378061540318 ], [ 32.643159602400587, 0.329346896364356 ], [ 32.643214141458522, 0.329331313776375 ], [ 32.643245306634483, 0.329315731188393 ], [ 32.643299845692418, 0.329292357306421 ], [ 32.64333101086838, 0.32927677471844 ], [ 32.643362176044342, 0.329268983424449 ], [ 32.643393341220303, 0.329261192130459 ], [ 32.643440088984249, 0.329245609542477 ], [ 32.643471254160211, 0.329230026954496 ], [ 32.643494628042184, 0.329222235660505 ], [ 32.643518001924157, 0.329222235660505 ], [ 32.643572540982092, 0.329214444366515 ], [ 32.643611497452042, 0.329214444366515 ], [ 32.643650453921992, 0.329206653072524 ], [ 32.643720575567912, 0.329206653072524 ], [ 32.643790697213824, 0.329214444366515 ], [ 32.643829653683781, 0.329214444366515 ], [ 32.643884192741716, 0.329230026954496 ], [ 32.643938731799651, 0.329230026954496 ], [ 32.644016644739558, 0.329230026954496 ], [ 32.644040018621531, 0.329230026954496 ], [ 32.644149096737394, 0.329222235660505 ], [ 32.644172470619367, 0.329222235660505 ], [ 32.644227009677302, 0.329222235660505 ], [ 32.644273757441248, 0.329222235660505 ], [ 32.644343879087167, 0.329222235660505 ], [ 32.644398418145101, 0.329230026954496 ], [ 32.644437374615052, 0.329230026954496 ], [ 32.644468539791013, 0.329253400836468 ], [ 32.644507496260964, 0.329253400836468 ], [ 32.644577617906883, 0.329261192130459 ], [ 32.644655530846791, 0.329261192130459 ], [ 32.644702278610737, 0.329261192130459 ], [ 32.644749026374676, 0.329261192130459 ], [ 32.644780191550637, 0.329261192130459 ], [ 32.644811356726599, 0.329261192130459 ], [ 32.644889269666507, 0.329268983424449 ], [ 32.644928226136464, 0.32927677471844 ], [ 32.644974973900403, 0.329284566012431 ], [ 32.645029512958338, 0.329292357306421 ], [ 32.645099634604257, 0.329307939894403 ], [ 32.645154173662192, 0.329323522482384 ], [ 32.645208712720127, 0.329323522482384 ], [ 32.645255460484073, 0.329323522482384 ], [ 32.645294416954023, 0.329323522482384 ], [ 32.645325582129985, 0.329323522482384 ], [ 32.64538012118792, 0.329323522482384 ], [ 32.645434660245854, 0.329346896364356 ], [ 32.645473616715812, 0.329339105070365 ], [ 32.645543738361724, 0.329339105070365 ], [ 32.64559048612567, 0.329339105070365 ], [ 32.645637233889609, 0.329339105070365 ], [ 32.645699564241539, 0.329331313776375 ], [ 32.645754103299474, 0.329331313776375 ], [ 32.645793059769424, 0.329331313776375 ], [ 32.645863181415343, 0.329323522482384 ], [ 32.645902137885294, 0.329307939894403 ], [ 32.645933303061256, 0.329307939894403 ], [ 32.645964468237217, 0.329307939894403 ], [ 32.646034589883136, 0.329284566012431 ], [ 32.64609692023506, 0.329284566012431 ], [ 32.646167041880979, 0.329284566012431 ], [ 32.646205998350929, 0.32927677471844 ], [ 32.646260537408864, 0.329268983424449 ], [ 32.646354032936749, 0.329261192130459 ], [ 32.646392989406706, 0.329253400836468 ], [ 32.646431945876657, 0.329237818248487 ], [ 32.646463111052618, 0.329222235660505 ], [ 32.646502067522576, 0.329198861778533 ], [ 32.646525441404549, 0.329191070484543 ], [ 32.646564397874499, 0.329191070484543 ], [ 32.646556606580511, 0.329206653072524 ], [ 32.646618936932434, 0.329214444366515 ], [ 32.64660335434445, 0.329214444366515 ], [ 32.646673475990369, 0.329222235660505 ], [ 32.646883840928119, 0.329222235660505 ], [ 32.647047458101923, 0.329222235660505 ], [ 32.647179910099759, 0.329191070484543 ], [ 32.647234449157693, 0.329183279190552 ], [ 32.64732015339159, 0.329175487896561 ], [ 32.647359109861547, 0.329167696602571 ], [ 32.647429231507459, 0.329167696602571 ], [ 32.647452605389432, 0.32915990530858 ], [ 32.647468187977417, 0.32915990530858 ], [ 32.647507144447367, 0.329152114014589 ], [ 32.647538309623329, 0.329144322720599 ], [ 32.647553892211313, 0.329144322720599 ], [ 32.647585057387275, 0.329128740132618 ], [ 32.647600639975259, 0.329120948838627 ], [ 32.647616222563236, 0.329113157544636 ], [ 32.647631805151221, 0.329105366250646 ], [ 32.647655179033194, 0.329105366250646 ], [ 32.647670761621171, 0.329105366250646 ], [ 32.647694135503144, 0.329105366250646 ], [ 32.647709718091129, 0.329105366250646 ], [ 32.647733091973095, 0.329105366250646 ], [ 32.647764257149063, 0.329113157544636 ], [ 32.647779839737041, 0.329128740132618 ], [ 32.647803213619014, 0.329144322720599 ], [ 32.647818796206998, 0.329144322720599 ], [ 32.64784996138296, 0.32915990530858 ], [ 32.64788891785291, 0.32915990530858 ], [ 32.647904500440895, 0.32915990530858 ], [ 32.647943456910845, 0.32915990530858 ], [ 32.64799799596878, 0.329183279190552 ], [ 32.648013578556764, 0.329191070484543 ], [ 32.648044743732726, 0.329206653072524 ], [ 32.648068117614699, 0.329214444366515 ], [ 32.648091491496665, 0.329230026954496 ], [ 32.648130447966622, 0.329253400836468 ], [ 32.648153821848595, 0.329261192130459 ], [ 32.648169404436572, 0.32927677471844 ], [ 32.648184987024557, 0.329284566012431 ], [ 32.648216152200519, 0.329300148600412 ], [ 32.648239526082492, 0.329331313776375 ], [ 32.648262899964465, 0.329354687658347 ], [ 32.648270691258453, 0.329385852834309 ], [ 32.648278482552442, 0.329417018010272 ], [ 32.648286273846431, 0.329455974480225 ], [ 32.648301856434415, 0.32951051353816 ], [ 32.648309647728404, 0.329557261302103 ], [ 32.648325230316388, 0.329588426478066 ], [ 32.648333021610377, 0.329627382948019 ], [ 32.648364186786338, 0.329666339417973 ], [ 32.648379769374323, 0.329697504593935 ], [ 32.648387560668311, 0.329713087181917 ], [ 32.648403143256296, 0.329728669769898 ], [ 32.648410934550284, 0.329767626239851 ], [ 32.648410934550284, 0.329798791415814 ], [ 32.648426517138269, 0.329845539179758 ], [ 32.648434308432257, 0.329884495649711 ], [ 32.648449891020235, 0.329939034707645 ], [ 32.648449891020235, 0.329985782471589 ], [ 32.648473264902208, 0.330048112823515 ], [ 32.648473264902208, 0.330102651881449 ], [ 32.648481056196204, 0.330172773527365 ], [ 32.648481056196204, 0.330258477761262 ], [ 32.648481056196204, 0.330313016819197 ], [ 32.648488847490192, 0.330359764583141 ], [ 32.648496638784181, 0.330398721053094 ], [ 32.648527803960143, 0.33046884269901 ], [ 32.648527803960143, 0.330531173050935 ], [ 32.648527803960143, 0.330554546932907 ], [ 32.648512221372165, 0.330702581518729 ], [ 32.648488847490192, 0.330780494458636 ], [ 32.648481056196204, 0.330850616104552 ], [ 32.648473264902208, 0.330905155162486 ], [ 32.648457682314231, 0.330959694220421 ], [ 32.648457682314231, 0.330998650690374 ], [ 32.648457682314231, 0.331022024572346 ], [ 32.648457682314231, 0.331045398454318 ], [ 32.648457682314231, 0.331076563630281 ], [ 32.648465473608219, 0.331115520100234 ], [ 32.648465473608219, 0.331131102688215 ], [ 32.648473264902208, 0.331170059158169 ], [ 32.648473264902208, 0.331201224334131 ], [ 32.648481056196204, 0.331255763392066 ], [ 32.648481056196204, 0.331279137274038 ], [ 32.648481056196204, 0.33131030245 ], [ 32.648481056196204, 0.331349258919954 ], [ 32.648481056196204, 0.331388215389907 ], [ 32.648473264902208, 0.33141938056587 ], [ 32.648473264902208, 0.331458337035823 ], [ 32.648465473608219, 0.331512876093757 ], [ 32.648457682314231, 0.331559623857701 ], [ 32.648449891020235, 0.331598580327655 ], [ 32.648434308432257, 0.33166091067958 ], [ 32.648418725844273, 0.331715449737514 ], [ 32.648410934550284, 0.331769988795449 ], [ 32.6483953519623, 0.331808945265402 ], [ 32.648379769374323, 0.331863484323337 ], [ 32.648364186786338, 0.331918023381271 ], [ 32.648340812904365, 0.331988145027187 ], [ 32.648325230316388, 0.332058266673103 ], [ 32.648317439022399, 0.332112805731038 ], [ 32.648317439022399, 0.332175136082963 ], [ 32.648317439022399, 0.332229675140898 ], [ 32.648317439022399, 0.332284214198832 ], [ 32.648317439022399, 0.332338753256767 ], [ 32.648317439022399, 0.332393292314701 ], [ 32.648333021610377, 0.332447831372636 ], [ 32.648333021610377, 0.332486787842589 ], [ 32.648333021610377, 0.332541326900524 ], [ 32.648333021610377, 0.332580283370477 ], [ 32.648317439022399, 0.33261923984043 ], [ 32.648309647728404, 0.332665987604374 ], [ 32.648294065140426, 0.332681570192355 ], [ 32.648286273846431, 0.332697152780337 ], [ 32.648270691258453, 0.332720526662309 ], [ 32.648255108670469, 0.33273610925029 ], [ 32.648239526082492, 0.332751691838271 ], [ 32.648223943494507, 0.332767274426253 ], [ 32.648192778318545, 0.332790648308225 ], [ 32.648177195730568, 0.332806230896206 ], [ 32.648153821848595, 0.332821813484187 ], [ 32.648122656672633, 0.332837396072168 ], [ 32.64809928279066, 0.332845187366159 ], [ 32.648075908908687, 0.33285297866015 ], [ 32.648044743732726, 0.33286076995414 ], [ 32.648029161144741, 0.332876352542122 ], [ 32.648005787262768, 0.332891935130103 ], [ 32.647990204674791, 0.332907517718084 ], [ 32.647974622086807, 0.332923100306066 ], [ 32.647959039498829, 0.332954265482028 ], [ 32.647943456910845, 0.332962056776019 ], [ 32.647935665616856, 0.332985430657991 ], [ 32.647920083028872, 0.333008804539963 ], [ 32.647912291734883, 0.333024387127944 ], [ 32.647904500440895, 0.333055552303907 ], [ 32.647896709146899, 0.33309450877386 ], [ 32.647881126558921, 0.333141256537804 ], [ 32.647873335264933, 0.333156839125785 ], [ 32.647865543970937, 0.333203586889729 ], [ 32.647842170088964, 0.333258125947664 ], [ 32.647834378794975, 0.333297082417617 ], [ 32.647834378794975, 0.33333603888757 ], [ 32.647834378794975, 0.333359412769542 ], [ 32.647826587500987, 0.333390577945505 ], [ 32.647826587500987, 0.333413951827477 ], [ 32.647826587500987, 0.333429534415458 ], [ 32.647826587500987, 0.333460699591421 ], [ 32.647826587500987, 0.333484073473393 ], [ 32.647818796206998, 0.33356977770729 ], [ 32.647818796206998, 0.333616525471234 ], [ 32.647811004913002, 0.333632108059215 ], [ 32.647803213619014, 0.333671064529168 ], [ 32.647787631031029, 0.33369443841114 ], [ 32.647779839737041, 0.333710020999122 ], [ 32.647772048443052, 0.333741186175084 ], [ 32.647764257149063, 0.333764560057056 ], [ 32.647764257149063, 0.333787933939028 ], [ 32.647756465855068, 0.333811307821 ], [ 32.647748674561079, 0.333834681702972 ], [ 32.647748674561079, 0.333873638172925 ], [ 32.64774088326709, 0.333889220760907 ], [ 32.647733091973095, 0.333920385936869 ], [ 32.647733091973095, 0.333935968524851 ], [ 32.647725300679106, 0.333959342406823 ], [ 32.647725300679106, 0.333974924994804 ], [ 32.647725300679106, 0.333990507582785 ], [ 32.647725300679106, 0.334006090170766 ], [ 32.647733091973095, 0.334029464052738 ], [ 32.64774088326709, 0.33404504664072 ], [ 32.647764257149063, 0.334068420522692 ], [ 32.647795422325025, 0.334091794404664 ], [ 32.647818796206998, 0.334107376992645 ], [ 32.64784996138296, 0.334122959580626 ], [ 32.647881126558921, 0.334130750874617 ], [ 32.647912291734883, 0.334138542168608 ], [ 32.64792787432286, 0.334138542168608 ], [ 32.647943456910845, 0.334138542168608 ], [ 32.647959039498829, 0.334138542168608 ], [ 32.647966830792818, 0.334161916050579 ], [ 32.647990204674791, 0.334177498638561 ], [ 32.647990204674791, 0.334193081226542 ], [ 32.648021369850753, 0.334224246402505 ], [ 32.64803695243873, 0.334270994166449 ], [ 32.648060326320703, 0.334317741930393 ], [ 32.648075908908687, 0.334348907106355 ], [ 32.648091491496665, 0.334387863576308 ], [ 32.648107074084649, 0.334434611340252 ], [ 32.648114865378638, 0.334481359104196 ], [ 32.648138239260611, 0.33452031557415 ], [ 32.648153821848595, 0.334551480750112 ], [ 32.648184987024557, 0.334621602396028 ], [ 32.648200569612534, 0.334676141453963 ], [ 32.64820836090653, 0.334730680511897 ], [ 32.648216152200519, 0.334816384745794 ], [ 32.648216152200519, 0.334855341215748 ], [ 32.648216152200519, 0.334894297685701 ], [ 32.64820836090653, 0.334925462861664 ], [ 32.648200569612534, 0.334964419331617 ], [ 32.648192778318545, 0.334987793213589 ], [ 32.648192778318545, 0.335011167095561 ], [ 32.648192778318545, 0.335042332271523 ], [ 32.648192778318545, 0.335065706153495 ], [ 32.648192778318545, 0.335081288741477 ], [ 32.648138239260611, 0.335143619093402 ], [ 32.648068117614699, 0.335221532033308 ], [ 32.648013578556764, 0.335291653679224 ], [ 32.647959039498829, 0.335353984031149 ], [ 32.647904500440895, 0.335400731795093 ], [ 32.647881126558921, 0.335447479559037 ], [ 32.647865543970937, 0.335463062147019 ], [ 32.64784996138296, 0.335470853441009 ], [ 32.647818796206998, 0.335502018616972 ], [ 32.647803213619014, 0.335517601204953 ], [ 32.647725300679106, 0.335579931556878 ], [ 32.647709718091129, 0.335587722850869 ], [ 32.64767855291516, 0.33560330543885 ], [ 32.647655179033194, 0.335626679320822 ], [ 32.64763959644521, 0.335634470614813 ], [ 32.647624013857225, 0.335650053202794 ], [ 32.647600639975259, 0.335665635790776 ], [ 32.647577266093286, 0.335673427084766 ], [ 32.647546100917324, 0.335696800966738 ], [ 32.64753051832934, 0.335704592260729 ], [ 32.647514935741363, 0.33572017484871 ], [ 32.647475979271405, 0.335766922612654 ], [ 32.647452605389432, 0.335782505200635 ], [ 32.647429231507459, 0.335798087788617 ], [ 32.647405857625493, 0.335805879082607 ], [ 32.647398066331498, 0.335821461670589 ], [ 32.647366901155536, 0.33583704425857 ], [ 32.647351318567559, 0.335852626846551 ], [ 32.647335735979574, 0.335860418140542 ], [ 32.647296779509624, 0.335868209434533 ], [ 32.647265614333655, 0.335876000728523 ], [ 32.647242240451689, 0.335883792022514 ], [ 32.647226657863705, 0.335891583316504 ], [ 32.647203283981732, 0.335907165904486 ], [ 32.64717211880577, 0.335922748492467 ], [ 32.647125371041824, 0.335938331080448 ], [ 32.647109788453847, 0.335946122374439 ], [ 32.647078623277885, 0.33595391366843 ], [ 32.647063040689901, 0.33596170496242 ], [ 32.647047458101923, 0.33596170496242 ], [ 32.647031875513939, 0.335969496256411 ], [ 32.647000710337977, 0.335969496256411 ], [ 32.646969545162015, 0.335977287550402 ], [ 32.646938379986054, 0.335992870138383 ], [ 32.646899423516096, 0.336000661432374 ], [ 32.646852675752157, 0.336008452726364 ], [ 32.646837093164173, 0.336008452726364 ], [ 32.646821510576189, 0.336008452726364 ], [ 32.646805927988211, 0.336008452726364 ], [ 32.646782554106238, 0.335992870138383 ], [ 32.646759180224265, 0.33595391366843 ], [ 32.646743597636288, 0.335930539786458 ], [ 32.646720223754315, 0.335922748492467 ], [ 32.646720223754315, 0.335891583316504 ], [ 32.64670464116633, 0.335891583316504 ], [ 32.646696849872342, 0.335860418140542 ], [ 32.646696849872342, 0.335829252964579 ], [ 32.646689058578353, 0.335798087788617 ], [ 32.646657893402384, 0.335766922612654 ], [ 32.646650102108396, 0.33572017484871 ], [ 32.646642310814407, 0.335665635790776 ], [ 32.646634519520418, 0.335626679320822 ], [ 32.646626728226423, 0.335579931556878 ], [ 32.646618936932434, 0.335548766380916 ], [ 32.646611145638445, 0.335509809910963 ], [ 32.646595563050461, 0.335478644735 ], [ 32.646579980462484, 0.335455270853028 ], [ 32.646548815286515, 0.335392940501103 ], [ 32.646525441404549, 0.335346192737159 ], [ 32.646502067522576, 0.335322818855187 ], [ 32.646494276228587, 0.335299444973215 ], [ 32.646486484934591, 0.335268279797252 ], [ 32.646447528464641, 0.335198158151336 ], [ 32.646439737170653, 0.335174784269364 ], [ 32.646431945876657, 0.335159201681383 ], [ 32.646416363288679, 0.335143619093402 ], [ 32.646416363288679, 0.335128036505421 ], [ 32.646400780700695, 0.33512024521143 ], [ 32.646392989406706, 0.335104662623449 ], [ 32.646361824230745, 0.335081288741477 ], [ 32.64634624164276, 0.335073497447486 ], [ 32.646330659054783, 0.335065706153495 ], [ 32.646322867760787, 0.335050123565514 ], [ 32.646283911290837, 0.335018958389551 ], [ 32.646260537408864, 0.334980001919598 ], [ 32.646213789644918, 0.334956628037626 ], [ 32.646190415762945, 0.334933254155654 ], [ 32.646159250586983, 0.334909880273682 ], [ 32.646135876705017, 0.33488650639171 ], [ 32.646112502823044, 0.334863132509738 ], [ 32.646065755059098, 0.334824176039785 ], [ 32.646042381177125, 0.334800802157813 ], [ 32.646026798589148, 0.334785219569832 ], [ 32.646019007295152, 0.33476963698185 ], [ 32.64598784211919, 0.33476963698185 ], [ 32.645964468237217, 0.334730680511897 ], [ 32.645933303061256, 0.334715097923916 ], [ 32.645894346591305, 0.334668350159972 ], [ 32.645870972709332, 0.334644976278 ], [ 32.64583980753337, 0.334621602396028 ], [ 32.645793059769424, 0.334582645926075 ], [ 32.645754103299474, 0.334551480750112 ], [ 32.645715146829517, 0.334504732986168 ], [ 32.645683981653555, 0.334481359104196 ], [ 32.645652816477593, 0.334457985222224 ], [ 32.645606068713647, 0.334442402634243 ], [ 32.645582694831674, 0.334426820046262 ], [ 32.645559320949708, 0.334426820046262 ], [ 32.645528155773739, 0.334419028752271 ], [ 32.645496990597778, 0.33441123745828 ], [ 32.645473616715812, 0.33440344616429 ], [ 32.645442451539843, 0.334395654870299 ], [ 32.645426868951866, 0.334395654870299 ], [ 32.645395703775904, 0.334395654870299 ], [ 32.645364538599942, 0.334395654870299 ], [ 32.645325582129985, 0.33440344616429 ], [ 32.645294416954023, 0.33441123745828 ], [ 32.645263251778061, 0.334419028752271 ], [ 32.6452320866021, 0.334434611340252 ], [ 32.645185338838154, 0.334457985222224 ], [ 32.645161964956181, 0.334465776516215 ], [ 32.645130799780219, 0.334481359104196 ], [ 32.64512300848623, 0.334496941692178 ], [ 32.645107425898246, 0.33452031557415 ], [ 32.645091843310269, 0.334535898162131 ], [ 32.645068469428296, 0.334543689456122 ], [ 32.645052886840311, 0.334551480750112 ], [ 32.645037304252334, 0.334567063338093 ], [ 32.645021721664349, 0.334574854632084 ], [ 32.645006139076372, 0.334574854632084 ], [ 32.644990556488388, 0.334582645926075 ], [ 32.644974973900403, 0.334590437220065 ], [ 32.644959391312426, 0.334598228514056 ], [ 32.644943808724442, 0.334598228514056 ], [ 32.644928226136464, 0.334613811102037 ], [ 32.644904852254491, 0.334637184984009 ], [ 32.644889269666507, 0.334644976278 ], [ 32.64487368707853, 0.334660558865981 ], [ 32.644819148020595, 0.334668350159972 ], [ 32.644795774138622, 0.334676141453963 ], [ 32.644772400256649, 0.334676141453963 ], [ 32.644749026374676, 0.334683932747953 ], [ 32.644733443786699, 0.334683932747953 ], [ 32.644663322140779, 0.334676141453963 ], [ 32.644585409200872, 0.334676141453963 ], [ 32.644491913672987, 0.334652767571991 ], [ 32.644343879087167, 0.334644976278 ], [ 32.644320505205194, 0.334637184984009 ], [ 32.644281548735236, 0.334637184984009 ], [ 32.644211427089324, 0.334621602396028 ], [ 32.644133514149416, 0.334606019808047 ], [ 32.644110140267443, 0.334598228514056 ], [ 32.644055601209509, 0.334590437220065 ], [ 32.644008853445563, 0.334582645926075 ], [ 32.643954314387628, 0.334582645926075 ], [ 32.643891984035704, 0.334574854632084 ], [ 32.64383744497777, 0.334559272044103 ], [ 32.643782905919835, 0.334551480750112 ], [ 32.643697201685939, 0.334535898162131 ], [ 32.643650453921992, 0.334535898162131 ], [ 32.643603706158054, 0.334535898162131 ], [ 32.643556958394107, 0.334535898162131 ], [ 32.643471254160211, 0.33452810686814 ], [ 32.643362176044342, 0.334512524280159 ], [ 32.643245306634483, 0.334512524280159 ], [ 32.643206350164526, 0.334512524280159 ], [ 32.643167393694576, 0.334512524280159 ], [ 32.643136228518614, 0.334512524280159 ], [ 32.643081689460679, 0.334512524280159 ], [ 32.643066106872695, 0.334512524280159 ], [ 32.643019359108756, 0.334512524280159 ], [ 32.642995985226783, 0.334512524280159 ], [ 32.642957028756825, 0.334512524280159 ], [ 32.642933654874852, 0.334512524280159 ], [ 32.642918072286875, 0.334512524280159 ], [ 32.642894698404902, 0.334512524280159 ], [ 32.642871324522929, 0.334512524280159 ], [ 32.642855741934952, 0.334512524280159 ], [ 32.642816785464994, 0.334512524280159 ], [ 32.642793411583021, 0.334512524280159 ], [ 32.642762246407059, 0.33452031557415 ], [ 32.642746663819082, 0.33452031557415 ], [ 32.642707707349125, 0.33452031557415 ], [ 32.642692124761147, 0.33452031557415 ], [ 32.642676542173163, 0.33452031557415 ], [ 32.642660959585186, 0.33452031557415 ], [ 32.642645376997201, 0.33452031557415 ], [ 32.642629794409217, 0.33452031557415 ], [ 32.642606420527251, 0.334504732986168 ], [ 32.642583046645278, 0.334504732986168 ], [ 32.642559672763305, 0.334496941692178 ], [ 32.642544090175321, 0.334496941692178 ], [ 32.642520716293348, 0.334496941692178 ], [ 32.642497342411382, 0.334496941692178 ], [ 32.642442803353447, 0.334496941692178 ], [ 32.642419429471474, 0.334504732986168 ], [ 32.642380473001516, 0.334512524280159 ], [ 32.64235709911955, 0.334512524280159 ], [ 32.642318142649593, 0.334512524280159 ], [ 32.64229476876762, 0.334512524280159 ], [ 32.641749378188273, 0.334489150398187 ] ] ] ] } },
{ "type": "Feature", "properties": { "fid": 12, "class": 1.0 }, "geometry": { "type": "MultiPolygon", "coordinates": [ [ [ [ 32.592387759800509, 0.302702147014206 ], [ 32.592396349702135, 0.302667787407708 ], [ 32.59240493960376, 0.302633427801209 ], [ 32.592413529505379, 0.302616247997959 ], [ 32.592422119407004, 0.302581888391461 ], [ 32.59243070930863, 0.302547528784962 ], [ 32.59243070930863, 0.302530348981713 ], [ 32.592447889111881, 0.302513169178463 ], [ 32.592456479013507, 0.302495989375214 ], [ 32.592473658816758, 0.302478809571964 ], [ 32.592499428521627, 0.302461629768715 ], [ 32.592533788128129, 0.30245303986709 ], [ 32.592559557832999, 0.302427270162216 ], [ 32.592585327537876, 0.302418680260591 ], [ 32.592602507341127, 0.302401500457342 ], [ 32.592645456849247, 0.302384320654093 ], [ 32.592662636652499, 0.302375730752468 ], [ 32.592688406357375, 0.302358550949219 ], [ 32.592705586160619, 0.302341371145969 ], [ 32.59272276596387, 0.30232419134272 ], [ 32.592748535668747, 0.302298421637846 ], [ 32.592748535668747, 0.302281241834596 ], [ 32.592765715471991, 0.302255472129722 ], [ 32.592774305373617, 0.302238292326473 ], [ 32.592782895275242, 0.302212522621599 ], [ 32.592782895275242, 0.302169573113475 ], [ 32.592791485176868, 0.302143803408601 ], [ 32.592791485176868, 0.302118033703727 ], [ 32.592800075078493, 0.302083674097228 ], [ 32.592808664980119, 0.302066494293979 ], [ 32.592817254881744, 0.30203213468748 ], [ 32.592817254881744, 0.302006364982606 ], [ 32.59282584478337, 0.301989185179357 ], [ 32.592843024586614, 0.301946235671233 ], [ 32.592851614488239, 0.301920465966359 ], [ 32.592851614488239, 0.301894696261485 ], [ 32.592860204389865, 0.301877516458236 ], [ 32.592868794291491, 0.301860336654986 ], [ 32.592877384193116, 0.301843156851737 ], [ 32.592894563996367, 0.301800207343613 ], [ 32.592911743799611, 0.301765847737115 ], [ 32.592911743799611, 0.301748667933865 ], [ 32.592920333701237, 0.301731488130616 ], [ 32.592937513504488, 0.301705718425742 ], [ 32.592946103406113, 0.301688538622492 ], [ 32.592954693307739, 0.301671358819243 ], [ 32.59297187311099, 0.301654179015994 ], [ 32.592989052914234, 0.301645589114369 ], [ 32.593006232717485, 0.30162840931112 ], [ 32.593023412520736, 0.301619819409495 ], [ 32.593040592323987, 0.30161122950787 ], [ 32.593057772127231, 0.301602639606245 ], [ 32.593092131733734, 0.301594049704621 ], [ 32.593135081241854, 0.301585459802996 ], [ 32.593160850946731, 0.301576869901371 ], [ 32.593203800454852, 0.301559690098122 ], [ 32.593229570159728, 0.301551100196497 ], [ 32.593255339864605, 0.301542510294873 ], [ 32.593281109569475, 0.301533920393248 ], [ 32.593315469175977, 0.301525330491623 ], [ 32.593358418684097, 0.301516740589998 ], [ 32.5933927782906, 0.301508150688374 ], [ 32.593409958093844, 0.301499560786749 ], [ 32.593427137897095, 0.3014823809835 ], [ 32.593444317700346, 0.3014823809835 ], [ 32.593478677306841, 0.3014823809835 ], [ 32.593495857110092, 0.3014823809835 ], [ 32.593521626814969, 0.3014823809835 ], [ 32.593555986421464, 0.3014823809835 ], [ 32.593573166224715, 0.301490970885124 ], [ 32.593607525831217, 0.301490970885124 ], [ 32.593650475339338, 0.301499560786749 ], [ 32.593676245044215, 0.301508150688374 ], [ 32.59371060465071, 0.301525330491623 ], [ 32.593744964257212, 0.301533920393248 ], [ 32.593779323863707, 0.301551100196497 ], [ 32.593805093568584, 0.301568279999747 ], [ 32.593830863273453, 0.301585459802996 ], [ 32.59385663297833, 0.30161122950787 ], [ 32.593882402683207, 0.301645589114369 ], [ 32.593908172388076, 0.301671358819243 ], [ 32.593942531994578, 0.301679948720868 ], [ 32.593951121896204, 0.301697128524117 ], [ 32.593976891601073, 0.301714308327367 ], [ 32.59400266130595, 0.301731488130616 ], [ 32.594019841109201, 0.301731488130616 ], [ 32.594037020912452, 0.301740078032241 ], [ 32.594054200715696, 0.301748667933865 ], [ 32.594088560322199, 0.30175725783549 ], [ 32.59410574012545, 0.30175725783549 ], [ 32.594122919928694, 0.301765847737115 ], [ 32.59414868963357, 0.301774437638739 ], [ 32.594174459338447, 0.301774437638739 ], [ 32.594208818944942, 0.301791617441989 ], [ 32.594225998748193, 0.301791617441989 ], [ 32.594243178551444, 0.301791617441989 ], [ 32.594260358354688, 0.301800207343613 ], [ 32.594277538157939, 0.301800207343613 ], [ 32.594303307862816, 0.301800207343613 ], [ 32.594337667469311, 0.301800207343613 ], [ 32.594354847272562, 0.301800207343613 ], [ 32.594372027075813, 0.301800207343613 ], [ 32.594389206879065, 0.301800207343613 ], [ 32.594406386682309, 0.301800207343613 ], [ 32.594440746288811, 0.301800207343613 ], [ 32.594466515993687, 0.301800207343613 ], [ 32.594492285698557, 0.301783027540364 ], [ 32.594526645305059, 0.301774437638739 ], [ 32.594543825108303, 0.301765847737115 ], [ 32.594578184714806, 0.301765847737115 ], [ 32.594612544321301, 0.30175725783549 ], [ 32.594638314026177, 0.301740078032241 ], [ 32.594655493829428, 0.301705718425742 ], [ 32.594681263534298, 0.301679948720868 ], [ 32.594681263534298, 0.301662768917618 ], [ 32.594689853435924, 0.30162840931112 ], [ 32.594707033239175, 0.301619819409495 ], [ 32.594724213042426, 0.301594049704621 ], [ 32.594741392845677, 0.301576869901371 ], [ 32.594749982747302, 0.301559690098122 ], [ 32.594758572648921, 0.301542510294873 ], [ 32.594775752452172, 0.301533920393248 ], [ 32.594792932255423, 0.301516740589998 ], [ 32.594810112058674, 0.301490970885124 ], [ 32.594835881763544, 0.3014823809835 ], [ 32.594870241370046, 0.301448021377001 ], [ 32.594904600976541, 0.301430841573752 ], [ 32.594921780779792, 0.301405071868877 ], [ 32.594938960583043, 0.301387892065628 ], [ 32.59496473028792, 0.301362122360754 ], [ 32.594981910091164, 0.301344942557505 ], [ 32.59499049999279, 0.301319172852631 ], [ 32.595042039402536, 0.301293403147756 ], [ 32.595059219205787, 0.301284813246132 ], [ 32.595067809107412, 0.301250453639633 ], [ 32.595084988910664, 0.301224683934759 ], [ 32.595093578812289, 0.30119032432826 ], [ 32.595110758615533, 0.301181734426635 ], [ 32.595119348517159, 0.301147374820137 ], [ 32.595127938418784, 0.301113015213638 ], [ 32.595188067730156, 0.301078655607139 ], [ 32.595248197041535, 0.301035706099016 ], [ 32.595308326352907, 0.301001346492517 ], [ 32.595351275861027, 0.300958396984393 ], [ 32.595394225369148, 0.300924037377895 ], [ 32.595411405172399, 0.30089826767302 ], [ 32.59542858497565, 0.300872497968146 ], [ 32.595445764778901, 0.300855318164897 ], [ 32.595471534483771, 0.300846728263272 ], [ 32.595488714287022, 0.300829548460023 ], [ 32.595497304188648, 0.300812368656774 ], [ 32.595505894090273, 0.300786598951899 ], [ 32.595523073893524, 0.300778009050275 ], [ 32.595540253696768, 0.300760829247025 ], [ 32.595548843598394, 0.300743649443776 ], [ 32.595557433500019, 0.300726469640527 ], [ 32.595566023401645, 0.300692110034028 ], [ 32.595566023401645, 0.300666340329154 ], [ 32.595566023401645, 0.300631980722655 ], [ 32.595566023401645, 0.300606211017781 ], [ 32.595566023401645, 0.300580441312907 ], [ 32.595566023401645, 0.300546081706408 ], [ 32.595566023401645, 0.300520312001534 ], [ 32.595566023401645, 0.300485952395035 ], [ 32.595557433500019, 0.300451592788536 ], [ 32.595548843598394, 0.300425823083662 ], [ 32.595548843598394, 0.300408643280413 ], [ 32.595548843598394, 0.300382873575539 ], [ 32.595548843598394, 0.300365693772289 ], [ 32.595540253696768, 0.30034851396904 ], [ 32.595540253696768, 0.300331334165791 ], [ 32.595540253696768, 0.300305564460916 ], [ 32.595540253696768, 0.300288384657667 ], [ 32.595540253696768, 0.300271204854418 ], [ 32.595540253696768, 0.300245435149544 ], [ 32.595557433500019, 0.300228255346294 ], [ 32.595566023401645, 0.300211075543045 ], [ 32.595583203204896, 0.300193895739795 ], [ 32.595600383008147, 0.300193895739795 ], [ 32.595608972909766, 0.300176715936546 ], [ 32.595617562811391, 0.300159536133297 ], [ 32.595626152713017, 0.300133766428423 ], [ 32.595626152713017, 0.300116586625173 ], [ 32.595634742614642, 0.300099406821924 ], [ 32.595651922417893, 0.300082227018674 ], [ 32.595651922417893, 0.300065047215425 ], [ 32.595669102221144, 0.300047867412176 ], [ 32.595669102221144, 0.300030687608926 ], [ 32.595677692122763, 0.300013507805677 ], [ 32.595686282024388, 0.299987738100803 ], [ 32.59570346182764, 0.299970558297553 ], [ 32.595720641630891, 0.299953378494304 ], [ 32.595729231532516, 0.299936198691055 ], [ 32.595737821434142, 0.299919018887805 ], [ 32.59574641133576, 0.299901839084556 ], [ 32.595763591139011, 0.299884659281306 ], [ 32.595772181040637, 0.299867479478057 ], [ 32.595780770942262, 0.299850299674808 ], [ 32.595789360843888, 0.299833119871558 ], [ 32.595806540647139, 0.299824529969934 ], [ 32.595823720450383, 0.299807350166684 ], [ 32.595840900253634, 0.299807350166684 ], [ 32.595858080056885, 0.299815940068309 ], [ 32.595875259860136, 0.299850299674808 ], [ 32.59589243966338, 0.299858889576432 ], [ 32.595909619466632, 0.299876069379682 ], [ 32.595918209368257, 0.299893249182931 ], [ 32.595935389171508, 0.299901839084556 ], [ 32.595952568974759, 0.29992760878943 ], [ 32.595961158876378, 0.299944788592679 ], [ 32.595978338679629, 0.299953378494304 ], [ 32.595986928581254, 0.299970558297553 ], [ 32.596004108384506, 0.299987738100803 ], [ 32.596021288187757, 0.300004917904052 ], [ 32.596038467991001, 0.300022097707302 ], [ 32.596047057892626, 0.300039277510551 ], [ 32.596064237695877, 0.300047867412176 ], [ 32.596081417499128, 0.300065047215425 ], [ 32.596107187203998, 0.300082227018674 ], [ 32.596124367007249, 0.300099406821924 ], [ 32.596167316515377, 0.300133766428423 ], [ 32.596253215531618, 0.300176715936546 ], [ 32.596339114547867, 0.300254025051168 ], [ 32.596390653957613, 0.300296974559292 ], [ 32.596450783268992, 0.300339924067415 ], [ 32.596485142875487, 0.300365693772289 ], [ 32.596510912580364, 0.300391463477163 ], [ 32.596536682285233, 0.300400053378788 ], [ 32.596571041891735, 0.300408643280413 ], [ 32.596588221694986, 0.300434412985287 ], [ 32.596622581301482, 0.300451592788536 ], [ 32.596656940907984, 0.30047736249341 ], [ 32.596717070219356, 0.300511722099909 ], [ 32.596785789432353, 0.300589031214531 ], [ 32.59685450864535, 0.30062339082103 ], [ 32.596914637956722, 0.300666340329154 ], [ 32.596966177366468, 0.300717879738902 ], [ 32.59702630667784, 0.30076941914865 ], [ 32.597052076382717, 0.300795188853524 ], [ 32.597077846087593, 0.300803778755149 ], [ 32.597095025890837, 0.300820958558398 ], [ 32.597155155202216, 0.300846728263272 ], [ 32.597198104710337, 0.300863908066522 ], [ 32.597232464316839, 0.300872497968146 ], [ 32.597301183529837, 0.30089826767302 ], [ 32.597344133037957, 0.300906857574645 ], [ 32.597378492644452, 0.300924037377895 ], [ 32.597430032054206, 0.300932627279519 ], [ 32.597472981562326, 0.300932627279519 ], [ 32.597515931070454, 0.300932627279519 ], [ 32.597558880578575, 0.300932627279519 ], [ 32.597601830086695, 0.300932627279519 ], [ 32.597644779594823, 0.300932627279519 ], [ 32.597679139201318, 0.300932627279519 ], [ 32.597713498807821, 0.300932627279519 ], [ 32.59773926851269, 0.300932627279519 ], [ 32.597765038217567, 0.300932627279519 ], [ 32.597773628119192, 0.30091544747627 ], [ 32.597747858414316, 0.300855318164897 ], [ 32.597704908906195, 0.300803778755149 ], [ 32.597679139201318, 0.300726469640527 ], [ 32.597653369496449, 0.300709289837277 ], [ 32.597610419988321, 0.300666340329154 ], [ 32.59759324018507, 0.300649160525904 ], [ 32.597584650283451, 0.30062339082103 ], [ 32.5975674704802, 0.300614800919406 ], [ 32.597550290676949, 0.300580441312907 ], [ 32.597550290676949, 0.300563261509657 ], [ 32.597541700775324, 0.300546081706408 ], [ 32.597507341168829, 0.300511722099909 ], [ 32.597498751267203, 0.30049454229666 ], [ 32.597472981562326, 0.30047736249341 ], [ 32.597464391660701, 0.300460182690161 ], [ 32.597455801759075, 0.300443002886912 ], [ 32.597447211857457, 0.300417233182038 ], [ 32.597438621955831, 0.300391463477163 ], [ 32.597438621955831, 0.300374283673914 ], [ 32.597438621955831, 0.300357103870665 ], [ 32.597438621955831, 0.300339924067415 ], [ 32.597447211857457, 0.300314154362541 ], [ 32.597447211857457, 0.300296974559292 ], [ 32.597455801759075, 0.300279794756042 ], [ 32.597490161365577, 0.300262614952793 ], [ 32.597507341168829, 0.300236845247919 ], [ 32.597524520972073, 0.300228255346294 ], [ 32.597550290676949, 0.300211075543045 ], [ 32.597558880578575, 0.300193895739795 ], [ 32.597576060381826, 0.300168126034921 ], [ 32.59759324018507, 0.300150946231672 ], [ 32.597610419988321, 0.300150946231672 ], [ 32.597636189693198, 0.300142356330047 ], [ 32.597653369496449, 0.300133766428423 ], [ 32.597670549299693, 0.300116586625173 ], [ 32.597687729102944, 0.300107996723549 ], [ 32.597704908906195, 0.300099406821924 ], [ 32.597730678611072, 0.300082227018674 ], [ 32.597756448315941, 0.300065047215425 ], [ 32.597782218020818, 0.300030687608926 ], [ 32.597799397824069, 0.300030687608926 ], [ 32.597807987725687, 0.300013507805677 ], [ 32.597833757430564, 0.300004917904052 ], [ 32.597833757430564, 0.299987738100803 ], [ 32.597850937233815, 0.299979148199178 ], [ 32.597868117037066, 0.299970558297553 ], [ 32.59788529684031, 0.299961968395929 ], [ 32.597893886741936, 0.299944788592679 ], [ 32.597928246348438, 0.29992760878943 ], [ 32.597954016053308, 0.299901839084556 ], [ 32.597996965561435, 0.299867479478057 ], [ 32.598048504971182, 0.299833119871558 ], [ 32.598074274676058, 0.299790170363435 ], [ 32.598108634282553, 0.299764400658561 ], [ 32.598125814085805, 0.299747220855311 ], [ 32.598151583790681, 0.299712861248813 ], [ 32.598168763593925, 0.299695681445563 ], [ 32.598177353495551, 0.299678501642314 ], [ 32.598194533298802, 0.299669911740689 ], [ 32.598211713102053, 0.299661321839064 ], [ 32.598220303003679, 0.299644142035815 ], [ 32.598237482806923, 0.29963555213419 ], [ 32.598246072708548, 0.299601192527692 ], [ 32.598263252511799, 0.299601192527692 ], [ 32.598263252511799, 0.299584012724442 ], [ 32.59828043231505, 0.299575422822817 ], [ 32.598289022216676, 0.299558243019568 ], [ 32.598297612118301, 0.299541063216319 ], [ 32.59830620201992, 0.299523883413069 ], [ 32.598323381823171, 0.299523883413069 ], [ 32.598340561626422, 0.299498113708195 ], [ 32.598366331331299, 0.299463754101696 ], [ 32.598366331331299, 0.299446574298447 ], [ 32.598383511134543, 0.299429394495198 ], [ 32.598400690937794, 0.299412214691948 ], [ 32.598409280839419, 0.299386444987074 ], [ 32.598426460642671, 0.299377855085449 ], [ 32.59845223034754, 0.2993606752822 ], [ 32.598460820249166, 0.299343495478951 ], [ 32.598478000052417, 0.299326315675701 ], [ 32.598486589954042, 0.299300545970827 ], [ 32.598503769757293, 0.299291956069203 ], [ 32.598503769757293, 0.299274776265953 ], [ 32.598520949560537, 0.299266186364328 ], [ 32.598529539462163, 0.299249006561079 ], [ 32.598563899068665, 0.299223236856205 ], [ 32.598563899068665, 0.299197467151331 ], [ 32.598589668773535, 0.299188877249706 ], [ 32.598624028380037, 0.299154517643207 ], [ 32.598649798084914, 0.299128747938333 ], [ 32.598666977888158, 0.299111568135084 ], [ 32.598675567789783, 0.299094388331835 ], [ 32.598692747593034, 0.299077208528585 ], [ 32.598709927396285, 0.29906861862696 ], [ 32.598727107199529, 0.299051438823711 ], [ 32.598744287002781, 0.299042848922086 ], [ 32.598752876904406, 0.299025669118837 ], [ 32.598804416314152, 0.299017079217212 ], [ 32.598855955723906, 0.299008489315588 ], [ 32.598890315330401, 0.299008489315588 ], [ 32.598933264838529, 0.299008489315588 ], [ 32.598959034543398, 0.299008489315588 ], [ 32.5989933941499, 0.299008489315588 ], [ 32.599027753756395, 0.299008489315588 ], [ 32.599079293166149, 0.299008489315588 ], [ 32.599130832575895, 0.298999899413963 ], [ 32.599156602280765, 0.298991309512338 ], [ 32.599208141690518, 0.298982719610713 ], [ 32.599251091198639, 0.298982719610713 ], [ 32.59926827100189, 0.298974129709089 ], [ 32.599294040706759, 0.298974129709089 ], [ 32.59931122051001, 0.298974129709089 ], [ 32.599328400313262, 0.298974129709089 ], [ 32.599345580116513, 0.298974129709089 ], [ 32.599379939723008, 0.298982719610713 ], [ 32.599405709427884, 0.298991309512338 ], [ 32.599422889231136, 0.298991309512338 ], [ 32.599448658936005, 0.298999899413963 ], [ 32.599491608444133, 0.299008489315588 ], [ 32.599508788247377, 0.299017079217212 ], [ 32.599551737755505, 0.299025669118837 ], [ 32.599586097362, 0.299034259020462 ], [ 32.599620456968502, 0.299042848922086 ], [ 32.599646226673379, 0.29906861862696 ], [ 32.599689176181499, 0.29906861862696 ], [ 32.599714945886376, 0.299094388331835 ], [ 32.59973212568962, 0.299094388331835 ], [ 32.599766485296122, 0.299102978233459 ], [ 32.599792255000992, 0.299111568135084 ], [ 32.599809434804243, 0.299120158036709 ], [ 32.59983520450912, 0.299128747938333 ], [ 32.599869564115615, 0.299163107544832 ], [ 32.599895333820491, 0.299171697446457 ], [ 32.599912513623742, 0.299180287348081 ], [ 32.599929693426994, 0.299188877249706 ], [ 32.599938283328612, 0.299206057052956 ], [ 32.599955463131863, 0.299223236856205 ], [ 32.599972642935114, 0.299223236856205 ], [ 32.59998123283674, 0.299240416659454 ], [ 32.599998412639991, 0.299257596462704 ], [ 32.599998412639991, 0.299274776265953 ], [ 32.600007002541609, 0.299291956069203 ], [ 32.600015592443235, 0.299326315675701 ], [ 32.600015592443235, 0.2993606752822 ], [ 32.60002418234486, 0.299429394495198 ], [ 32.60002418234486, 0.299472344003321 ], [ 32.60002418234486, 0.299558243019568 ], [ 32.600007002541609, 0.299661321839064 ], [ 32.599989822738365, 0.299738630953687 ], [ 32.599955463131863, 0.299815940068309 ], [ 32.599895333820491, 0.299919018887805 ], [ 32.599852384312371, 0.299979148199178 ], [ 32.599809434804243, 0.30007363711705 ], [ 32.599766485296122, 0.300125176526798 ], [ 32.599723535787994, 0.300193895739795 ], [ 32.599689176181499, 0.300236845247919 ], [ 32.599671996378248, 0.300279794756042 ], [ 32.599637636771753, 0.300314154362541 ], [ 32.599620456968502, 0.300339924067415 ], [ 32.599603277165251, 0.300365693772289 ], [ 32.599603277165251, 0.300391463477163 ], [ 32.599594687263625, 0.300417233182038 ], [ 32.599586097362, 0.300434412985287 ], [ 32.599577507460374, 0.300451592788536 ], [ 32.599551737755505, 0.300468772591786 ], [ 32.599543147853879, 0.30049454229666 ], [ 32.599534557952254, 0.300520312001534 ], [ 32.599525968050628, 0.300546081706408 ], [ 32.599525968050628, 0.300563261509657 ], [ 32.599508788247377, 0.300589031214531 ], [ 32.599500198345758, 0.300606211017781 ], [ 32.599491608444133, 0.300631980722655 ], [ 32.599457248837631, 0.300692110034028 ], [ 32.599457248837631, 0.300709289837277 ], [ 32.599431479132761, 0.300735059542151 ], [ 32.599431479132761, 0.300760829247025 ], [ 32.599397119526259, 0.300778009050275 ], [ 32.599397119526259, 0.300803778755149 ], [ 32.599388529624633, 0.300820958558398 ], [ 32.599379939723008, 0.300846728263272 ], [ 32.599362759919764, 0.300855318164897 ], [ 32.599362759919764, 0.300872497968146 ], [ 32.599328400313262, 0.30089826767302 ], [ 32.599302630608385, 0.300932627279519 ], [ 32.599285450805141, 0.300966986886018 ], [ 32.59926827100189, 0.300984166689267 ], [ 32.599259681100264, 0.301009936394142 ], [ 32.599216731592144, 0.30104429600064 ], [ 32.599216731592144, 0.30106147580389 ], [ 32.599199551788892, 0.301070065705514 ], [ 32.599182371985641, 0.301095835410388 ], [ 32.599139422477521, 0.301147374820137 ], [ 32.599105062871018, 0.301181734426635 ], [ 32.599044933559647, 0.301259043541258 ], [ 32.59901916385477, 0.301310582951006 ], [ 32.5989933941499, 0.301353532459129 ], [ 32.598967624445024, 0.301387892065628 ], [ 32.598950444641773, 0.301413661770502 ], [ 32.598933264838529, 0.301430841573752 ], [ 32.598933264838529, 0.301456611278626 ], [ 32.598907495133652, 0.3014823809835 ], [ 32.598907495133652, 0.301499560786749 ], [ 32.598890315330401, 0.301525330491623 ], [ 32.598881725428775, 0.301542510294873 ], [ 32.598864545625531, 0.301585459802996 ], [ 32.59884736582228, 0.30161122950787 ], [ 32.598838775920655, 0.301645589114369 ], [ 32.598795826412534, 0.301697128524117 ], [ 32.598787236510908, 0.30175725783549 ], [ 32.598761466806032, 0.301808797245238 ], [ 32.598752876904406, 0.301843156851737 ], [ 32.598727107199529, 0.301783027540364 ], [ 32.598692747593034, 0.301748667933865 ], [ 32.598666977888158, 0.301697128524117 ], [ 32.598658387986532, 0.301654179015994 ], [ 32.598632618281663, 0.30161122950787 ], [ 32.598624028380037, 0.301576869901371 ], [ 32.598615438478411, 0.301559690098122 ], [ 32.598606848576786, 0.301508150688374 ], [ 32.598563899068665, 0.3014823809835 ], [ 32.598563899068665, 0.301448021377001 ], [ 32.598538129363789, 0.301430841573752 ], [ 32.598529539462163, 0.301405071868877 ], [ 32.598512359658912, 0.301379302164003 ], [ 32.598495179855668, 0.301344942557505 ], [ 32.598478000052417, 0.301327762754255 ], [ 32.598460820249166, 0.301301993049381 ], [ 32.598443640445915, 0.301293403147756 ], [ 32.598426460642671, 0.301293403147756 ], [ 32.598409280839419, 0.301267633442882 ], [ 32.598392101036168, 0.301267633442882 ], [ 32.598374921232917, 0.301250453639633 ], [ 32.598340561626422, 0.301233273836384 ], [ 32.598323381823171, 0.301224683934759 ], [ 32.598297612118301, 0.301224683934759 ], [ 32.598263252511799, 0.301207504131509 ], [ 32.598246072708548, 0.301207504131509 ], [ 32.598228892905297, 0.301198914229885 ], [ 32.598203123200427, 0.301198914229885 ], [ 32.598185943397176, 0.30119032432826 ], [ 32.598168763593925, 0.30119032432826 ], [ 32.59813440398743, 0.30119032432826 ], [ 32.598117224184179, 0.30119032432826 ], [ 32.598091454479302, 0.30119032432826 ], [ 32.598057094872807, 0.30119032432826 ], [ 32.598039915069556, 0.30119032432826 ], [ 32.598005555463061, 0.30119032432826 ], [ 32.597979785758184, 0.301198914229885 ], [ 32.597954016053308, 0.301198914229885 ], [ 32.597936836250064, 0.301207504131509 ], [ 32.597911066545187, 0.301216094033134 ], [ 32.59788529684031, 0.301224683934759 ], [ 32.597859527135441, 0.301233273836384 ], [ 32.59784234733219, 0.301233273836384 ], [ 32.597825167528939, 0.301241863738008 ], [ 32.597790807922443, 0.301267633442882 ], [ 32.597765038217567, 0.301284813246132 ], [ 32.59773926851269, 0.301293403147756 ], [ 32.597722088709446, 0.301301993049381 ], [ 32.597696319004569, 0.301327762754255 ], [ 32.597679139201318, 0.301344942557505 ], [ 32.597653369496449, 0.301344942557505 ], [ 32.597636189693198, 0.301370712262379 ], [ 32.597619009889947, 0.301379302164003 ], [ 32.597610419988321, 0.301396481967253 ], [ 32.597601830086695, 0.301413661770502 ], [ 32.59759324018507, 0.301430841573752 ], [ 32.59759324018507, 0.301448021377001 ], [ 32.59759324018507, 0.30146520118025 ], [ 32.59759324018507, 0.3014823809835 ], [ 32.59759324018507, 0.301508150688374 ], [ 32.59759324018507, 0.301533920393248 ], [ 32.59759324018507, 0.301559690098122 ], [ 32.59759324018507, 0.301576869901371 ], [ 32.597576060381826, 0.301636999212744 ], [ 32.597576060381826, 0.301654179015994 ], [ 32.5975674704802, 0.301679948720868 ], [ 32.597558880578575, 0.301748667933865 ], [ 32.597550290676949, 0.301783027540364 ], [ 32.597541700775324, 0.301800207343613 ], [ 32.597541700775324, 0.301817387146863 ], [ 32.597541700775324, 0.301834566950112 ], [ 32.597533110873698, 0.301860336654986 ], [ 32.597533110873698, 0.301877516458236 ], [ 32.597533110873698, 0.301894696261485 ], [ 32.597533110873698, 0.301911876064734 ], [ 32.597533110873698, 0.301929055867984 ], [ 32.597533110873698, 0.301946235671233 ], [ 32.597524520972073, 0.301972005376107 ], [ 32.597524520972073, 0.301989185179357 ], [ 32.597524520972073, 0.302006364982606 ], [ 32.597524520972073, 0.302023544785856 ], [ 32.597515931070454, 0.302057904392354 ], [ 32.597515931070454, 0.302075084195604 ], [ 32.597515931070454, 0.302100853900478 ], [ 32.597507341168829, 0.302135213506977 ], [ 32.597507341168829, 0.302169573113475 ], [ 32.597498751267203, 0.302186752916725 ], [ 32.597490161365577, 0.302221112523224 ], [ 32.597490161365577, 0.302238292326473 ], [ 32.597481571463952, 0.302281241834596 ], [ 32.597472981562326, 0.302298421637846 ], [ 32.597472981562326, 0.302332781244345 ], [ 32.597464391660701, 0.302358550949219 ], [ 32.597455801759075, 0.30247021967034 ], [ 32.597455801759075, 0.302495989375214 ], [ 32.597455801759075, 0.302538938883337 ], [ 32.597455801759075, 0.302581888391461 ], [ 32.597455801759075, 0.30259906819471 ], [ 32.597455801759075, 0.302633427801209 ], [ 32.597447211857457, 0.302650607604458 ], [ 32.597447211857457, 0.302684967210957 ], [ 32.597447211857457, 0.302719326817456 ], [ 32.597447211857457, 0.302753686423955 ], [ 32.597447211857457, 0.302770866227204 ], [ 32.597438621955831, 0.302805225833703 ], [ 32.597438621955831, 0.302822405636952 ], [ 32.597438621955831, 0.302865355145076 ], [ 32.597430032054206, 0.302882534948325 ], [ 32.597430032054206, 0.302916894554824 ], [ 32.597430032054206, 0.302934074358073 ], [ 32.597430032054206, 0.302951254161323 ], [ 32.597430032054206, 0.302968433964572 ], [ 32.597430032054206, 0.302994203669446 ], [ 32.597430032054206, 0.303011383472695 ], [ 32.597430032054206, 0.30303715317757 ], [ 32.597430032054206, 0.303062922882444 ], [ 32.597430032054206, 0.303088692587318 ], [ 32.597430032054206, 0.303123052193816 ], [ 32.597430032054206, 0.303148821898691 ], [ 32.597430032054206, 0.303174591603565 ], [ 32.597430032054206, 0.303200361308439 ], [ 32.597430032054206, 0.303226131013313 ], [ 32.597430032054206, 0.303251900718187 ], [ 32.597430032054206, 0.303277670423061 ], [ 32.597430032054206, 0.30331203002956 ], [ 32.597430032054206, 0.303329209832809 ], [ 32.597430032054206, 0.303346389636059 ], [ 32.597430032054206, 0.303372159340933 ], [ 32.597430032054206, 0.303397929045807 ], [ 32.597430032054206, 0.303423698750681 ], [ 32.597430032054206, 0.30345805835718 ], [ 32.597430032054206, 0.303483828062054 ], [ 32.597430032054206, 0.303518187668552 ], [ 32.597447211857457, 0.303535367471802 ], [ 32.597455801759075, 0.303552547275051 ], [ 32.597455801759075, 0.303569727078301 ], [ 32.597464391660701, 0.303595496783175 ], [ 32.597472981562326, 0.303612676586424 ], [ 32.597490161365577, 0.303629856389673 ], [ 32.597507341168829, 0.303647036192923 ], [ 32.597515931070454, 0.303664215996172 ], [ 32.597533110873698, 0.303672805897797 ], [ 32.597550290676949, 0.303689985701046 ], [ 32.5975674704802, 0.303689985701046 ], [ 32.597584650283451, 0.303698575602671 ], [ 32.597601830086695, 0.303707165504296 ], [ 32.597619009889947, 0.303707165504296 ], [ 32.597636189693198, 0.303707165504296 ], [ 32.597653369496449, 0.303707165504296 ], [ 32.597679139201318, 0.303698575602671 ], [ 32.597696319004569, 0.303689985701046 ], [ 32.597713498807821, 0.303672805897797 ], [ 32.597730678611072, 0.303672805897797 ], [ 32.597747858414316, 0.303664215996172 ], [ 32.597765038217567, 0.303655626094548 ], [ 32.597790807922443, 0.303647036192923 ], [ 32.597807987725687, 0.303647036192923 ], [ 32.597825167528939, 0.303638446291298 ], [ 32.59784234733219, 0.303638446291298 ], [ 32.597859527135441, 0.303638446291298 ], [ 32.597876706938685, 0.303629856389673 ], [ 32.597902476643561, 0.303621266488049 ], [ 32.597919656446813, 0.303621266488049 ], [ 32.597936836250064, 0.303621266488049 ], [ 32.597962605954933, 0.303621266488049 ], [ 32.597979785758184, 0.303621266488049 ], [ 32.597996965561435, 0.303621266488049 ], [ 32.598039915069556, 0.303621266488049 ], [ 32.598057094872807, 0.303629856389673 ], [ 32.598074274676058, 0.303629856389673 ], [ 32.598100044380928, 0.303638446291298 ], [ 32.598117224184179, 0.303647036192923 ], [ 32.59813440398743, 0.303655626094548 ], [ 32.598151583790681, 0.303655626094548 ], [ 32.598168763593925, 0.303664215996172 ], [ 32.598185943397176, 0.303672805897797 ], [ 32.598194533298802, 0.303689985701046 ], [ 32.598211713102053, 0.303707165504296 ], [ 32.598220303003679, 0.303724345307545 ], [ 32.598220303003679, 0.303741525110794 ], [ 32.598228892905297, 0.303758704914044 ], [ 32.598228892905297, 0.303775884717293 ], [ 32.598228892905297, 0.303793064520543 ], [ 32.598228892905297, 0.303810244323792 ], [ 32.598228892905297, 0.303827424127042 ], [ 32.598228892905297, 0.303844603930291 ], [ 32.598220303003679, 0.30386178373354 ], [ 32.598203123200427, 0.30387896353679 ], [ 32.598185943397176, 0.303896143340039 ], [ 32.598168763593925, 0.303904733241664 ], [ 32.5981601736923, 0.303921913044913 ], [ 32.598142993889056, 0.303921913044913 ], [ 32.598125814085805, 0.303930502946538 ], [ 32.598108634282553, 0.303947682749787 ], [ 32.598091454479302, 0.303947682749787 ], [ 32.598074274676058, 0.303956272651412 ], [ 32.598057094872807, 0.303956272651412 ], [ 32.598039915069556, 0.303956272651412 ], [ 32.598022735266305, 0.303956272651412 ], [ 32.598005555463061, 0.303956272651412 ], [ 32.59798837565981, 0.303956272651412 ], [ 32.597962605954933, 0.303956272651412 ], [ 32.597945426151682, 0.303956272651412 ], [ 32.597928246348438, 0.303956272651412 ], [ 32.597911066545187, 0.303956272651412 ], [ 32.597893886741936, 0.303956272651412 ], [ 32.597876706938685, 0.303956272651412 ], [ 32.597850937233815, 0.303956272651412 ], [ 32.597816577627313, 0.303964862553037 ], [ 32.597790807922443, 0.303973452454661 ], [ 32.597765038217567, 0.303973452454661 ], [ 32.597730678611072, 0.303982042356286 ], [ 32.597696319004569, 0.303990632257911 ], [ 32.597661959398067, 0.303999222159535 ], [ 32.597636189693198, 0.303999222159535 ], [ 32.597619009889947, 0.303999222159535 ], [ 32.597601830086695, 0.303999222159535 ], [ 32.597576060381826, 0.303999222159535 ], [ 32.597558880578575, 0.303999222159535 ], [ 32.597541700775324, 0.303999222159535 ], [ 32.597515931070454, 0.303999222159535 ], [ 32.597498751267203, 0.303999222159535 ], [ 32.597472981562326, 0.303999222159535 ], [ 32.597447211857457, 0.303999222159535 ], [ 32.597430032054206, 0.303999222159535 ], [ 32.597404262349329, 0.303999222159535 ], [ 32.597387082546078, 0.303999222159535 ], [ 32.597369902742834, 0.303990632257911 ], [ 32.597352722939583, 0.303990632257911 ], [ 32.597335543136332, 0.303990632257911 ], [ 32.597318363333081, 0.303990632257911 ], [ 32.597292593628211, 0.303982042356286 ], [ 32.59727541382496, 0.303982042356286 ], [ 32.597258234021709, 0.303973452454661 ], [ 32.597241054218458, 0.303973452454661 ], [ 32.597223874415214, 0.303973452454661 ], [ 32.597206694611963, 0.303973452454661 ], [ 32.597189514808711, 0.303982042356286 ], [ 32.59717233500546, 0.303982042356286 ], [ 32.597155155202216, 0.303990632257911 ], [ 32.59712938549734, 0.304016401962785 ], [ 32.597077846087593, 0.304024991864409 ], [ 32.597043486481091, 0.304050761569284 ], [ 32.596991947071345, 0.304076531274158 ], [ 32.596940407661599, 0.304110890880656 ], [ 32.596914637956722, 0.304128070683906 ], [ 32.596897458153471, 0.304145250487155 ], [ 32.596871688448601, 0.304162430290405 ], [ 32.59685450864535, 0.304179610093654 ], [ 32.596837328842099, 0.304188199995279 ], [ 32.596828738940474, 0.304205379798528 ], [ 32.596811559137223, 0.304213969700153 ], [ 32.596802969235604, 0.304231149503402 ], [ 32.596785789432353, 0.304248329306652 ], [ 32.596785789432353, 0.304265509109901 ], [ 32.596768609629102, 0.304265509109901 ], [ 32.596760019727476, 0.30428268891315 ], [ 32.596742839924225, 0.304291278814775 ], [ 32.596734250022607, 0.304308458618024 ], [ 32.596725660120981, 0.304325638421274 ], [ 32.596717070219356, 0.304359998027773 ], [ 32.596699890416104, 0.304368587929397 ], [ 32.596682710612853, 0.304385767732647 ], [ 32.596674120711228, 0.304402947535896 ], [ 32.596656940907984, 0.304411537437521 ], [ 32.596631171203107, 0.30442871724077 ], [ 32.596622581301482, 0.30444589704402 ], [ 32.59660540149823, 0.304471666748894 ], [ 32.596596811596605, 0.304488846552143 ], [ 32.596579631793361, 0.304497436453768 ], [ 32.596571041891735, 0.304514616257017 ], [ 32.596553862088484, 0.304523206158642 ], [ 32.596545272186859, 0.304540385961891 ], [ 32.596528092383608, 0.304557565765141 ], [ 32.596510912580364, 0.304557565765141 ], [ 32.596510912580364, 0.30457474556839 ], [ 32.596502322678738, 0.304591925371639 ], [ 32.596485142875487, 0.304609105174889 ], [ 32.596476552973861, 0.304626284978138 ], [ 32.59645937317061, 0.304643464781387 ], [ 32.596450783268992, 0.304660644584637 ], [ 32.596433603465741, 0.304669234486262 ], [ 32.596433603465741, 0.304686414289511 ], [ 32.59641642366249, 0.304695004191136 ], [ 32.596407833760864, 0.30472077389601 ], [ 32.596390653957613, 0.304729363797634 ], [ 32.596373474154369, 0.304763723404133 ], [ 32.596356294351118, 0.304772313305758 ], [ 32.596339114547867, 0.304789493109007 ], [ 32.596330524646241, 0.304806672912257 ], [ 32.596304754941372, 0.304815262813881 ], [ 32.596296165039746, 0.304832442617131 ], [ 32.596261805433244, 0.304832442617131 ], [ 32.596253215531618, 0.30484962242038 ], [ 32.596236035728374, 0.304858212322005 ], [ 32.596218855925123, 0.304858212322005 ], [ 32.596193086220246, 0.304858212322005 ], [ 32.596175906416995, 0.30486680222363 ], [ 32.596150136712126, 0.30486680222363 ], [ 32.596124367007249, 0.30486680222363 ], [ 32.596107187203998, 0.304875392125254 ], [ 32.596081417499128, 0.304875392125254 ], [ 32.596047057892626, 0.304883982026879 ], [ 32.596029878089375, 0.304883982026879 ], [ 32.59599551848288, 0.304883982026879 ], [ 32.595978338679629, 0.304883982026879 ], [ 32.595952568974759, 0.304883982026879 ], [ 32.595918209368257, 0.304883982026879 ], [ 32.595901029565006, 0.304883982026879 ], [ 32.595858080056885, 0.304883982026879 ], [ 32.595823720450383, 0.304883982026879 ], [ 32.595789360843888, 0.304875392125254 ], [ 32.595772181040637, 0.304875392125254 ], [ 32.595729231532516, 0.30486680222363 ], [ 32.595712051729265, 0.30486680222363 ], [ 32.595686282024388, 0.30486680222363 ], [ 32.595669102221144, 0.304858212322005 ], [ 32.595643332516268, 0.304858212322005 ], [ 32.595626152713017, 0.304858212322005 ], [ 32.595608972909766, 0.30484962242038 ], [ 32.595591793106522, 0.30484962242038 ], [ 32.595566023401645, 0.30484962242038 ], [ 32.595548843598394, 0.304841032518755 ], [ 32.595523073893524, 0.304841032518755 ], [ 32.595514483991899, 0.304823852715506 ], [ 32.595471534483771, 0.304858212322005 ], [ 32.595437174877276, 0.304883982026879 ], [ 32.59538563546753, 0.304918341633378 ], [ 32.595351275861027, 0.304926931535002 ], [ 32.595325506156151, 0.304961291141501 ], [ 32.595299736451281, 0.304978470944751 ], [ 32.595265376844779, 0.305004240649625 ], [ 32.595239607139909, 0.305021420452874 ], [ 32.595205247533407, 0.305030010354499 ], [ 32.595188067730156, 0.305055780059373 ], [ 32.595170887926912, 0.305055780059373 ], [ 32.595145118222035, 0.305072959862622 ], [ 32.595127938418784, 0.305072959862622 ], [ 32.595102168713915, 0.305090139665872 ], [ 32.595084988910664, 0.305098729567496 ], [ 32.595059219205787, 0.305107319469121 ], [ 32.595042039402536, 0.305115909370746 ], [ 32.595024859599292, 0.305133089173995 ], [ 32.594999089894415, 0.305150268977245 ], [ 32.594981910091164, 0.305158858878869 ], [ 32.59496473028792, 0.305167448780494 ], [ 32.594947550484669, 0.305184628583743 ], [ 32.594921780779792, 0.305193218485368 ], [ 32.594904600976541, 0.305201808386993 ], [ 32.594887421173297, 0.305210398288617 ], [ 32.594870241370046, 0.305210398288617 ], [ 32.594853061566795, 0.305210398288617 ], [ 32.594810112058674, 0.305210398288617 ], [ 32.594775752452172, 0.305210398288617 ], [ 32.594741392845677, 0.305210398288617 ], [ 32.594707033239175, 0.305210398288617 ], [ 32.594681263534298, 0.305210398288617 ], [ 32.594664083731054, 0.305201808386993 ], [ 32.594638314026177, 0.305201808386993 ], [ 32.594621134222926, 0.305193218485368 ], [ 32.594586774616431, 0.305184628583743 ], [ 32.59456959481318, 0.305184628583743 ], [ 32.594535235206685, 0.305176038682119 ], [ 32.594509465501808, 0.305167448780494 ], [ 32.594492285698557, 0.305158858878869 ], [ 32.594466515993687, 0.305150268977245 ], [ 32.594449336190436, 0.305150268977245 ], [ 32.59442356648556, 0.30514167907562 ], [ 32.594397796780683, 0.305133089173995 ], [ 32.594380616977439, 0.305133089173995 ], [ 32.594363437174188, 0.305133089173995 ], [ 32.594363437174188, 0.305115909370746 ], [ 32.594346257370937, 0.305107319469121 ], [ 32.594329077567686, 0.305107319469121 ], [ 32.594320487666067, 0.305090139665872 ], [ 32.594311897764442, 0.305055780059373 ], [ 32.594311897764442, 0.305030010354499 ], [ 32.594329077567686, 0.304987060846375 ], [ 32.594337667469311, 0.304969881043126 ], [ 32.594363437174188, 0.304944111338252 ], [ 32.594380616977439, 0.304926931535002 ], [ 32.594406386682309, 0.304909751731753 ], [ 32.594440746288811, 0.304901161830128 ], [ 32.594457926092062, 0.304892571928504 ], [ 32.594466515993687, 0.304875392125254 ], [ 32.594483695796931, 0.30486680222363 ], [ 32.594500875600183, 0.30484962242038 ], [ 32.594518055403434, 0.30484962242038 ], [ 32.594535235206685, 0.304841032518755 ], [ 32.594552415009929, 0.304832442617131 ], [ 32.594586774616431, 0.304823852715506 ], [ 32.594612544321301, 0.304815262813881 ], [ 32.594629724124552, 0.304806672912257 ], [ 32.594646903927803, 0.304798083010632 ], [ 32.59467267363268, 0.304789493109007 ], [ 32.594689853435924, 0.304780903207383 ], [ 32.594724213042426, 0.304755133502509 ], [ 32.594758572648921, 0.304729363797634 ], [ 32.594775752452172, 0.304712183994385 ], [ 32.594792932255423, 0.30470359409276 ], [ 32.594792932255423, 0.304686414289511 ], [ 32.594801522157049, 0.304669234486262 ], [ 32.594827291861918, 0.304669234486262 ], [ 32.594844471665169, 0.304643464781387 ], [ 32.59486165146842, 0.304626284978138 ], [ 32.594878831271672, 0.304617695076513 ], [ 32.594896011074916, 0.304609105174889 ], [ 32.594904600976541, 0.304591925371639 ], [ 32.594921780779792, 0.304566155666765 ], [ 32.594938960583043, 0.304548975863516 ], [ 32.594956140386294, 0.304548975863516 ], [ 32.594981910091164, 0.304531796060266 ], [ 32.59499049999279, 0.304514616257017 ], [ 32.595007679796041, 0.304497436453768 ], [ 32.595024859599292, 0.304480256650518 ], [ 32.595042039402536, 0.304471666748894 ], [ 32.595050629304161, 0.304454486945644 ], [ 32.595067809107412, 0.30442871724077 ], [ 32.595093578812289, 0.304411537437521 ], [ 32.595119348517159, 0.304385767732647 ], [ 32.595145118222035, 0.304359998027773 ], [ 32.595162298025286, 0.304342818224523 ], [ 32.59517947782853, 0.304317048519649 ], [ 32.595196657631782, 0.304274099011526 ], [ 32.595213837435033, 0.304256919208276 ], [ 32.595222427336658, 0.304231149503402 ], [ 32.595239607139909, 0.304205379798528 ], [ 32.595256786943153, 0.304188199995279 ], [ 32.59528255664803, 0.304171020192029 ], [ 32.595299736451281, 0.304162430290405 ], [ 32.595316916254532, 0.304136660585531 ], [ 32.595334096057776, 0.304128070683906 ], [ 32.595359865762653, 0.304110890880656 ], [ 32.59538563546753, 0.304093711077407 ], [ 32.59542858497565, 0.304076531274158 ], [ 32.595454354680527, 0.304059351470908 ], [ 32.595480124385396, 0.304042171667659 ], [ 32.595497304188648, 0.304042171667659 ], [ 32.595540253696768, 0.304016401962785 ], [ 32.595566023401645, 0.303999222159535 ], [ 32.595591793106522, 0.303973452454661 ], [ 32.595608972909766, 0.303956272651412 ], [ 32.595617562811391, 0.303939092848163 ], [ 32.595634742614642, 0.303921913044913 ], [ 32.595660512319519, 0.303896143340039 ], [ 32.595660512319519, 0.30387896353679 ], [ 32.595686282024388, 0.303844603930291 ], [ 32.59570346182764, 0.303827424127042 ], [ 32.59570346182764, 0.303810244323792 ], [ 32.595720641630891, 0.303784474618918 ], [ 32.595729231532516, 0.303767294815669 ], [ 32.595737821434142, 0.303750115012419 ], [ 32.595755001237386, 0.30373293520917 ], [ 32.595755001237386, 0.30371575540592 ], [ 32.595772181040637, 0.303698575602671 ], [ 32.595780770942262, 0.303681395799422 ], [ 32.595780770942262, 0.303664215996172 ], [ 32.595780770942262, 0.303647036192923 ], [ 32.595780770942262, 0.303621266488049 ], [ 32.595780770942262, 0.303595496783175 ], [ 32.595780770942262, 0.303578316979925 ], [ 32.595780770942262, 0.303561137176676 ], [ 32.595780770942262, 0.303535367471802 ], [ 32.595780770942262, 0.303518187668552 ], [ 32.595780770942262, 0.303501007865303 ], [ 32.595780770942262, 0.303466648258804 ], [ 32.595789360843888, 0.303432288652305 ], [ 32.595789360843888, 0.303406518947431 ], [ 32.595797950745514, 0.303389339144182 ], [ 32.595797950745514, 0.303363569439308 ], [ 32.595806540647139, 0.303346389636059 ], [ 32.595806540647139, 0.303320619931184 ], [ 32.595806540647139, 0.303286260324686 ], [ 32.595806540647139, 0.303260490619812 ], [ 32.595806540647139, 0.303234720914938 ], [ 32.595806540647139, 0.303217541111688 ], [ 32.595815130548765, 0.303191771406814 ], [ 32.595815130548765, 0.303174591603565 ], [ 32.595823720450383, 0.303148821898691 ], [ 32.595832310352009, 0.303123052193816 ], [ 32.595840900253634, 0.303105872390567 ], [ 32.59584949015526, 0.303080102685693 ], [ 32.595858080056885, 0.303062922882444 ], [ 32.595858080056885, 0.30303715317757 ], [ 32.595858080056885, 0.303011383472695 ], [ 32.595875259860136, 0.302977023866197 ], [ 32.595875259860136, 0.302959844062947 ], [ 32.59589243966338, 0.302925484456449 ], [ 32.59589243966338, 0.302908304653199 ], [ 32.595901029565006, 0.30289112484995 ], [ 32.595909619466632, 0.302865355145076 ], [ 32.595918209368257, 0.302848175341826 ], [ 32.595926799269883, 0.302822405636952 ], [ 32.595935389171508, 0.302796635932078 ], [ 32.595952568974759, 0.302770866227204 ], [ 32.595961158876378, 0.302753686423955 ], [ 32.595969748778003, 0.302727916719081 ], [ 32.595986928581254, 0.302710736915831 ], [ 32.59599551848288, 0.302684967210957 ], [ 32.596012698286131, 0.302642017702834 ], [ 32.596021288187757, 0.302624837899584 ], [ 32.596029878089375, 0.302607658096335 ], [ 32.596038467991001, 0.302581888391461 ], [ 32.596047057892626, 0.302556118686587 ], [ 32.596055647794252, 0.302538938883337 ], [ 32.596064237695877, 0.302521759080088 ], [ 32.596072827597503, 0.302495989375214 ], [ 32.596072827597503, 0.302478809571964 ], [ 32.596072827597503, 0.302461629768715 ], [ 32.596072827597503, 0.302444449965466 ], [ 32.596072827597503, 0.302427270162216 ], [ 32.596055647794252, 0.302392910555717 ], [ 32.596047057892626, 0.302367140850843 ], [ 32.596038467991001, 0.302349961047594 ], [ 32.596029878089375, 0.302332781244345 ], [ 32.596012698286131, 0.30232419134272 ], [ 32.596004108384506, 0.30230701153947 ], [ 32.595978338679629, 0.30230701153947 ], [ 32.595952568974759, 0.302298421637846 ], [ 32.595952568974759, 0.302281241834596 ], [ 32.595935389171508, 0.302281241834596 ], [ 32.595909619466632, 0.302281241834596 ], [ 32.595883849761762, 0.302272651932972 ], [ 32.595866669958511, 0.302264062031347 ], [ 32.59584949015526, 0.302255472129722 ], [ 32.595832310352009, 0.302246882228098 ], [ 32.595823720450383, 0.302229702424848 ], [ 32.595806540647139, 0.302229702424848 ], [ 32.595806540647139, 0.302212522621599 ], [ 32.595789360843888, 0.302203932719974 ], [ 32.595789360843888, 0.302186752916725 ], [ 32.595772181040637, 0.302169573113475 ], [ 32.592387759800509, 0.302702147014206 ] ] ] ] } },
{ "type": "Feature", "properties": { "fid": 13, "class": 1.0 }, "geometry": { "type": "MultiPolygon", "coordinates": [ [ [ [ 32.579055536684457, 0.297070874603908 ], [ 32.579083804417756, 0.297049673803934 ], [ 32.579140339884354, 0.297007272203985 ], [ 32.579182741484303, 0.29697193753736 ], [ 32.57923221001758, 0.296957803670711 ], [ 32.579288745484178, 0.296929535937411 ], [ 32.579338214017447, 0.296901268204112 ], [ 32.579387682550724, 0.296887134337462 ], [ 32.579430084150673, 0.296873000470812 ], [ 32.579458351883972, 0.296858866604163 ], [ 32.579493686550599, 0.296844732737513 ], [ 32.579521954283898, 0.296837665804188 ], [ 32.579543155083869, 0.296837665804188 ], [ 32.579564355883846, 0.296837665804188 ], [ 32.579578489750496, 0.296830598870863 ], [ 32.579613824417123, 0.296830598870863 ], [ 32.579635025217094, 0.296830598870863 ], [ 32.579656226017072, 0.296823531937538 ], [ 32.579677426817042, 0.296816465004214 ], [ 32.579691560683692, 0.296809398070889 ], [ 32.57971276148367, 0.296809398070889 ], [ 32.579741029216969, 0.296795264204239 ], [ 32.579762230016939, 0.296788197270914 ], [ 32.579790497750238, 0.296781130337589 ], [ 32.579825832416866, 0.29676699647094 ], [ 32.579854100150165, 0.296745795670965 ], [ 32.579882367883464, 0.296745795670965 ], [ 32.579903568683442, 0.29673872873764 ], [ 32.579924769483412, 0.296731661804315 ], [ 32.579938903350062, 0.296710461004341 ], [ 32.579953037216711, 0.296696327137691 ], [ 32.579988371883339, 0.296696327137691 ], [ 32.580009572683309, 0.296682193271041 ], [ 32.580044907349937, 0.296653925537742 ], [ 32.580059041216586, 0.296639791671092 ], [ 32.580087308949885, 0.296625657804442 ], [ 32.580150911349811, 0.296604457004468 ], [ 32.58019331294976, 0.296576189271169 ], [ 32.580221580683059, 0.296576189271169 ], [ 32.58024278148303, 0.296569122337844 ], [ 32.580285183082978, 0.296562055404519 ], [ 32.580306383882956, 0.296554988471194 ], [ 32.580334651616255, 0.296547921537869 ], [ 32.580362919349554, 0.296540854604544 ], [ 32.580405320949502, 0.296540854604544 ], [ 32.580447722549451, 0.29650551993792 ], [ 32.580504258016049, 0.29649138607127 ], [ 32.580553726549326, 0.296477252204621 ], [ 32.580589061215953, 0.296456051404646 ], [ 32.580610262015924, 0.296456051404646 ], [ 32.580638529749223, 0.296448984471321 ], [ 32.58067386441585, 0.296441917537996 ], [ 32.580716266015799, 0.296434850604671 ], [ 32.580730399882448, 0.296434850604671 ], [ 32.580758667615747, 0.296427783671347 ], [ 32.580801069215696, 0.296420716738022 ], [ 32.580850537748972, 0.296413649804697 ], [ 32.580878805482271, 0.296406582871372 ], [ 32.580914140148892, 0.296406582871372 ], [ 32.58095654174884, 0.296406582871372 ], [ 32.580977742548818, 0.296399515938047 ], [ 32.581020144148766, 0.296378315138073 ], [ 32.581034278015416, 0.296371248204748 ], [ 32.581055478815394, 0.296357114338098 ], [ 32.581090813482014, 0.296342980471448 ], [ 32.581104947348663, 0.296335913538123 ], [ 32.581126148148641, 0.296328846604799 ], [ 32.581147348948612, 0.296321779671474 ], [ 32.581175616681911, 0.296307645804824 ], [ 32.581225085215188, 0.296293511938174 ], [ 32.581246286015158, 0.296286445004849 ], [ 32.581260419881808, 0.2962723111382 ], [ 32.581274553748457, 0.296265244204875 ], [ 32.581288687615114, 0.296265244204875 ], [ 32.581302821481763, 0.296279378071525 ], [ 32.581366423881683, 0.296307645804824 ], [ 32.581444160148259, 0.296321779671474 ], [ 32.581521896414834, 0.296321779671474 ], [ 32.581571364948104, 0.296328846604799 ], [ 32.581642034281352, 0.296342980471448 ], [ 32.581691502814628, 0.296342980471448 ], [ 32.581740971347898, 0.296335913538123 ], [ 32.581783372947854, 0.296328846604799 ], [ 32.581811640681153, 0.296314712738149 ], [ 32.581846975347773, 0.296300578871499 ], [ 32.581875243081072, 0.296293511938174 ], [ 32.58189644388105, 0.296279378071525 ], [ 32.581938845480998, 0.296279378071525 ], [ 32.581960046280969, 0.296265244204875 ], [ 32.582009514814246, 0.296251110338225 ], [ 32.582030715614223, 0.296236976471575 ], [ 32.582087251080821, 0.296222842604926 ], [ 32.582136719614091, 0.296208708738276 ], [ 32.58217912121404, 0.296180441004977 ], [ 32.582228589747317, 0.296145106338352 ], [ 32.582249790547294, 0.296130972471703 ], [ 32.582270991347265, 0.296109771671728 ], [ 32.582313392947214, 0.296088570871753 ], [ 32.582334593747191, 0.296053236205129 ], [ 32.58236286148049, 0.296032035405155 ], [ 32.582398196147111, 0.295989633805206 ], [ 32.582433530813738, 0.295961366071906 ], [ 32.582482999347015, 0.295904830605307 ], [ 32.582504200146985, 0.295883629805333 ], [ 32.582539534813613, 0.295855362072033 ], [ 32.582560735613583, 0.295834161272059 ], [ 32.582589003346882, 0.295805893538759 ], [ 32.582638471880159, 0.295784692738785 ], [ 32.582680873480108, 0.295756425005485 ], [ 32.582730342013384, 0.295706956472211 ], [ 32.582779810546654, 0.295678688738912 ], [ 32.582822212146603, 0.295643354072288 ], [ 32.582864613746551, 0.295622153272313 ], [ 32.5829070153465, 0.295593885539014 ], [ 32.582942350013127, 0.295572684739039 ], [ 32.582970617746426, 0.29553028313909 ], [ 32.582998885479725, 0.295502015405791 ], [ 32.583034220146352, 0.295473747672491 ], [ 32.583097822546272, 0.295424279139217 ], [ 32.58314022414622, 0.295396011405918 ], [ 32.583182625746169, 0.295360676739293 ], [ 32.583210893479475, 0.295332409005994 ], [ 32.583267428946073, 0.295318275139344 ], [ 32.583302763612693, 0.29529707433937 ], [ 32.583359299079291, 0.29526880660607 ], [ 32.583394633745918, 0.295226405006121 ], [ 32.583444102279195, 0.295198137272822 ], [ 32.583500637745793, 0.295155735672873 ], [ 32.583521838545764, 0.295092133272949 ], [ 32.583578374012362, 0.295042664739675 ], [ 32.583613708678989, 0.295000263139726 ], [ 32.583656110278937, 0.294971995406426 ], [ 32.583698511878886, 0.294915459939828 ], [ 32.583712645745535, 0.294894259139853 ], [ 32.583740913478834, 0.294873058339878 ], [ 32.583783315078783, 0.294830656739929 ], [ 32.583797448945433, 0.29481652287328 ], [ 32.583811582812082, 0.29480238900663 ], [ 32.58383278361206, 0.29478825513998 ], [ 32.583896386011979, 0.294745853540031 ], [ 32.583910519878629, 0.294738786606706 ], [ 32.583931720678606, 0.294703451940082 ], [ 32.583945854545256, 0.294689318073432 ], [ 32.583952921478584, 0.294675184206782 ], [ 32.583967055345234, 0.294646916473483 ], [ 32.583967055345234, 0.294618648740184 ], [ 32.583981189211883, 0.294590381006884 ], [ 32.584002390011854, 0.294576247140234 ], [ 32.584016523878503, 0.294562113273585 ], [ 32.584030657745153, 0.294533845540285 ], [ 32.584037724678481, 0.294505577806986 ], [ 32.584051858545131, 0.294449042340387 ], [ 32.584051858545131, 0.294378373007139 ], [ 32.584051858545131, 0.294364239140489 ], [ 32.584051858545131, 0.294350105273839 ], [ 32.584051858545131, 0.294335971407189 ], [ 32.584051858545131, 0.29432183754054 ], [ 32.584051858545131, 0.29430770367389 ], [ 32.584051858545131, 0.294201699674017 ], [ 32.584058925478452, 0.294173431940718 ], [ 32.58406599241178, 0.294159298074068 ], [ 32.58408012627843, 0.294123963407444 ], [ 32.58408012627843, 0.294109829540794 ], [ 32.584073059345101, 0.294053294074195 ], [ 32.58406599241178, 0.294032093274221 ], [ 32.584058925478452, 0.294017959407571 ], [ 32.584051858545131, 0.293975557807622 ], [ 32.584037724678481, 0.293947290074322 ], [ 32.584030657745153, 0.293926089274348 ], [ 32.584023590811832, 0.293904888474373 ], [ 32.584009456945182, 0.293890754607724 ], [ 32.584002390011854, 0.293876620741074 ], [ 32.584002390011854, 0.293862486874424 ], [ 32.583995323078533, 0.29384128607445 ], [ 32.583981189211883, 0.2938271522078 ], [ 32.583974122278555, 0.29381301834115 ], [ 32.583967055345234, 0.2937988844745 ], [ 32.583952921478584, 0.293763549807876 ], [ 32.583952921478584, 0.293749415941226 ], [ 32.583931720678606, 0.293735282074577 ], [ 32.583924653745285, 0.293721148207927 ], [ 32.583917586811957, 0.293707014341277 ], [ 32.583917586811957, 0.293692880474628 ], [ 32.583903452945307, 0.293685813541303 ], [ 32.583903452945307, 0.293671679674653 ], [ 32.583896386011979, 0.293657545808003 ], [ 32.58388225214533, 0.293636345008029 ], [ 32.583875185212008, 0.293601010341404 ], [ 32.583861051345359, 0.29359394340808 ], [ 32.583846917478709, 0.29356567567478 ], [ 32.583839850545381, 0.293544474874806 ], [ 32.58381864974541, 0.293530341008156 ], [ 32.583811582812082, 0.293487939408207 ], [ 32.583797448945433, 0.293473805541557 ], [ 32.583790382012111, 0.293459671674907 ], [ 32.583776248145462, 0.293445537808258 ], [ 32.583769181212134, 0.293424337008283 ], [ 32.583747980412163, 0.293381935408334 ], [ 32.583719712678864, 0.293367801541684 ], [ 32.583712645745535, 0.293339533808385 ], [ 32.583705578812214, 0.29331833300841 ], [ 32.583691444945565, 0.293304199141761 ], [ 32.583684378012236, 0.293290065275111 ], [ 32.583677311078915, 0.293275931408461 ], [ 32.583670244145587, 0.293261797541811 ], [ 32.583670244145587, 0.293247663675162 ], [ 32.583656110278937, 0.293233529808512 ], [ 32.583649043345609, 0.293219395941862 ], [ 32.583641976412288, 0.293205262075213 ], [ 32.583627842545638, 0.293191128208563 ], [ 32.583613708678989, 0.293176994341913 ], [ 32.583599574812339, 0.293155793541939 ], [ 32.583592507879011, 0.293141659675289 ], [ 32.583578374012362, 0.293120458875314 ], [ 32.58357130707904, 0.293106325008665 ], [ 32.583557173212391, 0.29309925807534 ], [ 32.583550106279063, 0.29308512420869 ], [ 32.583528905479092, 0.293078057275365 ], [ 32.583507704679114, 0.293078057275365 ], [ 32.583486503879143, 0.293078057275365 ], [ 32.583472370012494, 0.293078057275365 ], [ 32.583451169212516, 0.293078057275365 ], [ 32.583429968412538, 0.293078057275365 ], [ 32.583394633745918, 0.29307099034204 ], [ 32.58337343294594, 0.29307099034204 ], [ 32.58335223214597, 0.29307099034204 ], [ 32.583323964412671, 0.29307099034204 ], [ 32.583295696679372, 0.29307099034204 ], [ 32.583281562812722, 0.29307099034204 ], [ 32.583260362012744, 0.29308512420869 ], [ 32.583246228146095, 0.29308512420869 ], [ 32.583217960412796, 0.29309925807534 ], [ 32.583189692679497, 0.293134592741964 ], [ 32.583168491879519, 0.293148726608614 ], [ 32.58314022414622, 0.293169927408588 ], [ 32.583111956412921, 0.293198195141888 ], [ 32.583076621746301, 0.293219395941862 ], [ 32.583055420946323, 0.293226462875187 ], [ 32.583013019346375, 0.293240596741837 ], [ 32.582998885479725, 0.293247663675162 ], [ 32.582977684679754, 0.293261797541811 ], [ 32.582956483879776, 0.293268864475136 ], [ 32.582928216146477, 0.293282998341786 ], [ 32.582885814546529, 0.29331833300841 ], [ 32.582871680679879, 0.293339533808385 ], [ 32.58285754681323, 0.293360734608359 ], [ 32.58284341294658, 0.293374868475009 ], [ 32.582822212146603, 0.293389002341659 ], [ 32.582808078279953, 0.293403136208308 ], [ 32.582786877479982, 0.293417270074958 ], [ 32.582758609746683, 0.293438470874933 ], [ 32.582744475880034, 0.293438470874933 ], [ 32.582716208146735, 0.293459671674907 ], [ 32.582702074280078, 0.293459671674907 ], [ 32.582652605746809, 0.293466738608232 ], [ 32.582603137213532, 0.293487939408207 ], [ 32.582560735613583, 0.293502073274856 ], [ 32.582525400946963, 0.293502073274856 ], [ 32.582461798547037, 0.293530341008156 ], [ 32.58242646388041, 0.293544474874806 ], [ 32.582398196147111, 0.293544474874806 ], [ 32.58237699534714, 0.29355154180813 ], [ 32.582355794547162, 0.293558608741455 ], [ 32.582341660680513, 0.29356567567478 ], [ 32.582327526813863, 0.29356567567478 ], [ 32.582306326013892, 0.29357980954143 ], [ 32.582285125213915, 0.29357980954143 ], [ 32.582270991347265, 0.293601010341404 ], [ 32.582249790547294, 0.293608077274729 ], [ 32.582242723613966, 0.293629278074704 ], [ 32.582193255080689, 0.293650478874678 ], [ 32.582143786547419, 0.293671679674653 ], [ 32.582073117214172, 0.293699947407952 ], [ 32.582016581747574, 0.293714081274602 ], [ 32.581995380947596, 0.293735282074577 ], [ 32.581910577747699, 0.293763549807876 ], [ 32.581875243081072, 0.293777683674526 ], [ 32.581839908414452, 0.29381301834115 ], [ 32.581762172147876, 0.293834219141125 ], [ 32.581719770547927, 0.293848353007774 ], [ 32.58169856974795, 0.293848353007774 ], [ 32.581670302014651, 0.293855419941099 ], [ 32.58164910121468, 0.293855419941099 ], [ 32.581613766548053, 0.293855419941099 ], [ 32.581599632681403, 0.293855419941099 ], [ 32.581578431881432, 0.293855419941099 ], [ 32.581564298014783, 0.29384128607445 ], [ 32.581536030281484, 0.293834219141125 ], [ 32.581514829481506, 0.293834219141125 ], [ 32.581493628681528, 0.2938271522078 ], [ 32.581479494814879, 0.2938271522078 ], [ 32.581465360948229, 0.29381301834115 ], [ 32.581444160148259, 0.29381301834115 ], [ 32.581430026281609, 0.29381301834115 ], [ 32.581408825481631, 0.29381301834115 ], [ 32.581380557748332, 0.29381301834115 ], [ 32.581366423881683, 0.29381301834115 ], [ 32.581345223081712, 0.29381301834115 ], [ 32.581324022281734, 0.29381301834115 ], [ 32.581309888415085, 0.29381301834115 ], [ 32.581288687615114, 0.29381301834115 ], [ 32.581239219081837, 0.293820085274475 ], [ 32.581225085215188, 0.2938271522078 ], [ 32.58120388441521, 0.293834219141125 ], [ 32.581182683615239, 0.293834219141125 ], [ 32.581147348948612, 0.29384128607445 ], [ 32.581126148148641, 0.293848353007774 ], [ 32.581112014281992, 0.293848353007774 ], [ 32.581083746548693, 0.293855419941099 ], [ 32.581055478815394, 0.293862486874424 ], [ 32.581034278015416, 0.293862486874424 ], [ 32.581013077215438, 0.293869553807749 ], [ 32.580998943348789, 0.293869553807749 ], [ 32.580977742548818, 0.293876620741074 ], [ 32.58095654174884, 0.293876620741074 ], [ 32.580928274015541, 0.293883687674399 ], [ 32.58090707321557, 0.293890754607724 ], [ 32.580892939348921, 0.293890754607724 ], [ 32.580871738548943, 0.293890754607724 ], [ 32.580843470815644, 0.293897821541048 ], [ 32.580815203082345, 0.293897821541048 ], [ 32.580786935349046, 0.293904888474373 ], [ 32.580772801482397, 0.293911955407698 ], [ 32.580758667615747, 0.293919022341023 ], [ 32.580730399882448, 0.293933156207673 ], [ 32.580702132149149, 0.293933156207673 ], [ 32.5806879982825, 0.293933156207673 ], [ 32.580666797482522, 0.293933156207673 ], [ 32.580638529749223, 0.293933156207673 ], [ 32.580617328949252, 0.293933156207673 ], [ 32.580596128149274, 0.293940223140997 ], [ 32.580560793482654, 0.293940223140997 ], [ 32.580539592682676, 0.293947290074322 ], [ 32.580518391882698, 0.293954357007647 ], [ 32.580497191082728, 0.293961423940972 ], [ 32.58047599028275, 0.293961423940972 ], [ 32.58044065561613, 0.293975557807622 ], [ 32.580419454816152, 0.293982624740947 ], [ 32.580391187082853, 0.293996758607596 ], [ 32.580369986282882, 0.294003825540921 ], [ 32.580355852416233, 0.294010892474246 ], [ 32.580341718549583, 0.294010892474246 ], [ 32.580327584682934, 0.294010892474246 ], [ 32.580313450816277, 0.294010892474246 ], [ 32.580292250016306, 0.294010892474246 ], [ 32.580271049216329, 0.294010892474246 ], [ 32.580256915349679, 0.294010892474246 ], [ 32.58022864761638, 0.294010892474246 ], [ 32.580214513749731, 0.294010892474246 ], [ 32.58019331294976, 0.294010892474246 ], [ 32.580165045216461, 0.294010892474246 ], [ 32.580150911349811, 0.294003825540921 ], [ 32.580129710549834, 0.294003825540921 ], [ 32.580115576683184, 0.294003825540921 ], [ 32.580101442816535, 0.294003825540921 ], [ 32.580087308949885, 0.293996758607596 ], [ 32.580073175083236, 0.293996758607596 ], [ 32.580051974283258, 0.293996758607596 ], [ 32.580037840416608, 0.293996758607596 ], [ 32.580009572683309, 0.293996758607596 ], [ 32.57999543881666, 0.294003825540921 ], [ 32.579988371883339, 0.294017959407571 ], [ 32.579974238016689, 0.294025026340896 ], [ 32.579967171083361, 0.29404622714087 ], [ 32.579953037216711, 0.29404622714087 ], [ 32.579896501750113, 0.294081561807495 ], [ 32.579832899350194, 0.294109829540794 ], [ 32.579762230016939, 0.294131030340769 ], [ 32.579726895350319, 0.294145164207418 ], [ 32.579677426817042, 0.294152231140743 ], [ 32.579620891350444, 0.294166365007393 ], [ 32.579571422817168, 0.294194632740692 ], [ 32.579536088150547, 0.294194632740692 ], [ 32.579486619617271, 0.294208766607342 ], [ 32.579444218017322, 0.294208766607342 ], [ 32.579408883350702, 0.294222900473992 ], [ 32.579345280950776, 0.294237034340641 ], [ 32.579288745484178, 0.294244101273966 ], [ 32.579246343884229, 0.294251168207291 ], [ 32.579189808417631, 0.294251168207291 ], [ 32.579147406817683, 0.294258235140616 ], [ 32.579105005217727, 0.294258235140616 ], [ 32.579062603617778, 0.294258235140616 ], [ 32.579027268951158, 0.294265302073941 ], [ 32.578999001217859, 0.294265302073941 ], [ 32.57897073348456, 0.294272369007266 ], [ 32.578949532684582, 0.294272369007266 ], [ 32.578900064151313, 0.294272369007266 ], [ 32.578871796418014, 0.294272369007266 ], [ 32.578850595618036, 0.294272369007266 ], [ 32.578822327884737, 0.294272369007266 ], [ 32.578765792418139, 0.294272369007266 ], [ 32.578730457751512, 0.294272369007266 ], [ 32.578695123084891, 0.294279435940591 ], [ 32.578645654551615, 0.294279435940591 ], [ 32.578610319884987, 0.294279435940591 ], [ 32.578589119085017, 0.294279435940591 ], [ 32.578553784418389, 0.294286502873915 ], [ 32.578518449751769, 0.294286502873915 ], [ 32.578497248951791, 0.29429356980724 ], [ 32.578468981218492, 0.294300636740565 ], [ 32.578454847351843, 0.29430770367389 ], [ 32.578405378818573, 0.294343038340514 ], [ 32.578384178018595, 0.294343038340514 ], [ 32.578370044151946, 0.294350105273839 ], [ 32.578341776418647, 0.294357172207164 ], [ 32.578313508685348, 0.294364239140489 ], [ 32.578285240952049, 0.294371306073814 ], [ 32.57825697321875, 0.294392506873788 ], [ 32.578221638552122, 0.294420774607088 ], [ 32.578200437752152, 0.294434908473737 ], [ 32.578165103085524, 0.294456109273712 ], [ 32.578150969218875, 0.294456109273712 ], [ 32.578136835352225, 0.294484377007011 ], [ 32.578115634552248, 0.294498510873661 ], [ 32.578101500685598, 0.294519711673636 ], [ 32.578101500685598, 0.294533845540285 ], [ 32.578087366818949, 0.29455504634026 ], [ 32.578080299885627, 0.29456918020691 ], [ 32.578080299885627, 0.294597447940209 ], [ 32.578066166018978, 0.294625715673508 ], [ 32.578066166018978, 0.294639849540158 ], [ 32.57805909908565, 0.294661050340133 ], [ 32.57805909908565, 0.294675184206782 ], [ 32.57805909908565, 0.294696385006757 ], [ 32.57805909908565, 0.294710518873407 ], [ 32.57805909908565, 0.294731719673381 ], [ 32.57805909908565, 0.294752920473356 ], [ 32.57805909908565, 0.29477412127333 ], [ 32.57805909908565, 0.29478825513998 ], [ 32.57805909908565, 0.294809455939955 ], [ 32.578052032152328, 0.294823589806604 ], [ 32.578044965219, 0.294837723673254 ], [ 32.578044965219, 0.294851857539904 ], [ 32.578037898285679, 0.294865991406554 ], [ 32.578030831352351, 0.294894259139853 ], [ 32.578030831352351, 0.294922526873152 ], [ 32.578023764419029, 0.294950794606452 ], [ 32.578023764419029, 0.294964928473102 ], [ 32.578023764419029, 0.294986129273076 ], [ 32.578016697485701, 0.295007330073051 ], [ 32.578016697485701, 0.295042664739675 ], [ 32.578016697485701, 0.295056798606325 ], [ 32.578016697485701, 0.295070932472974 ], [ 32.57800963055238, 0.295085066339624 ], [ 32.57800963055238, 0.295099200206274 ], [ 32.57800963055238, 0.295113334072923 ], [ 32.578002563619052, 0.295134534872898 ], [ 32.578002563619052, 0.295162802606197 ], [ 32.57799549668573, 0.295191070339497 ], [ 32.57799549668573, 0.295212271139471 ], [ 32.577988429752402, 0.29526880660607 ], [ 32.577981362819081, 0.295318275139344 ], [ 32.577974295885753, 0.295346542872644 ], [ 32.577967228952431, 0.295374810605943 ], [ 32.577960162019103, 0.295396011405918 ], [ 32.577953095085782, 0.295417212205892 ], [ 32.577946028152454, 0.295438413005867 ], [ 32.577946028152454, 0.295452546872517 ], [ 32.577946028152454, 0.295466680739166 ], [ 32.577931894285804, 0.295480814605816 ], [ 32.577924827352483, 0.295494948472466 ], [ 32.577917760419155, 0.295509082339115 ], [ 32.577917760419155, 0.295523216205765 ], [ 32.579055536684457, 0.297070874603908 ] ] ] ] } },
{ "type": "Feature", "properties": { "fid": 14, "class": -1.0 }, "geometry": { "type": "MultiPolygon", "coordinates": [ [ [ [ 32.614218159375362, 0.355160668802635 ], [ 32.614887428620428, 0.35407538811134 ], [ 32.61582802323511, 0.350946161408245 ], [ 32.616533469196128, 0.348884127054246 ], [ 32.6176911241065, 0.346062395101228 ], [ 32.619536136619921, 0.347871197732218 ], [ 32.622122771810297, 0.34707532461719 ], [ 32.621779093008783, 0.350946161408245 ], [ 32.622321743748024, 0.351036601501105 ], [ 32.621435414207255, 0.357077997712257 ], [ 32.616262143826489, 0.355992717246351 ], [ 32.615140665632069, 0.355739485119246 ], [ 32.614218159375362, 0.355160668802635 ] ] ] ] } },
{ "type": "Feature", "properties": { "fid": 15, "class": -1.0 }, "geometry": { "type": "MultiPolygon", "coordinates": [ [ [ [ 32.595008323206237, 0.327359356004931 ], [ 32.597866283766237, 0.333020918034125 ], [ 32.59679907064573, 0.335336188473453 ], [ 32.593308017556623, 0.337036464853829 ], [ 32.589654169245726, 0.337977043149602 ], [ 32.590052113121175, 0.339532614746451 ], [ 32.586741943611806, 0.338863357229578 ], [ 32.586090762724716, 0.338176011623583 ], [ 32.587791068374337, 0.336113974513979 ], [ 32.587935775238137, 0.335101043844378 ], [ 32.58757400807864, 0.333708264002727 ], [ 32.589563727455861, 0.330832263446885 ], [ 32.590848000872057, 0.328516991953184 ], [ 32.594845527984468, 0.327088035060211 ], [ 32.595008323206237, 0.327359356004931 ] ] ] ] } },
{ "type": "Feature", "properties": { "fid": 16, "class": -1.0 }, "geometry": { "type": "MultiPolygon", "coordinates": [ [ [ [ 32.58015778130904, 0.315991002205595 ], [ 32.579235275052334, 0.316605997005515 ], [ 32.578783066102972, 0.317546577217166 ], [ 32.577824383130306, 0.318523333500222 ], [ 32.577426439254857, 0.31969905853295 ], [ 32.581731468452837, 0.321815363252284 ], [ 32.58243691441384, 0.321435513719522 ], [ 32.583775452903971, 0.319174504304182 ], [ 32.583739276188027, 0.317817898416173 ], [ 32.58015778130904, 0.315991002205595 ] ] ] ] } },
{ "type": "Feature", "properties": { "fid": 17, "class": -1.0 }, "geometry": { "type": "MultiPolygon", "coordinates": [ [ [ [ 32.617067075756388, 0.318758478517513 ], [ 32.617573549779685, 0.31313308471764 ], [ 32.618297084098671, 0.311288099595955 ], [ 32.620087831538157, 0.309967668869409 ], [ 32.624682274463737, 0.307381071216287 ], [ 32.625749487584237, 0.309623995091635 ], [ 32.623379912689558, 0.315611152458041 ], [ 32.623199029109806, 0.317980691132156 ], [ 32.617067075756388, 0.318758478517513 ] ] ] ] } },
{ "type": "Feature", "properties": { "fid": 18, "class": -1.0 }, "geometry": { "type": "MultiPolygon", "coordinates": [ [ [ [ 32.622545587177996, 0.330886527616055 ], [ 32.615237890556216, 0.335915005997875 ], [ 32.616106131738995, 0.343331102475407 ], [ 32.617010549637733, 0.344307856219614 ], [ 32.620845281528361, 0.343077870006905 ], [ 32.624607659987113, 0.348033989952028 ], [ 32.624571483271154, 0.34901074321184 ], [ 32.625114134010396, 0.348866039031594 ], [ 32.625656784749644, 0.338411156178485 ], [ 32.631047115426092, 0.337144993123367 ], [ 32.631770649745086, 0.335806477714655 ], [ 32.628840335753189, 0.336421471303623 ], [ 32.625475901169892, 0.335444716761891 ], [ 32.623486181792671, 0.333310326868858 ], [ 32.622545587177996, 0.330886527616055 ] ] ] ] } },
{ "type": "Feature", "properties": { "fid": 19, "class": -1.0 }, "geometry": { "type": "MultiPolygon", "coordinates": [ [ [ [ 32.576626029414498, 0.334688410226831 ], [ 32.577313387017547, 0.335212963644497 ], [ 32.577385740449444, 0.338052786830517 ], [ 32.577313387017547, 0.339915855094211 ], [ 32.578000744620589, 0.340440408229912 ], [ 32.579122222815016, 0.340042471370956 ], [ 32.581618416215512, 0.34060320057657 ], [ 32.581491797709695, 0.34100113741238 ], [ 32.579701050270202, 0.341507602452346 ], [ 32.579954287281836, 0.342050243536982 ], [ 32.579701050270188, 0.34300890937816 ], [ 32.57964678519626, 0.343931399059201 ], [ 32.578597660433736, 0.343786694801398 ], [ 32.578181628200319, 0.343334493981634 ], [ 32.576933531500067, 0.343515374312107 ], [ 32.576499410908674, 0.341127753674871 ], [ 32.575414109430191, 0.341037313487548 ], [ 32.573948952434236, 0.340512760384321 ], [ 32.574093659298043, 0.339680710575853 ], [ 32.574256454519805, 0.338613516151455 ], [ 32.576626029414498, 0.334688410226831 ] ] ] ] } },
{ "type": "Feature", "properties": { "fid": 20, "class": 1.0 }, "geometry": { "type": "MultiPolygon", "coordinates": [ [ [ [ 32.574455426457526, 0.337464925410898 ], [ 32.574175056908921, 0.337356397144928 ], [ 32.574545868247391, 0.336660007409502 ], [ 32.574120791835, 0.33637059867365 ], [ 32.574554912426393, 0.335439064246897 ], [ 32.574943812122847, 0.334417089482545 ], [ 32.575197049134495, 0.333946800174688 ], [ 32.575793964947657, 0.333702611486733 ], [ 32.575875362558534, 0.334308561182731 ], [ 32.57538697689322, 0.334796938522444 ], [ 32.57514278406056, 0.335511416438562 ], [ 32.575061386449683, 0.335972661647843 ], [ 32.574989033017779, 0.336307290511539 ], [ 32.574455426457526, 0.337464925410898 ] ] ] ] } },
{ "type": "Feature", "properties": { "fid": 21, "class": 1.0 }, "geometry": { "type": "MultiPolygon", "coordinates": [ [ [ [ 32.588511211126239, 0.348632025235393 ], [ 32.588531560528956, 0.348229566712387 ], [ 32.589110387984142, 0.348159475619545 ], [ 32.589117171118382, 0.348028337444441 ], [ 32.589506070814842, 0.347858762215309 ], [ 32.590021589017113, 0.347515089741593 ], [ 32.590403705579341, 0.348274786772009 ], [ 32.59027030393927, 0.348403663940741 ], [ 32.590150468567685, 0.348570978157167 ], [ 32.589863315884841, 0.348699855321846 ], [ 32.58963042827591, 0.348749597384935 ], [ 32.589383974398501, 0.348776729419236 ], [ 32.58901542410478, 0.348765424404954 ], [ 32.588766709182629, 0.348724726353424 ], [ 32.588782536495856, 0.348717943344818 ], [ 32.588511211126239, 0.348632025235393 ] ] ] ] } },
{ "type": "Feature", "properties": { "fid": 22, "class": -1.0 }, "geometry": { "type": "MultiPolygon", "coordinates": [ [ [ [ 32.555284028049094, 0.31843741512718 ], [ 32.554768509846809, 0.315516190018984 ], [ 32.557427498469089, 0.315299133012171 ], [ 32.557517940258968, 0.317994257191706 ], [ 32.555284028049094, 0.31843741512718 ] ] ] ] } },
{ "type": "Feature", "properties": { "fid": 23, "class": -1.0 }, "geometry": { "type": "MultiPolygon", "coordinates": [ [ [ [ 32.532272245138152, 0.306231346446142 ], [ 32.531829080367771, 0.304336617844208 ], [ 32.534411193468664, 0.304078862376176 ], [ 32.534854358239045, 0.305874106472765 ], [ 32.532272245138152, 0.306231346446142 ] ] ] ] } },
{ "type": "Feature", "properties": { "fid": 24, "class": -1.0 }, "geometry": { "type": "MultiPolygon", "coordinates": [ [ [ [ 32.598819314127034, 0.320692772181619 ], [ 32.604028761223738, 0.324690235893096 ], [ 32.604987444196404, 0.32492538076827 ], [ 32.607610256102731, 0.321669528165484 ], [ 32.607664521176652, 0.321289678627296 ], [ 32.606868633425769, 0.320312922607153 ], [ 32.605638625083486, 0.320041601473914 ], [ 32.604191556445514, 0.32045762720861 ], [ 32.603106254967031, 0.321362030921374 ], [ 32.602111395278421, 0.321434383214938 ], [ 32.6007005033564, 0.321199238258979 ], [ 32.599000197706772, 0.320367186832939 ], [ 32.598819314127034, 0.320692772181619 ] ] ] ] } }
]
}
