{
"type": "FeatureCollection",
"name": "Training_polygons",
"crs": { "type": "name", "properties": { "name": "urn:ogc:def:crs:OGC:1.3:CRS84" } },
"features": [
{ "type": "Feature", "properties": { "fid": 1, "class": 1.0 }, "geometry": { "type": "MultiPolygon", "coordinates": [ [ [ [ -13.281770145308201, 8.487959948514764 ], [ -13.281782333820477, 8.48794776000249 ], [ -13.281794522332751, 8.487941665746352 ], [ -13.281800616588889, 8.487923382977939 ], [ -13.281812805101163, 8.487917288721802 ], [ -13.281818899357301, 8.487899005953389 ], [ -13.281831087869577, 8.487886817441114 ], [ -13.281843276381851, 8.487874628928839 ], [ -13.281849370637989, 8.487850251904288 ], [ -13.281861559150263, 8.487838063392013 ], [ -13.281873747662539, 8.487825874879737 ], [ -13.281879841918677, 8.487813686367463 ], [ -13.281892030430951, 8.487801497855187 ], [ -13.281898124687089, 8.487789309342913 ], [ -13.281910313199363, 8.487783215086775 ], [ -13.281910313199363, 8.487771026574501 ], [ -13.281922501711639, 8.487758838062225 ], [ -13.281934690223913, 8.487752743806087 ], [ -13.281940784480051, 8.487740555293813 ], [ -13.281952972992327, 8.487740555293813 ], [ -13.281952972992327, 8.487728366781537 ], [ -13.281965161504601, 8.487710084013125 ], [ -13.281977350016877, 8.487703989756987 ], [ -13.281983444273015, 8.487691801244713 ], [ -13.281995632785289, 8.487679612732437 ], [ -13.282007821297565, 8.487673518476301 ], [ -13.282013915553701, 8.487661329964025 ], [ -13.282026104065977, 8.487661329964025 ], [ -13.282038292578251, 8.487661329964025 ], [ -13.282050481090527, 8.487655235707887 ], [ -13.282062669602801, 8.487655235707887 ], [ -13.282074858115077, 8.487655235707887 ], [ -13.282087046627352, 8.487655235707887 ], [ -13.282105329395765, 8.487655235707887 ], [ -13.28211751790804, 8.487655235707887 ], [ -13.282129706420315, 8.487655235707887 ], [ -13.28214189493259, 8.487655235707887 ], [ -13.282154083444865, 8.487655235707887 ], [ -13.28216627195714, 8.487655235707887 ], [ -13.282184554725552, 8.487661329964025 ], [ -13.282202837493966, 8.487667424220163 ], [ -13.282221120262378, 8.487667424220163 ], [ -13.282233308774652, 8.487673518476301 ], [ -13.282251591543066, 8.487673518476301 ], [ -13.28226378005534, 8.487673518476301 ], [ -13.282282062823752, 8.487673518476301 ], [ -13.282294251336028, 8.487679612732437 ], [ -13.282306439848302, 8.487685706988575 ], [ -13.282318628360578, 8.487685706988575 ], [ -13.282318628360578, 8.487697895500851 ], [ -13.282330816872852, 8.487703989756987 ], [ -13.282330816872852, 8.487716178269263 ], [ -13.282330816872852, 8.487728366781537 ], [ -13.282318628360578, 8.487728366781537 ], [ -13.282318628360578, 8.487740555293813 ], [ -13.282306439848302, 8.487746649549951 ], [ -13.282306439848302, 8.487758838062225 ], [ -13.282294251336028, 8.487764932318363 ], [ -13.282294251336028, 8.487777120830637 ], [ -13.282294251336028, 8.487789309342913 ], [ -13.282294251336028, 8.487801497855187 ], [ -13.282300345592166, 8.487813686367463 ], [ -13.28231253410444, 8.487819780623601 ], [ -13.282318628360578, 8.487831969135875 ], [ -13.282330816872852, 8.487838063392013 ], [ -13.282343005385128, 8.487844157648151 ], [ -13.282343005385128, 8.487856346160426 ], [ -13.282355193897402, 8.487856346160426 ], [ -13.282367382409678, 8.487862440416563 ], [ -13.282379570921952, 8.487868534672701 ], [ -13.282391759434228, 8.487874628928839 ], [ -13.282403947946502, 8.487886817441114 ], [ -13.282416136458778, 8.487886817441114 ], [ -13.282428324971052, 8.487892911697251 ], [ -13.282440513483328, 8.487892911697251 ], [ -13.282452701995602, 8.487892911697251 ], [ -13.282464890507878, 8.487892911697251 ], [ -13.282477079020152, 8.487892911697251 ], [ -13.28248317327629, 8.487880723184976 ], [ -13.28248317327629, 8.487868534672701 ], [ -13.282495361788566, 8.487862440416563 ], [ -13.282495361788566, 8.487850251904288 ], [ -13.282501456044702, 8.487838063392013 ], [ -13.282513644556978, 8.487813686367463 ], [ -13.282525833069252, 8.487801497855187 ], [ -13.282525833069252, 8.487789309342913 ], [ -13.282538021581528, 8.487777120830637 ], [ -13.282538021581528, 8.487764932318363 ], [ -13.282538021581528, 8.487752743806087 ], [ -13.282550210093802, 8.487734461037675 ], [ -13.28255630434994, 8.487722272525401 ], [ -13.28255630434994, 8.487710084013125 ], [ -13.282568492862216, 8.487703989756987 ], [ -13.282574587118352, 8.487691801244713 ], [ -13.282574587118352, 8.487679612732437 ], [ -13.282586775630628, 8.487673518476301 ], [ -13.28260505839904, 8.487661329964025 ], [ -13.282617246911316, 8.487649141451751 ], [ -13.282629435423591, 8.487643047195613 ], [ -13.282641623935866, 8.487630858683337 ], [ -13.282653812448141, 8.487630858683337 ], [ -13.282653812448141, 8.487618670171063 ], [ -13.282666000960416, 8.487612575914925 ], [ -13.282666000960416, 8.487600387402651 ], [ -13.282678189472691, 8.487594293146513 ], [ -13.282690377984967, 8.487588198890375 ], [ -13.282696472241105, 8.487576010378101 ], [ -13.282708660753379, 8.487569916121963 ], [ -13.282714755009517, 8.487557727609687 ], [ -13.282726943521791, 8.487551633353551 ], [ -13.282733037777929, 8.487539444841275 ], [ -13.282739132034067, 8.487527256329001 ], [ -13.282751320546341, 8.487521162072863 ], [ -13.282757414802479, 8.487508973560587 ], [ -13.282769603314755, 8.487502879304451 ], [ -13.282775697570891, 8.487490690792175 ], [ -13.282787886083167, 8.487484596536037 ], [ -13.282800074595441, 8.487484596536037 ], [ -13.282806168851579, 8.487472408023763 ], [ -13.282818357363855, 8.487472408023763 ], [ -13.282830545876129, 8.487466313767625 ], [ -13.282836640132267, 8.487454125255351 ], [ -13.282848828644541, 8.487454125255351 ], [ -13.282861017156817, 8.487454125255351 ], [ -13.282873205669091, 8.487441936743075 ], [ -13.282885394181367, 8.487441936743075 ], [ -13.282897582693641, 8.487441936743075 ], [ -13.282909771205917, 8.487441936743075 ], [ -13.282928053974329, 8.487441936743075 ], [ -13.282940242486605, 8.487441936743075 ], [ -13.282952430998879, 8.487441936743075 ], [ -13.282970713767291, 8.487441936743075 ], [ -13.282982902279567, 8.487441936743075 ], [ -13.283001185047979, 8.487448030999213 ], [ -13.283013373560255, 8.487454125255351 ], [ -13.283025562072529, 8.487454125255351 ], [ -13.283037750584805, 8.487454125255351 ], [ -13.283049939097079, 8.487460219511487 ], [ -13.283062127609355, 8.487466313767625 ], [ -13.283074316121629, 8.487472408023763 ], [ -13.283074316121629, 8.487484596536037 ], [ -13.283086504633905, 8.487484596536037 ], [ -13.283092598890041, 8.487496785048313 ], [ -13.283104787402317, 8.487502879304451 ], [ -13.283110881658455, 8.487515067816725 ], [ -13.283123070170729, 8.487521162072863 ], [ -13.283123070170729, 8.487533350585137 ], [ -13.283135258683005, 8.487539444841275 ], [ -13.28314744719528, 8.487545539097413 ], [ -13.283159635707555, 8.487545539097413 ], [ -13.28317182421983, 8.487545539097413 ], [ -13.283184012732105, 8.487545539097413 ], [ -13.28319620124438, 8.487539444841275 ], [ -13.28319620124438, 8.487527256329001 ], [ -13.283208389756656, 8.487527256329001 ], [ -13.28322057826893, 8.487521162072863 ], [ -13.283232766781206, 8.487508973560587 ], [ -13.28324495529348, 8.487508973560587 ], [ -13.283251049549618, 8.487496785048313 ], [ -13.283263238061894, 8.487496785048313 ], [ -13.283275426574168, 8.487490690792175 ], [ -13.283287615086444, 8.487484596536037 ], [ -13.283299803598718, 8.487478502279901 ], [ -13.283311992110994, 8.487472408023763 ], [ -13.283324180623268, 8.487466313767625 ], [ -13.28334246339168, 8.487460219511487 ], [ -13.283354651903956, 8.487460219511487 ], [ -13.28336684041623, 8.487460219511487 ], [ -13.283379028928506, 8.487454125255351 ], [ -13.28339121744078, 8.487454125255351 ], [ -13.283403405953056, 8.487454125255351 ], [ -13.283421688721468, 8.487454125255351 ], [ -13.283433877233744, 8.487454125255351 ], [ -13.283446065746018, 8.487454125255351 ], [ -13.283458254258294, 8.487454125255351 ], [ -13.283470442770568, 8.487454125255351 ], [ -13.283482631282844, 8.487454125255351 ], [ -13.283494819795118, 8.487454125255351 ], [ -13.28351310256353, 8.487454125255351 ], [ -13.283525291075806, 8.487448030999213 ], [ -13.28353747958808, 8.487448030999213 ], [ -13.283543573844218, 8.487435842486937 ], [ -13.28356185661263, 8.487435842486937 ], [ -13.283574045124906, 8.487435842486937 ], [ -13.28358623363718, 8.487435842486937 ], [ -13.283598422149456, 8.487435842486937 ], [ -13.283616704917868, 8.487435842486937 ], [ -13.283628893430144, 8.487435842486937 ], [ -13.283641081942418, 8.487435842486937 ], [ -13.283653270454694, 8.487435842486937 ], [ -13.283665458966968, 8.487448030999213 ], [ -13.283677647479244, 8.487448030999213 ], [ -13.283689835991519, 8.487448030999213 ], [ -13.283695930247656, 8.487460219511487 ], [ -13.283708118759931, 8.487466313767625 ], [ -13.283714213016069, 8.487478502279901 ], [ -13.283726401528344, 8.487484596536037 ], [ -13.283732495784481, 8.487496785048313 ], [ -13.283744684296757, 8.487502879304451 ], [ -13.283756872809031, 8.487508973560587 ], [ -13.283756872809031, 8.487521162072863 ], [ -13.283769061321307, 8.487527256329001 ], [ -13.283775155577445, 8.487539444841275 ], [ -13.283787344089719, 8.487551633353551 ], [ -13.283799532601995, 8.487563821865825 ], [ -13.283811721114269, 8.487569916121963 ], [ -13.283817815370407, 8.487582104634237 ], [ -13.283830003882683, 8.487588198890375 ], [ -13.283842192394957, 8.487594293146513 ], [ -13.283842192394957, 8.487606481658787 ], [ -13.283854380907233, 8.487612575914925 ], [ -13.283866569419507, 8.487618670171063 ], [ -13.283878757931783, 8.487624764427201 ], [ -13.283890946444057, 8.487630858683337 ], [ -13.283903134956333, 8.487630858683337 ], [ -13.283915323468607, 8.487630858683337 ], [ -13.283927511980883, 8.487630858683337 ], [ -13.283939700493157, 8.487630858683337 ], [ -13.283951889005433, 8.487630858683337 ], [ -13.283964077517707, 8.487624764427201 ], [ -13.283976266029983, 8.487624764427201 ], [ -13.283988454542257, 8.487618670171063 ], [ -13.283994548798395, 8.487606481658787 ], [ -13.284006737310669, 8.487606481658787 ], [ -13.284018925822945, 8.487600387402651 ], [ -13.284031114335219, 8.487594293146513 ], [ -13.284043302847495, 8.487588198890375 ], [ -13.284055491359769, 8.487582104634237 ], [ -13.284067679872045, 8.487576010378101 ], [ -13.284079868384319, 8.487576010378101 ], [ -13.284092056896595, 8.487576010378101 ], [ -13.284104245408869, 8.487576010378101 ], [ -13.284116433921145, 8.487576010378101 ], [ -13.284128622433419, 8.487576010378101 ], [ -13.284140810945695, 8.487588198890375 ], [ -13.284152999457969, 8.487588198890375 ], [ -13.284165187970245, 8.487588198890375 ], [ -13.28417737648252, 8.487600387402651 ], [ -13.284195659250933, 8.487606481658787 ], [ -13.284207847763208, 8.487612575914925 ], [ -13.284220036275483, 8.487618670171063 ], [ -13.284232224787758, 8.487624764427201 ], [ -13.284244413300033, 8.487630858683337 ], [ -13.284256601812308, 8.487636952939475 ], [ -13.284280978836858, 8.487643047195613 ], [ -13.284293167349134, 8.487655235707887 ], [ -13.284305355861408, 8.487661329964025 ], [ -13.284317544373684, 8.487661329964025 ], [ -13.28432363862982, 8.487673518476301 ], [ -13.284335827142096, 8.487679612732437 ], [ -13.284341921398234, 8.487691801244713 ], [ -13.284354109910508, 8.487697895500851 ], [ -13.284366298422784, 8.487697895500851 ], [ -13.284378486935058, 8.487710084013125 ], [ -13.284390675447334, 8.487716178269263 ], [ -13.284402863959608, 8.487722272525401 ], [ -13.284415052471884, 8.487728366781537 ], [ -13.284421146728022, 8.487740555293813 ], [ -13.284433335240296, 8.487746649549951 ], [ -13.284445523752572, 8.487758838062225 ], [ -13.284451618008708, 8.487771026574501 ], [ -13.284463806520984, 8.487777120830637 ], [ -13.284463806520984, 8.487789309342913 ], [ -13.284475995033258, 8.487795403599051 ], [ -13.284488183545534, 8.487801497855187 ], [ -13.284500372057808, 8.487807592111325 ], [ -13.284506466313946, 8.487819780623601 ], [ -13.284512560570084, 8.487831969135875 ], [ -13.284524749082358, 8.487838063392013 ], [ -13.284524749082358, 8.487850251904288 ], [ -13.284536937594634, 8.487856346160426 ], [ -13.284543031850772, 8.487868534672701 ], [ -13.284543031850772, 8.487880723184976 ], [ -13.284555220363046, 8.487886817441114 ], [ -13.284567408875322, 8.487892911697251 ], [ -13.284579597387596, 8.487899005953389 ], [ -13.284603974412146, 8.487905100209526 ], [ -13.284616162924422, 8.487905100209526 ], [ -13.284628351436696, 8.487905100209526 ], [ -13.284640539948972, 8.487905100209526 ], [ -13.284652728461246, 8.487905100209526 ], [ -13.284664916973522, 8.487905100209526 ], [ -13.284683199741934, 8.487905100209526 ], [ -13.284695388254208, 8.487905100209526 ], [ -13.284707576766484, 8.487911194465664 ], [ -13.284719765278759, 8.487911194465664 ], [ -13.284731953791034, 8.487911194465664 ], [ -13.284744142303309, 8.487911194465664 ], [ -13.284762425071722, 8.487917288721802 ], [ -13.284774613583997, 8.487917288721802 ], [ -13.284780707840135, 8.487929477234076 ], [ -13.284792896352409, 8.487935571490214 ], [ -13.284805084864685, 8.487935571490214 ], [ -13.284817273376959, 8.487935571490214 ], [ -13.284823367633097, 8.48794776000249 ], [ -13.284841650401509, 8.487953854258626 ], [ -13.284853838913785, 8.487959948514764 ], [ -13.284866027426059, 8.48797213702704 ], [ -13.284872121682197, 8.487984325539314 ], [ -13.284884310194473, 8.487984325539314 ], [ -13.284884310194473, 8.48799651405159 ], [ -13.284890404450609, 8.488008702563864 ], [ -13.284890404450609, 8.48802089107614 ], [ -13.284890404450609, 8.488033079588414 ], [ -13.284896498706747, 8.48804526810069 ], [ -13.284902592962885, 8.488057456612964 ], [ -13.284902592962885, 8.48806964512524 ], [ -13.284902592962885, 8.488087927893652 ], [ -13.284902592962885, 8.488100116405926 ], [ -13.284902592962885, 8.488112304918202 ], [ -13.284902592962885, 8.488124493430476 ], [ -13.284902592962885, 8.488136681942752 ], [ -13.284896498706747, 8.488154964711164 ], [ -13.284890404450609, 8.48816715322344 ], [ -13.284890404450609, 8.488179341735714 ], [ -13.284884310194473, 8.48819153024799 ], [ -13.284878215938335, 8.488203718760264 ], [ -13.284878215938335, 8.48821590727254 ], [ -13.284866027426059, 8.488228095784814 ], [ -13.284859933169923, 8.48824028429709 ], [ -13.284853838913785, 8.488258567065502 ], [ -13.284847744657647, 8.488270755577776 ], [ -13.284835556145373, 8.488270755577776 ], [ -13.284829461889235, 8.488282944090052 ], [ -13.284817273376959, 8.488295132602326 ], [ -13.284811179120823, 8.488307321114602 ], [ -13.284798990608547, 8.48831341537074 ], [ -13.284792896352409, 8.488325603883014 ], [ -13.284786802096272, 8.48833779239529 ], [ -13.284780707840135, 8.488349980907564 ], [ -13.284768519327859, 8.488356075163702 ], [ -13.284768519327859, 8.488368263675977 ], [ -13.284756330815584, 8.488368263675977 ], [ -13.284756330815584, 8.488380452188252 ], [ -13.284738048047172, 8.48838654644439 ], [ -13.284731953791034, 8.488398734956665 ], [ -13.284719765278759, 8.48841092346894 ], [ -13.284713671022622, 8.488423111981215 ], [ -13.284701482510346, 8.488429206237353 ], [ -13.284689293998072, 8.488441394749627 ], [ -13.284677105485796, 8.488441394749627 ], [ -13.284671011229658, 8.488453583261903 ], [ -13.284658822717384, 8.488459677518041 ], [ -13.284646634205108, 8.488471866030315 ], [ -13.284634445692834, 8.488477960286453 ], [ -13.284628351436696, 8.488490148798729 ], [ -13.284622257180558, 8.488502337311003 ], [ -13.284610068668284, 8.488508431567141 ], [ -13.284597880156008, 8.488508431567141 ], [ -13.284591785899872, 8.488520620079415 ], [ -13.284579597387596, 8.488520620079415 ], [ -13.284567408875322, 8.488532808591691 ], [ -13.284561314619184, 8.488544997103965 ], [ -13.284549126106908, 8.488551091360103 ], [ -13.284543031850772, 8.488563279872379 ], [ -13.284530843338496, 8.488569374128515 ], [ -13.284518654826222, 8.488581562640791 ], [ -13.284512560570084, 8.488593751153065 ], [ -13.284500372057808, 8.488599845409203 ], [ -13.284488183545534, 8.488605939665341 ], [ -13.284475995033258, 8.488618128177615 ], [ -13.284463806520984, 8.488624222433753 ], [ -13.284451618008708, 8.488630316689891 ], [ -13.284439429496434, 8.488636410946029 ], [ -13.284427240984158, 8.488642505202165 ], [ -13.284415052471884, 8.488648599458303 ], [ -13.284402863959608, 8.488660787970579 ], [ -13.284390675447334, 8.488660787970579 ], [ -13.284384581191196, 8.488672976482853 ], [ -13.28437239267892, 8.488679070738991 ], [ -13.284360204166646, 8.488685164995129 ], [ -13.28434801565437, 8.488697353507403 ], [ -13.284335827142096, 8.488703447763541 ], [ -13.28432363862982, 8.488709542019679 ], [ -13.284311450117546, 8.488715636275815 ], [ -13.28429926160527, 8.488721730531953 ], [ -13.284287073092996, 8.488727824788091 ], [ -13.28427488458072, 8.488740013300365 ], [ -13.284262696068446, 8.488746107556503 ], [ -13.28425050755617, 8.488752201812641 ], [ -13.284238319043896, 8.488758296068779 ], [ -13.28422613053162, 8.488764390324915 ], [ -13.284213942019345, 8.488770484581053 ], [ -13.28420175350707, 8.488776578837191 ], [ -13.284189564994795, 8.488782673093329 ], [ -13.28417737648252, 8.488794861605603 ], [ -13.284165187970245, 8.488800955861741 ], [ -13.284159093714107, 8.488819238630153 ], [ -13.284146905201833, 8.488819238630153 ], [ -13.284134716689557, 8.488825332886291 ], [ -13.284122528177283, 8.488831427142429 ], [ -13.284110339665007, 8.488837521398565 ], [ -13.284104245408869, 8.488849709910841 ], [ -13.284092056896595, 8.488855804166979 ], [ -13.284079868384319, 8.488861898423115 ], [ -13.284067679872045, 8.488867992679253 ], [ -13.284055491359769, 8.488874086935391 ], [ -13.284043302847495, 8.488880181191529 ], [ -13.284031114335219, 8.488886275447665 ], [ -13.284018925822945, 8.488898463959941 ], [ -13.284006737310669, 8.488898463959941 ], [ -13.283994548798395, 8.488904558216079 ], [ -13.283982360286119, 8.488916746728354 ], [ -13.283964077517707, 8.488922840984491 ], [ -13.283951889005433, 8.488935029496766 ], [ -13.283939700493157, 8.488941123752904 ], [ -13.283927511980883, 8.488947218009042 ], [ -13.283915323468607, 8.488953312265179 ], [ -13.283903134956333, 8.488959406521316 ], [ -13.283897040700195, 8.488971595033592 ], [ -13.283884852187919, 8.488971595033592 ], [ -13.283872663675645, 8.48897768928973 ], [ -13.283872663675645, 8.488989877802004 ], [ -13.283860475163369, 8.488995972058142 ], [ -13.283848286651095, 8.48900206631428 ], [ -13.283836098138819, 8.489008160570416 ], [ -13.283830003882683, 8.489020349082692 ], [ -13.283817815370407, 8.489020349082692 ], [ -13.283811721114269, 8.489032537594966 ], [ -13.283799532601995, 8.489032537594966 ], [ -13.283787344089719, 8.489038631851104 ], [ -13.283781249833581, 8.48905082036338 ], [ -13.283769061321307, 8.489056914619516 ], [ -13.283769061321307, 8.489069103131792 ], [ -13.283756872809031, 8.489069103131792 ], [ -13.283744684296757, 8.48907519738793 ], [ -13.283732495784481, 8.489081291644068 ], [ -13.283726401528344, 8.489093480156342 ], [ -13.283714213016069, 8.48909957441248 ], [ -13.283708118759931, 8.489111762924754 ], [ -13.283695930247656, 8.489111762924754 ], [ -13.283689835991519, 8.48912395143703 ], [ -13.283677647479244, 8.48912395143703 ], [ -13.283665458966968, 8.489130045693168 ], [ -13.283653270454694, 8.489142234205442 ], [ -13.283641081942418, 8.48914832846158 ], [ -13.28363498768628, 8.489160516973854 ], [ -13.283622799174006, 8.489166611229992 ], [ -13.283616704917868, 8.489178799742268 ], [ -13.283604516405594, 8.489184893998404 ], [ -13.283598422149456, 8.48919708251068 ], [ -13.283598422149456, 8.489209271022954 ], [ -13.283598422149456, 8.48922145953523 ], [ -13.283598422149456, 8.489233648047504 ], [ -13.283598422149456, 8.48924583655978 ], [ -13.28361061066173, 8.489251930815918 ], [ -13.28361061066173, 8.489264119328192 ], [ -13.283622799174006, 8.48927021358433 ], [ -13.283628893430144, 8.489282402096604 ], [ -13.28363498768628, 8.48929459060888 ], [ -13.283647176198556, 8.489300684865018 ], [ -13.283659364710831, 8.489300684865018 ], [ -13.283659364710831, 8.489312873377292 ], [ -13.283671553223106, 8.48931896763343 ], [ -13.283683741735381, 8.489325061889568 ], [ -13.283689835991519, 8.489337250401842 ], [ -13.283702024503794, 8.489337250401842 ], [ -13.283714213016069, 8.489349438914118 ], [ -13.283726401528344, 8.489349438914118 ], [ -13.283738590040619, 8.489361627426392 ], [ -13.283744684296757, 8.489373815938668 ], [ -13.283756872809031, 8.48939209870708 ], [ -13.283769061321307, 8.489398192963218 ], [ -13.283775155577445, 8.489410381475492 ], [ -13.283787344089719, 8.489422569987768 ], [ -13.283799532601995, 8.489428664243905 ], [ -13.283811721114269, 8.489434758500042 ], [ -13.283823909626545, 8.48944085275618 ], [ -13.283836098138819, 8.489453041268455 ], [ -13.283848286651095, 8.489459135524593 ], [ -13.283860475163369, 8.489471324036868 ], [ -13.283872663675645, 8.489483512549143 ], [ -13.283884852187919, 8.489489606805281 ], [ -13.283890946444057, 8.489501795317555 ], [ -13.283903134956333, 8.489507889573693 ], [ -13.283909229212469, 8.489520078085969 ], [ -13.283921417724745, 8.489532266598243 ], [ -13.283933606237019, 8.489550549366655 ], [ -13.283939700493157, 8.489562737878931 ], [ -13.283951889005433, 8.489568832135069 ], [ -13.283970171773845, 8.489581020647343 ], [ -13.283982360286119, 8.489593209159619 ], [ -13.283988454542257, 8.489605397671893 ], [ -13.283994548798395, 8.489617586184169 ], [ -13.284000643054533, 8.489629774696443 ], [ -13.284006737310669, 8.489641963208719 ], [ -13.284018925822945, 8.489648057464855 ], [ -13.284025020079083, 8.489660245977131 ], [ -13.284025020079083, 8.489672434489405 ], [ -13.284025020079083, 8.489684623001681 ], [ -13.284025020079083, 8.489696811513957 ], [ -13.284018925822945, 8.489709000026231 ], [ -13.284012831566807, 8.489721188538507 ], [ -13.284006737310669, 8.489733377050781 ], [ -13.284000643054533, 8.489745565563057 ], [ -13.283988454542257, 8.489757754075331 ], [ -13.283976266029983, 8.489757754075331 ], [ -13.283970171773845, 8.489769942587607 ], [ -13.283957983261569, 8.489776036843743 ], [ -13.283945794749295, 8.489782131099881 ], [ -13.283939700493157, 8.489794319612157 ], [ -13.283927511980883, 8.489806508124431 ], [ -13.283915323468607, 8.489818696636707 ], [ -13.283903134956333, 8.489818696636707 ], [ -13.283890946444057, 8.489830885148981 ], [ -13.283878757931783, 8.489836979405119 ], [ -13.283866569419507, 8.489843073661257 ], [ -13.283854380907233, 8.489849167917393 ], [ -13.283848286651095, 8.489861356429669 ], [ -13.283836098138819, 8.489873544941943 ], [ -13.283830003882683, 8.489885733454219 ], [ -13.283823909626545, 8.489897921966493 ], [ -13.283811721114269, 8.489904016222631 ], [ -13.283811721114269, 8.489916204734907 ], [ -13.283811721114269, 8.489928393247181 ], [ -13.283811721114269, 8.489940581759457 ], [ -13.283811721114269, 8.489952770271731 ], [ -13.283811721114269, 8.489971053040144 ], [ -13.283811721114269, 8.489983241552419 ], [ -13.283817815370407, 8.490001524320832 ], [ -13.283823909626545, 8.490019807089244 ], [ -13.283836098138819, 8.490038089857658 ], [ -13.283848286651095, 8.490050278369932 ], [ -13.283854380907233, 8.490062466882208 ], [ -13.283860475163369, 8.490074655394482 ], [ -13.283866569419507, 8.490086843906758 ], [ -13.283878757931783, 8.490092938162894 ], [ -13.283884852187919, 8.49010512667517 ], [ -13.283897040700195, 8.490111220931308 ], [ -13.283897040700195, 8.490123409443582 ], [ -13.283909229212469, 8.490123409443582 ], [ -13.283927511980883, 8.490135597955858 ], [ -13.283939700493157, 8.490147786468132 ], [ -13.283951889005433, 8.490159974980408 ], [ -13.283964077517707, 8.490166069236544 ], [ -13.283976266029983, 8.49017825774882 ], [ -13.283988454542257, 8.490196540517232 ], [ -13.283994548798395, 8.490208729029508 ], [ -13.284006737310669, 8.490220917541782 ], [ -13.284018925822945, 8.490239200310194 ], [ -13.284037208591357, 8.490245294566332 ], [ -13.284037208591357, 8.490257483078608 ], [ -13.284049397103633, 8.490269671590882 ], [ -13.284049397103633, 8.490281860103158 ], [ -13.284049397103633, 8.490294048615432 ], [ -13.284049397103633, 8.490306237127708 ], [ -13.284031114335219, 8.490312331383846 ], [ -13.284031114335219, 8.49032451989612 ], [ -13.284031114335219, 8.490336708408396 ], [ -13.284018925822945, 8.490342802664532 ], [ -13.284018925822945, 8.490354991176808 ], [ -13.284012831566807, 8.490367179689082 ], [ -13.284006737310669, 8.490379368201358 ], [ -13.284000643054533, 8.490391556713632 ], [ -13.284000643054533, 8.490403745225908 ], [ -13.283994548798395, 8.490415933738182 ], [ -13.283988454542257, 8.490428122250458 ], [ -13.283982360286119, 8.490440310762732 ], [ -13.283976266029983, 8.490452499275008 ], [ -13.283970171773845, 8.490464687787282 ], [ -13.283970171773845, 8.490476876299558 ], [ -13.283964077517707, 8.490489064811833 ], [ -13.283951889005433, 8.49049515906797 ], [ -13.283951889005433, 8.490507347580246 ], [ -13.283951889005433, 8.490519536092521 ], [ -13.283945794749295, 8.490531724604796 ], [ -13.283939700493157, 8.490543913117071 ], [ -13.283933606237019, 8.490556101629346 ], [ -13.283927511980883, 8.490568290141621 ], [ -13.283921417724745, 8.490580478653897 ], [ -13.283915323468607, 8.490592667166171 ], [ -13.283909229212469, 8.490610949934583 ], [ -13.283903134956333, 8.490623138446859 ], [ -13.283897040700195, 8.490635326959133 ], [ -13.283884852187919, 8.490641421215271 ], [ -13.283872663675645, 8.490647515471409 ], [ -13.283860475163369, 8.490647515471409 ], [ -13.283848286651095, 8.490647515471409 ], [ -13.283836098138819, 8.490647515471409 ], [ -13.283823909626545, 8.490647515471409 ], [ -13.283805626858133, 8.490647515471409 ], [ -13.283793438345857, 8.490647515471409 ], [ -13.283781249833581, 8.490647515471409 ], [ -13.283775155577445, 8.490659703983683 ], [ -13.283769061321307, 8.490671892495959 ], [ -13.283756872809031, 8.490677986752097 ], [ -13.283756872809031, 8.490690175264371 ], [ -13.283756872809031, 8.490702363776647 ], [ -13.283756872809031, 8.490714552288921 ], [ -13.283750778552895, 8.490726740801197 ], [ -13.283750778552895, 8.490738929313471 ], [ -13.283744684296757, 8.490751117825747 ], [ -13.283738590040619, 8.490763306338021 ], [ -13.283726401528344, 8.490769400594159 ], [ -13.283726401528344, 8.490781589106433 ], [ -13.283720307272207, 8.490793777618709 ], [ -13.283714213016069, 8.490805966130983 ], [ -13.283708118759931, 8.490818154643259 ], [ -13.283695930247656, 8.490824248899397 ], [ -13.283695930247656, 8.490836437411671 ], [ -13.283689835991519, 8.490848625923947 ], [ -13.283683741735381, 8.490860814436221 ], [ -13.283671553223106, 8.490866908692359 ], [ -13.283665458966968, 8.490879097204633 ], [ -13.283653270454694, 8.490879097204633 ], [ -13.283641081942418, 8.490879097204633 ], [ -13.28363498768628, 8.490891285716909 ], [ -13.283622799174006, 8.490891285716909 ], [ -13.28361061066173, 8.490891285716909 ], [ -13.283598422149456, 8.490891285716909 ], [ -13.28358623363718, 8.490891285716909 ], [ -13.283574045124906, 8.490891285716909 ], [ -13.28356185661263, 8.490891285716909 ], [ -13.283549668100356, 8.490891285716909 ], [ -13.28353747958808, 8.490891285716909 ], [ -13.283525291075806, 8.490891285716909 ], [ -13.28351310256353, 8.490891285716909 ], [ -13.283500914051256, 8.490891285716909 ], [ -13.283482631282844, 8.490891285716909 ], [ -13.283470442770568, 8.490891285716909 ], [ -13.283458254258294, 8.490891285716909 ], [ -13.283446065746018, 8.490897379973047 ], [ -13.283433877233744, 8.490897379973047 ], [ -13.283421688721468, 8.490903474229185 ], [ -13.283403405953056, 8.490909568485321 ], [ -13.28339121744078, 8.490909568485321 ], [ -13.283379028928506, 8.490915662741459 ], [ -13.28336684041623, 8.490921756997597 ], [ -13.283354651903956, 8.490927851253735 ], [ -13.28334246339168, 8.490927851253735 ], [ -13.283324180623268, 8.490933945509871 ], [ -13.283311992110994, 8.490933945509871 ], [ -13.283299803598718, 8.490933945509871 ], [ -13.283287615086444, 8.490933945509871 ], [ -13.283275426574168, 8.490933945509871 ], [ -13.283263238061894, 8.490933945509871 ], [ -13.28324495529348, 8.490933945509871 ], [ -13.283232766781206, 8.490933945509871 ], [ -13.28322057826893, 8.490927851253735 ], [ -13.283214484012793, 8.490915662741459 ], [ -13.283214484012793, 8.490903474229185 ], [ -13.283214484012793, 8.490891285716909 ], [ -13.283214484012793, 8.490879097204633 ], [ -13.283214484012793, 8.490866908692359 ], [ -13.283214484012793, 8.490854720180083 ], [ -13.283214484012793, 8.490842531667809 ], [ -13.283214484012793, 8.490830343155533 ], [ -13.283214484012793, 8.490818154643259 ], [ -13.283208389756656, 8.490805966130983 ], [ -13.28319620124438, 8.490799871874847 ], [ -13.283184012732105, 8.490793777618709 ], [ -13.283184012732105, 8.490781589106433 ], [ -13.28317182421983, 8.490775494850297 ], [ -13.283159635707555, 8.490769400594159 ], [ -13.28314744719528, 8.490763306338021 ], [ -13.283135258683005, 8.490763306338021 ], [ -13.283129164426867, 8.490751117825747 ], [ -13.283116975914592, 8.490751117825747 ], [ -13.283104787402317, 8.490745023569609 ], [ -13.283092598890041, 8.490738929313471 ], [ -13.283080410377767, 8.490738929313471 ], [ -13.283068221865491, 8.490738929313471 ], [ -13.283056033353217, 8.490738929313471 ], [ -13.283043844840941, 8.490738929313471 ], [ -13.283031656328667, 8.490738929313471 ], [ -13.283019467816391, 8.490738929313471 ], [ -13.283001185047979, 8.490745023569609 ], [ -13.282988996535705, 8.490751117825747 ], [ -13.282976808023429, 8.490757212081883 ], [ -13.282964619511155, 8.490757212081883 ], [ -13.282958525255017, 8.490769400594159 ], [ -13.282952430998879, 8.490781589106433 ], [ -13.282952430998879, 8.490793777618709 ], [ -13.282940242486605, 8.490805966130983 ], [ -13.282934148230467, 8.490818154643259 ], [ -13.282934148230467, 8.490830343155533 ], [ -13.282921959718191, 8.490830343155533 ], [ -13.282915865462055, 8.490842531667809 ], [ -13.282915865462055, 8.490854720180083 ], [ -13.282915865462055, 8.490866908692359 ], [ -13.282903676949779, 8.490879097204633 ], [ -13.282903676949779, 8.490891285716909 ], [ -13.282897582693641, 8.490903474229185 ], [ -13.282891488437505, 8.490915662741459 ], [ -13.282885394181367, 8.490927851253735 ], [ -13.282885394181367, 8.490940039766009 ], [ -13.282879299925229, 8.490952228278285 ], [ -13.282873205669091, 8.490964416790559 ], [ -13.282873205669091, 8.490976605302835 ], [ -13.282867111412955, 8.490988793815109 ], [ -13.282861017156817, 8.491000982327385 ], [ -13.282854922900679, 8.491013170839659 ], [ -13.282854922900679, 8.491025359351935 ], [ -13.282854922900679, 8.49103754786421 ], [ -13.282842734388405, 8.49103754786421 ], [ -13.282836640132267, 8.491049736376485 ], [ -13.282836640132267, 8.49106192488876 ], [ -13.282824451619991, 8.49106192488876 ], [ -13.282818357363855, 8.491074113401035 ], [ -13.282806168851579, 8.491074113401035 ], [ -13.282793980339305, 8.491074113401035 ], [ -13.282781791827029, 8.491074113401035 ], [ -13.282763509058617, 8.491074113401035 ], [ -13.282745226290205, 8.491074113401035 ], [ -13.282720849265655, 8.491074113401035 ], [ -13.282702566497241, 8.491074113401035 ], [ -13.282678189472691, 8.491074113401035 ], [ -13.282659906704279, 8.491074113401035 ], [ -13.282647718192004, 8.491074113401035 ], [ -13.282635529679728, 8.491074113401035 ], [ -13.282623341167454, 8.491074113401035 ], [ -13.282611152655178, 8.491074113401035 ], [ -13.282598964142904, 8.491074113401035 ], [ -13.282586775630628, 8.491074113401035 ], [ -13.282574587118352, 8.491074113401035 ], [ -13.282562398606078, 8.491074113401035 ], [ -13.282550210093802, 8.491074113401035 ], [ -13.282544115837666, 8.49108630191331 ], [ -13.28253192732539, 8.49108630191331 ], [ -13.282519738813116, 8.491098490425586 ], [ -13.28250755030084, 8.491098490425586 ], [ -13.282495361788566, 8.491104584681722 ], [ -13.282489267532428, 8.491116773193998 ], [ -13.282477079020152, 8.491116773193998 ], [ -13.282464890507878, 8.491128961706272 ], [ -13.28245879625174, 8.491141150218548 ], [ -13.282446607739466, 8.491147244474686 ], [ -13.28243441922719, 8.49115943298696 ], [ -13.282422230714916, 8.491165527243098 ], [ -13.28241004220264, 8.491177715755372 ], [ -13.282403947946502, 8.491189904267648 ], [ -13.282397853690366, 8.491202092779922 ], [ -13.282391759434228, 8.491214281292198 ], [ -13.28238566517809, 8.491226469804472 ], [ -13.28238566517809, 8.491238658316748 ], [ -13.282373476665816, 8.491244752572886 ], [ -13.282373476665816, 8.49125694108516 ], [ -13.28236128815354, 8.491263035341298 ], [ -13.28236128815354, 8.491275223853572 ], [ -13.28236128815354, 8.491287412365848 ], [ -13.28236128815354, 8.491299600878122 ], [ -13.28236128815354, 8.491311789390398 ], [ -13.28236128815354, 8.491323977902672 ], [ -13.28236128815354, 8.491336166414948 ], [ -13.28236128815354, 8.491348354927222 ], [ -13.28236128815354, 8.491360543439498 ], [ -13.28236128815354, 8.491372731951772 ], [ -13.28236128815354, 8.491384920464048 ], [ -13.28236128815354, 8.491397108976322 ], [ -13.282373476665816, 8.49140320323246 ], [ -13.282373476665816, 8.491415391744736 ], [ -13.282373476665816, 8.49142758025701 ], [ -13.282373476665816, 8.491439768769286 ], [ -13.282373476665816, 8.49145195728156 ], [ -13.282373476665816, 8.491464145793836 ], [ -13.282373476665816, 8.49147633430611 ], [ -13.282373476665816, 8.491488522818386 ], [ -13.282373476665816, 8.49150071133066 ], [ -13.282373476665816, 8.491512899842936 ], [ -13.282373476665816, 8.49152508835521 ], [ -13.282373476665816, 8.491537276867486 ], [ -13.282373476665816, 8.491549465379761 ], [ -13.282373476665816, 8.491561653892036 ], [ -13.282373476665816, 8.491573842404311 ], [ -13.282373476665816, 8.491586030916586 ], [ -13.282367382409678, 8.491598219428861 ], [ -13.282355193897402, 8.491610407941137 ], [ -13.282343005385128, 8.491610407941137 ], [ -13.282330816872852, 8.491616502197274 ], [ -13.282324722616716, 8.491628690709549 ], [ -13.28231253410444, 8.491634784965687 ], [ -13.282300345592166, 8.491640879221825 ], [ -13.28228815707989, 8.491646973477961 ], [ -13.282275968567616, 8.491646973477961 ], [ -13.28226378005534, 8.491646973477961 ], [ -13.282251591543066, 8.491646973477961 ], [ -13.28223940303079, 8.491653067734099 ], [ -13.282227214518516, 8.491659161990237 ], [ -13.28221502600624, 8.491659161990237 ], [ -13.282202837493966, 8.491659161990237 ], [ -13.28219064898169, 8.491659161990237 ], [ -13.282178460469416, 8.491665256246375 ], [ -13.28216627195714, 8.491665256246375 ], [ -13.282154083444865, 8.491671350502511 ], [ -13.28214189493259, 8.491671350502511 ], [ -13.282129706420315, 8.491671350502511 ], [ -13.282111423651902, 8.491677444758649 ], [ -13.282099235139627, 8.491683539014787 ], [ -13.282087046627352, 8.491689633270925 ], [ -13.282068763858939, 8.491701821783199 ], [ -13.282056575346665, 8.491707916039337 ], [ -13.282044386834389, 8.491720104551611 ], [ -13.282026104065977, 8.491726198807749 ], [ -13.282013915553701, 8.491726198807749 ], [ -13.282001727041427, 8.491732293063887 ], [ -13.281989538529151, 8.491738387320025 ], [ -13.281977350016877, 8.491744481576161 ], [ -13.281965161504601, 8.491744481576161 ], [ -13.281965161504601, 8.491756670088437 ], [ -13.281946878736189, 8.491762764344575 ], [ -13.281934690223913, 8.491768858600711 ], [ -13.281922501711639, 8.491774952856849 ], [ -13.281910313199363, 8.491781047112987 ], [ -13.281904218943227, 8.491793235625261 ], [ -13.281879841918677, 8.491799329881399 ], [ -13.281867653406401, 8.491805424137537 ], [ -13.281855464894127, 8.491811518393675 ], [ -13.281843276381851, 8.491817612649811 ], [ -13.281831087869577, 8.491823706905949 ], [ -13.281812805101163, 8.491848083930499 ], [ -13.281800616588889, 8.491848083930499 ], [ -13.281788428076613, 8.491848083930499 ], [ -13.281776239564339, 8.491854178186637 ], [ -13.281764051052063, 8.491860272442775 ], [ -13.281751862539789, 8.491866366698911 ], [ -13.281739674027513, 8.491872460955049 ], [ -13.281727485515239, 8.491878555211187 ], [ -13.281715297002963, 8.491884649467325 ], [ -13.281703108490689, 8.491896837979599 ], [ -13.281690919978413, 8.491902932235737 ], [ -13.281678731466139, 8.491909026491875 ], [ -13.281666542953863, 8.491915120748011 ], [ -13.281654354441589, 8.491921215004149 ], [ -13.281642165929313, 8.491921215004149 ], [ -13.281629977417039, 8.491927309260287 ], [ -13.281617788904763, 8.491933403516425 ], [ -13.281605600392488, 8.491933403516425 ], [ -13.281593411880213, 8.491933403516425 ], [ -13.281581223367938, 8.491939497772561 ], [ -13.281569034855663, 8.491945592028699 ], [ -13.281556846343388, 8.491945592028699 ], [ -13.281544657831112, 8.491945592028699 ], [ -13.281532469318838, 8.491951686284837 ], [ -13.281520280806562, 8.491951686284837 ], [ -13.281508092294288, 8.491957780540975 ], [ -13.281495903782012, 8.491963874797111 ], [ -13.281483715269738, 8.491963874797111 ], [ -13.281471526757462, 8.491969969053249 ], [ -13.28145324398905, 8.491976063309387 ], [ -13.281441055476776, 8.491982157565525 ], [ -13.2814288669645, 8.491982157565525 ], [ -13.281416678452226, 8.491982157565525 ], [ -13.28140448993995, 8.491988251821661 ], [ -13.281392301427676, 8.491994346077799 ], [ -13.2813801129154, 8.492000440333937 ], [ -13.281367924403124, 8.492000440333937 ], [ -13.28135573589085, 8.492012628846211 ], [ -13.281343547378574, 8.492012628846211 ], [ -13.2813313588663, 8.492012628846211 ], [ -13.281319170354024, 8.492018723102349 ], [ -13.28130698184175, 8.492024817358487 ], [ -13.281294793329474, 8.492024817358487 ], [ -13.2812826048172, 8.492024817358487 ], [ -13.281270416304924, 8.492030911614625 ], [ -13.28125822779265, 8.492030911614625 ], [ -13.281246039280374, 8.492030911614625 ], [ -13.2812338507681, 8.492030911614625 ], [ -13.281221662255824, 8.492030911614625 ], [ -13.28120947374355, 8.492030911614625 ], [ -13.281197285231274, 8.492030911614625 ], [ -13.281185096719, 8.492030911614625 ], [ -13.281172908206724, 8.492030911614625 ], [ -13.28116071969445, 8.492030911614625 ], [ -13.281148531182174, 8.492030911614625 ], [ -13.2811363426699, 8.492030911614625 ], [ -13.281124154157624, 8.492030911614625 ], [ -13.28111196564535, 8.492030911614625 ], [ -13.281099777133074, 8.492030911614625 ], [ -13.2810875886208, 8.492030911614625 ], [ -13.281075400108524, 8.492030911614625 ], [ -13.281063211596249, 8.492030911614625 ], [ -13.281051023083974, 8.492030911614625 ], [ -13.281038834571699, 8.492024817358487 ], [ -13.281026646059424, 8.492018723102349 ], [ -13.281020551803287, 8.492006534590075 ], [ -13.281008363291011, 8.492000440333937 ], [ -13.281002269034873, 8.491988251821661 ], [ -13.280990080522599, 8.491988251821661 ], [ -13.280971797754187, 8.491988251821661 ], [ -13.280959609241911, 8.491982157565525 ], [ -13.280947420729637, 8.491969969053249 ], [ -13.280935232217361, 8.491969969053249 ], [ -13.280916949448949, 8.491963874797111 ], [ -13.280892572424399, 8.491957780540975 ], [ -13.280880383912123, 8.491957780540975 ], [ -13.280856006887573, 8.491951686284837 ], [ -13.280843818375299, 8.491945592028699 ], [ -13.280831629863023, 8.491939497772561 ], [ -13.280819441350749, 8.491939497772561 ], [ -13.280795064326199, 8.491939497772561 ], [ -13.280776781557787, 8.491939497772561 ], [ -13.280764593045511, 8.491933403516425 ], [ -13.280752404533235, 8.491933403516425 ], [ -13.280740216020961, 8.491933403516425 ], [ -13.280715838996411, 8.491927309260287 ], [ -13.280697556227999, 8.491927309260287 ], [ -13.280685367715723, 8.491927309260287 ], [ -13.280673179203449, 8.491927309260287 ], [ -13.280660990691173, 8.491927309260287 ], [ -13.280648802178899, 8.491933403516425 ], [ -13.280624425154349, 8.491933403516425 ], [ -13.280612236642073, 8.491939497772561 ], [ -13.280593953873661, 8.491945592028699 ], [ -13.280581765361385, 8.491945592028699 ], [ -13.280569576849111, 8.491951686284837 ], [ -13.280551294080698, 8.491957780540975 ], [ -13.280539105568423, 8.491963874797111 ], [ -13.28052082280001, 8.491963874797111 ], [ -13.28049644577546, 8.491963874797111 ], [ -13.280484257263184, 8.491963874797111 ], [ -13.28047206875091, 8.491963874797111 ], [ -13.280459880238634, 8.491963874797111 ], [ -13.28044769172636, 8.491963874797111 ], [ -13.280435503214084, 8.491963874797111 ], [ -13.28042331470181, 8.491963874797111 ], [ -13.280405031933398, 8.491963874797111 ], [ -13.280386749164984, 8.491963874797111 ], [ -13.28037456065271, 8.491957780540975 ], [ -13.28035018362816, 8.491957780540975 ], [ -13.28032580660361, 8.491951686284837 ], [ -13.280313618091334, 8.491951686284837 ], [ -13.28030142957906, 8.491945592028699 ], [ -13.280289241066784, 8.491939497772561 ], [ -13.280270958298372, 8.491933403516425 ], [ -13.280264864042234, 8.491921215004149 ], [ -13.280240487017684, 8.491909026491875 ], [ -13.28022829850541, 8.491902932235737 ], [ -13.280210015736998, 8.491896837979599 ], [ -13.280191732968584, 8.491890743723461 ], [ -13.28017954445631, 8.491872460955049 ], [ -13.280124696151072, 8.491860272442775 ], [ -13.280112507638796, 8.491841989674361 ], [ -13.280094224870384, 8.491829801162087 ], [ -13.280088130614246, 8.491811518393675 ], [ -13.280075942101972, 8.491805424137537 ], [ -13.280075942101972, 8.491793235625261 ], [ -13.280075942101972, 8.491781047112987 ], [ -13.280075942101972, 8.491768858600711 ], [ -13.280063753589696, 8.491756670088437 ], [ -13.280051565077422, 8.491750575832299 ], [ -13.280039376565146, 8.491738387320025 ], [ -13.280039376565146, 8.491726198807749 ], [ -13.280027188052872, 8.491720104551611 ], [ -13.280021093796734, 8.491707916039337 ], [ -13.280021093796734, 8.491695727527061 ], [ -13.280021093796734, 8.491683539014787 ], [ -13.280027188052872, 8.491671350502511 ], [ -13.280033282309009, 8.491659161990237 ], [ -13.280039376565146, 8.491646973477961 ], [ -13.280045470821284, 8.491634784965687 ], [ -13.28005765933356, 8.491634784965687 ], [ -13.280069847845834, 8.491628690709549 ], [ -13.28008203635811, 8.491622596453411 ], [ -13.280094224870384, 8.491616502197274 ], [ -13.280112507638796, 8.491604313684999 ], [ -13.280124696151072, 8.491598219428861 ], [ -13.280136884663346, 8.491598219428861 ], [ -13.280149073175622, 8.491592125172724 ], [ -13.280161261687896, 8.491586030916586 ], [ -13.280173450200172, 8.491573842404311 ], [ -13.280185638712448, 8.491561653892036 ], [ -13.280191732968584, 8.491549465379761 ], [ -13.28020392148086, 8.491537276867486 ], [ -13.280210015736998, 8.49152508835521 ], [ -13.280216109993134, 8.491512899842936 ], [ -13.280222204249272, 8.49150071133066 ], [ -13.280222204249272, 8.491488522818386 ], [ -13.28022829850541, 8.491464145793836 ], [ -13.280240487017684, 8.49145195728156 ], [ -13.280246581273822, 8.491439768769286 ], [ -13.280258769786098, 8.491433674513148 ], [ -13.280258769786098, 8.491421486000872 ], [ -13.280270958298372, 8.491409297488598 ], [ -13.28027705255451, 8.491397108976322 ], [ -13.280289241066784, 8.491391014720186 ], [ -13.28030142957906, 8.49137882620791 ], [ -13.280313618091334, 8.491366637695636 ], [ -13.28032580660361, 8.491366637695636 ], [ -13.280344089372022, 8.491360543439498 ], [ -13.280362372140434, 8.491360543439498 ], [ -13.280380654908848, 8.491360543439498 ], [ -13.280392843421122, 8.491366637695636 ], [ -13.280405031933398, 8.491372731951772 ], [ -13.280417220445672, 8.49137882620791 ], [ -13.280429408957948, 8.491384920464048 ], [ -13.280441597470222, 8.491391014720186 ], [ -13.280441597470222, 8.49140320323246 ], [ -13.280453785982498, 8.49140320323246 ], [ -13.280453785982498, 8.491391014720186 ], [ -13.280453785982498, 8.491366637695636 ], [ -13.28044769172636, 8.491348354927222 ], [ -13.28044769172636, 8.49133007215881 ], [ -13.28044769172636, 8.491311789390398 ], [ -13.28044769172636, 8.491293506621986 ], [ -13.28044769172636, 8.49128131810971 ], [ -13.280453785982498, 8.491269129597436 ], [ -13.280465974494772, 8.49125694108516 ], [ -13.280465974494772, 8.491244752572886 ], [ -13.28047206875091, 8.49123256406061 ], [ -13.28047206875091, 8.491220375548336 ], [ -13.280459880238634, 8.491214281292198 ], [ -13.280453785982498, 8.491202092779922 ], [ -13.280441597470222, 8.491189904267648 ], [ -13.280429408957948, 8.49118381001151 ], [ -13.28042331470181, 8.491171621499236 ], [ -13.280411126189534, 8.491165527243098 ], [ -13.280411126189534, 8.491153338730822 ], [ -13.28039893767726, 8.491141150218548 ], [ -13.28037456065271, 8.491128961706272 ], [ -13.280362372140434, 8.491116773193998 ], [ -13.28035018362816, 8.491116773193998 ], [ -13.280337995115884, 8.49111067893786 ], [ -13.28032580660361, 8.491104584681722 ], [ -13.280313618091334, 8.491098490425586 ], [ -13.28030142957906, 8.491098490425586 ], [ -13.280289241066784, 8.491098490425586 ], [ -13.28027705255451, 8.491098490425586 ], [ -13.280264864042234, 8.491098490425586 ], [ -13.28025267552996, 8.491098490425586 ], [ -13.280240487017684, 8.491098490425586 ], [ -13.28022829850541, 8.491098490425586 ], [ -13.280216109993134, 8.491098490425586 ], [ -13.28020392148086, 8.491092396169448 ], [ -13.280197827224722, 8.491080207657172 ], [ -13.280191732968584, 8.491055830632622 ], [ -13.28017954445631, 8.491043642120347 ], [ -13.28017954445631, 8.491025359351935 ], [ -13.280173450200172, 8.491007076583521 ], [ -13.280167355944034, 8.490994888071247 ], [ -13.280167355944034, 8.490976605302835 ], [ -13.280167355944034, 8.490964416790559 ], [ -13.280167355944034, 8.490952228278285 ], [ -13.280161261687896, 8.490940039766009 ], [ -13.280161261687896, 8.490927851253735 ], [ -13.280161261687896, 8.490915662741459 ], [ -13.280161261687896, 8.490897379973047 ], [ -13.280161261687896, 8.490885191460771 ], [ -13.280149073175622, 8.490885191460771 ], [ -13.280142978919484, 8.490860814436221 ], [ -13.280136884663346, 8.490848625923947 ], [ -13.28013079040721, 8.490836437411671 ], [ -13.280124696151072, 8.490824248899397 ], [ -13.280118601894934, 8.490805966130983 ], [ -13.280112507638796, 8.490793777618709 ], [ -13.280112507638796, 8.490781589106433 ], [ -13.280112507638796, 8.490769400594159 ], [ -13.280112507638796, 8.490757212081883 ], [ -13.280112507638796, 8.490745023569609 ], [ -13.280118601894934, 8.490726740801197 ], [ -13.280136884663346, 8.490720646545059 ], [ -13.280142978919484, 8.490708458032783 ], [ -13.28015516743176, 8.490708458032783 ], [ -13.280167355944034, 8.490702363776647 ], [ -13.280185638712448, 8.490696269520509 ], [ -13.28020392148086, 8.490696269520509 ], [ -13.280216109993134, 8.490690175264371 ], [ -13.28022829850541, 8.490690175264371 ], [ -13.280240487017684, 8.490696269520509 ], [ -13.280246581273822, 8.490708458032783 ], [ -13.280258769786098, 8.490714552288921 ], [ -13.280270958298372, 8.490732835057333 ], [ -13.280283146810648, 8.490745023569609 ], [ -13.280289241066784, 8.490757212081883 ], [ -13.28030142957906, 8.490769400594159 ], [ -13.280313618091334, 8.490769400594159 ], [ -13.28032580660361, 8.490763306338021 ], [ -13.280331900859748, 8.490745023569609 ], [ -13.280344089372022, 8.490720646545059 ], [ -13.28035018362816, 8.490708458032783 ], [ -13.280356277884298, 8.490690175264371 ], [ -13.280362372140434, 8.490677986752097 ], [ -13.280368466396572, 8.490665798239821 ], [ -13.280380654908848, 8.490641421215271 ], [ -13.280386749164984, 8.490629232702997 ], [ -13.28039893767726, 8.490623138446859 ], [ -13.280405031933398, 8.490610949934583 ], [ -13.280411126189534, 8.490592667166171 ], [ -13.28042331470181, 8.490586572910033 ], [ -13.280429408957948, 8.490574384397759 ], [ -13.280441597470222, 8.490568290141621 ], [ -13.280441597470222, 8.490556101629346 ], [ -13.280453785982498, 8.490550007373209 ], [ -13.280465974494772, 8.490537818860933 ], [ -13.280478163007048, 8.490531724604796 ], [ -13.280490351519322, 8.490531724604796 ], [ -13.280502540031598, 8.490525630348658 ], [ -13.280514728543872, 8.490525630348658 ], [ -13.280526917056148, 8.490519536092521 ], [ -13.280533011312285, 8.490507347580246 ], [ -13.280533011312285, 8.49049515906797 ], [ -13.280533011312285, 8.490482970555696 ], [ -13.280539105568423, 8.490464687787282 ], [ -13.280539105568423, 8.490452499275008 ], [ -13.280539105568423, 8.490440310762732 ], [ -13.280539105568423, 8.490428122250458 ], [ -13.280539105568423, 8.490415933738182 ], [ -13.28054519982456, 8.49039765096977 ], [ -13.280551294080698, 8.49037327394522 ], [ -13.280563482592973, 8.490367179689082 ], [ -13.280569576849111, 8.490354991176808 ], [ -13.280581765361385, 8.49034889692067 ], [ -13.280593953873661, 8.490336708408396 ], [ -13.280606142385935, 8.490336708408396 ], [ -13.280618330898211, 8.490330614152258 ], [ -13.280630519410485, 8.490330614152258 ], [ -13.280642707922761, 8.490330614152258 ], [ -13.280654896435035, 8.49032451989612 ], [ -13.280667084947311, 8.49032451989612 ], [ -13.280685367715723, 8.49032451989612 ], [ -13.280703650484135, 8.49032451989612 ], [ -13.280715838996411, 8.490318425639982 ], [ -13.280734121764823, 8.490318425639982 ], [ -13.280758498789373, 8.490312331383846 ], [ -13.280770687301649, 8.490306237127708 ], [ -13.280782875813923, 8.490306237127708 ], [ -13.280795064326199, 8.490306237127708 ], [ -13.280813347094611, 8.490306237127708 ], [ -13.280825535606887, 8.490306237127708 ], [ -13.280837724119161, 8.490306237127708 ], [ -13.280849912631437, 8.490306237127708 ], [ -13.280856006887573, 8.490330614152258 ], [ -13.280856006887573, 8.490354991176808 ], [ -13.280856006887573, 8.490367179689082 ], [ -13.280856006887573, 8.490385462457496 ], [ -13.280849912631437, 8.49039765096977 ], [ -13.280843818375299, 8.490415933738182 ], [ -13.280843818375299, 8.490428122250458 ], [ -13.280856006887573, 8.490434216506596 ], [ -13.280868195399849, 8.490434216506596 ], [ -13.280880383912123, 8.490440310762732 ], [ -13.280892572424399, 8.490440310762732 ], [ -13.280910855192811, 8.490440310762732 ], [ -13.280923043705087, 8.490440310762732 ], [ -13.280935232217361, 8.490440310762732 ], [ -13.280947420729637, 8.490440310762732 ], [ -13.280959609241911, 8.490440310762732 ], [ -13.280971797754187, 8.490428122250458 ], [ -13.280990080522599, 8.49042202799432 ], [ -13.280996174778737, 8.490409839482046 ], [ -13.280996174778737, 8.49039765096977 ], [ -13.281002269034873, 8.490385462457496 ], [ -13.281008363291011, 8.490367179689082 ], [ -13.281008363291011, 8.490354991176808 ], [ -13.281014457547149, 8.490330614152258 ], [ -13.281014457547149, 8.490318425639982 ], [ -13.281026646059424, 8.49030014287157 ], [ -13.281038834571699, 8.490281860103158 ], [ -13.281051023083974, 8.49027576584702 ], [ -13.281057117340112, 8.490263577334744 ], [ -13.281069305852387, 8.490257483078608 ], [ -13.281081494364662, 8.490245294566332 ], [ -13.281093682876937, 8.490239200310194 ], [ -13.281105871389212, 8.490239200310194 ], [ -13.281118059901488, 8.490239200310194 ], [ -13.2811363426699, 8.490239200310194 ], [ -13.281148531182174, 8.490233106054058 ], [ -13.28116071969445, 8.490233106054058 ], [ -13.281172908206724, 8.490233106054058 ], [ -13.281185096719, 8.49022701179792 ], [ -13.281203379487412, 8.49022701179792 ], [ -13.281215567999688, 8.49022701179792 ], [ -13.281227756511962, 8.490220917541782 ], [ -13.281246039280374, 8.490220917541782 ], [ -13.281264322048788, 8.490220917541782 ], [ -13.2812826048172, 8.490220917541782 ], [ -13.281300887585612, 8.490220917541782 ], [ -13.281319170354024, 8.490220917541782 ], [ -13.281343547378574, 8.490220917541782 ], [ -13.281367924403124, 8.490220917541782 ], [ -13.2813801129154, 8.490220917541782 ], [ -13.281392301427676, 8.490220917541782 ], [ -13.28140448993995, 8.49022701179792 ], [ -13.281416678452226, 8.490233106054058 ], [ -13.281441055476776, 8.49025138882247 ], [ -13.28145324398905, 8.49025138882247 ], [ -13.281465432501326, 8.490257483078608 ], [ -13.2814776210136, 8.49027576584702 ], [ -13.281489809525876, 8.490287954359296 ], [ -13.281508092294288, 8.49030014287157 ], [ -13.281508092294288, 8.49032451989612 ], [ -13.281520280806562, 8.49032451989612 ], [ -13.2815263750627, 8.490336708408396 ], [ -13.281538563574976, 8.490342802664532 ], [ -13.28155075208725, 8.490354991176808 ], [ -13.281562940599526, 8.490361085432946 ], [ -13.2815751291118, 8.490361085432946 ], [ -13.281587317624076, 8.490361085432946 ], [ -13.281599506136351, 8.490361085432946 ], [ -13.281611694648626, 8.490361085432946 ], [ -13.281617788904763, 8.49034889692067 ], [ -13.281629977417039, 8.49034889692067 ], [ -13.281629977417039, 8.490336708408396 ], [ -13.281642165929313, 8.490318425639982 ], [ -13.281648260185451, 8.490306237127708 ], [ -13.281654354441589, 8.490294048615432 ], [ -13.281660448697727, 8.490281860103158 ], [ -13.281660448697727, 8.490269671590882 ], [ -13.281666542953863, 8.49025138882247 ], [ -13.281672637210001, 8.490239200310194 ], [ -13.281672637210001, 8.49022701179792 ], [ -13.281678731466139, 8.490214823285644 ], [ -13.281678731466139, 8.49020263477337 ], [ -13.281690919978413, 8.49020263477337 ], [ -13.281690919978413, 8.490190446261094 ], [ -13.281690919978413, 8.49017825774882 ], [ -13.281690919978413, 8.490159974980408 ], [ -13.281697014234551, 8.490135597955858 ], [ -13.281697014234551, 8.490123409443582 ], [ -13.281697014234551, 8.490111220931308 ], [ -13.281697014234551, 8.490099032419032 ], [ -13.281697014234551, 8.49008074965062 ], [ -13.281697014234551, 8.490062466882208 ], [ -13.281697014234551, 8.490044184113794 ], [ -13.281697014234551, 8.49003199560152 ], [ -13.281697014234551, 8.490019807089244 ], [ -13.281697014234551, 8.49000761857697 ], [ -13.281697014234551, 8.489995430064694 ], [ -13.281684825722277, 8.489983241552419 ], [ -13.281684825722277, 8.489971053040144 ], [ -13.281684825722277, 8.489958864527869 ], [ -13.281678731466139, 8.489946676015593 ], [ -13.281666542953863, 8.489934487503319 ], [ -13.281666542953863, 8.489922298991043 ], [ -13.281660448697727, 8.489910110478769 ], [ -13.281648260185451, 8.489891827710357 ], [ -13.281642165929313, 8.489879639198081 ], [ -13.281636071673177, 8.489867450685807 ], [ -13.281636071673177, 8.489855262173531 ], [ -13.281623883160901, 8.489843073661257 ], [ -13.281623883160901, 8.489830885148981 ], [ -13.281617788904763, 8.489812602380569 ], [ -13.281605600392488, 8.489800413868293 ], [ -13.281599506136351, 8.489788225356019 ], [ -13.281599506136351, 8.489776036843743 ], [ -13.281593411880213, 8.489763848331469 ], [ -13.281587317624076, 8.489751659819193 ], [ -13.281581223367938, 8.489733377050781 ], [ -13.281569034855663, 8.489727282794643 ], [ -13.28155075208725, 8.489709000026231 ], [ -13.281538563574976, 8.489696811513957 ], [ -13.2815263750627, 8.489684623001681 ], [ -13.281514186550426, 8.489684623001681 ], [ -13.281508092294288, 8.489672434489405 ], [ -13.281495903782012, 8.489660245977131 ], [ -13.281483715269738, 8.489660245977131 ], [ -13.281483715269738, 8.489641963208719 ], [ -13.2814776210136, 8.489629774696443 ], [ -13.281471526757462, 8.489611491928031 ], [ -13.281471526757462, 8.489599303415755 ], [ -13.281465432501326, 8.489587114903481 ], [ -13.281465432501326, 8.489574926391205 ], [ -13.281465432501326, 8.489562737878931 ], [ -13.281465432501326, 8.489550549366655 ], [ -13.281465432501326, 8.489538360854381 ], [ -13.281465432501326, 8.489526172342105 ], [ -13.281465432501326, 8.489507889573693 ], [ -13.281465432501326, 8.489495701061418 ], [ -13.281471526757462, 8.489471324036868 ], [ -13.281471526757462, 8.489459135524593 ], [ -13.2814776210136, 8.489446947012318 ], [ -13.2814776210136, 8.489428664243905 ], [ -13.2814776210136, 8.48941647573163 ], [ -13.281483715269738, 8.48939209870708 ], [ -13.281483715269738, 8.489379910194804 ], [ -13.281489809525876, 8.48936772168253 ], [ -13.28150199803815, 8.489361627426392 ], [ -13.28150199803815, 8.489349438914118 ], [ -13.281508092294288, 8.489337250401842 ], [ -13.281532469318838, 8.489325061889568 ], [ -13.281532469318838, 8.489300684865018 ], [ -13.28155075208725, 8.48929459060888 ], [ -13.281562940599526, 8.489288496352742 ], [ -13.2815751291118, 8.489282402096604 ], [ -13.281581223367938, 8.48927021358433 ], [ -13.281581223367938, 8.489258025072054 ], [ -13.281587317624076, 8.48924583655978 ], [ -13.281593411880213, 8.489227553791368 ], [ -13.281599506136351, 8.489215365279092 ], [ -13.281605600392488, 8.489203176766818 ], [ -13.281605600392488, 8.489190988254542 ], [ -13.281605600392488, 8.489178799742268 ], [ -13.281617788904763, 8.489166611229992 ], [ -13.281623883160901, 8.489142234205442 ], [ -13.281629977417039, 8.48912395143703 ], [ -13.281642165929313, 8.489105668668618 ], [ -13.281648260185451, 8.489093480156342 ], [ -13.281660448697727, 8.489087385900204 ], [ -13.281672637210001, 8.48907519738793 ], [ -13.281684825722277, 8.489069103131792 ], [ -13.281709202746827, 8.489056914619516 ], [ -13.281727485515239, 8.489056914619516 ], [ -13.281739674027513, 8.489056914619516 ], [ -13.281757956795927, 8.489056914619516 ], [ -13.281794522332751, 8.489056914619516 ], [ -13.281812805101163, 8.489056914619516 ], [ -13.281824993613439, 8.489056914619516 ], [ -13.281837182125713, 8.489056914619516 ], [ -13.281843276381851, 8.489044726107242 ], [ -13.281855464894127, 8.489038631851104 ], [ -13.281867653406401, 8.489032537594966 ], [ -13.281879841918677, 8.48902644333883 ], [ -13.281892030430951, 8.489020349082692 ], [ -13.281904218943227, 8.489014254826554 ], [ -13.281916407455501, 8.489008160570416 ], [ -13.281916407455501, 8.488995972058142 ], [ -13.281922501711639, 8.488983783545866 ], [ -13.281922501711639, 8.488965500777454 ], [ -13.281922501711639, 8.488953312265179 ], [ -13.281934690223913, 8.488935029496766 ], [ -13.281934690223913, 8.488922840984491 ], [ -13.281934690223913, 8.488910652472216 ], [ -13.281934690223913, 8.488898463959941 ], [ -13.281934690223913, 8.488880181191529 ], [ -13.281922501711639, 8.488874086935391 ], [ -13.281916407455501, 8.488861898423115 ], [ -13.281910313199363, 8.488849709910841 ], [ -13.281898124687089, 8.488843615654703 ], [ -13.281892030430951, 8.488831427142429 ], [ -13.281885936174813, 8.488819238630153 ], [ -13.281873747662539, 8.488807050117879 ], [ -13.281867653406401, 8.488788767349465 ], [ -13.281861559150263, 8.488776578837191 ], [ -13.281849370637989, 8.488764390324915 ], [ -13.281849370637989, 8.488752201812641 ], [ -13.281849370637989, 8.488733919044229 ], [ -13.281849370637989, 8.488721730531953 ], [ -13.281849370637989, 8.488709542019679 ], [ -13.281849370637989, 8.488697353507403 ], [ -13.281849370637989, 8.488685164995129 ], [ -13.281849370637989, 8.488672976482853 ], [ -13.281861559150263, 8.488654693714441 ], [ -13.281867653406401, 8.488642505202165 ], [ -13.281885936174813, 8.488624222433753 ], [ -13.281898124687089, 8.488612033921479 ], [ -13.281910313199363, 8.488599845409203 ], [ -13.281916407455501, 8.488587656896929 ], [ -13.281928595967777, 8.488581562640791 ], [ -13.281952972992327, 8.488575468384653 ], [ -13.281965161504601, 8.488563279872379 ], [ -13.281977350016877, 8.488557185616241 ], [ -13.281989538529151, 8.488557185616241 ], [ -13.282001727041427, 8.488557185616241 ], [ -13.282013915553701, 8.488557185616241 ], [ -13.282026104065977, 8.488557185616241 ], [ -13.282038292578251, 8.488557185616241 ], [ -13.282050481090527, 8.488557185616241 ], [ -13.282062669602801, 8.488557185616241 ], [ -13.282074858115077, 8.488557185616241 ], [ -13.282080952371215, 8.488544997103965 ], [ -13.282099235139627, 8.488538902847829 ], [ -13.282105329395765, 8.488526714335553 ], [ -13.28211751790804, 8.488520620079415 ], [ -13.282123612164177, 8.488508431567141 ], [ -13.282135800676452, 8.488502337311003 ], [ -13.28214189493259, 8.488490148798729 ], [ -13.282147989188728, 8.488477960286453 ], [ -13.282154083444865, 8.488453583261903 ], [ -13.282160177701002, 8.488441394749627 ], [ -13.28216627195714, 8.488429206237353 ], [ -13.282172366213278, 8.488417017725077 ], [ -13.282172366213278, 8.488404829212802 ], [ -13.282172366213278, 8.488392640700527 ], [ -13.282172366213278, 8.488380452188252 ], [ -13.282172366213278, 8.488368263675977 ], [ -13.282172366213278, 8.488356075163702 ], [ -13.282172366213278, 8.488343886651426 ], [ -13.28216627195714, 8.488331698139152 ], [ -13.282154083444865, 8.488331698139152 ], [ -13.28214189493259, 8.488325603883014 ], [ -13.282129706420315, 8.488319509626876 ], [ -13.281770145308201, 8.487959948514764 ] ] ] ] } },
{ "type": "Feature", "properties": { "fid": 2, "class": 1.0 }, "geometry": { "type": "MultiPolygon", "coordinates": [ [ [ [ -13.277819371639842, 8.469092666422659 ], [ -13.277838471676437, 8.469083116404361 ], [ -13.277857571713033, 8.469083116404361 ], [ -13.277876671749629, 8.469073566386063 ], [ -13.277905321804523, 8.469064016367765 ], [ -13.277924421841117, 8.469064016367765 ], [ -13.277943521877713, 8.469054466349467 ], [ -13.277962621914309, 8.469054466349467 ], [ -13.277981721950905, 8.469044916331169 ], [ -13.278000821987501, 8.469044916331169 ], [ -13.278019922024097, 8.469044916331169 ], [ -13.278039022060693, 8.469044916331169 ], [ -13.278067672115586, 8.469044916331169 ], [ -13.278086772152182, 8.469044916331169 ], [ -13.278105872188778, 8.469044916331169 ], [ -13.278124972225374, 8.469044916331169 ], [ -13.27814407226197, 8.469044916331169 ], [ -13.278163172298566, 8.469044916331169 ], [ -13.27819182235346, 8.469044916331169 ], [ -13.278210922390056, 8.469035366312871 ], [ -13.27823002242665, 8.469035366312871 ], [ -13.278249122463246, 8.469035366312871 ], [ -13.278268222499841, 8.469035366312871 ], [ -13.278287322536437, 8.469035366312871 ], [ -13.278315972591331, 8.469035366312871 ], [ -13.278335072627927, 8.469035366312871 ], [ -13.278354172664523, 8.469044916331169 ], [ -13.278373272701119, 8.469044916331169 ], [ -13.278392372737715, 8.469054466349467 ], [ -13.278411472774311, 8.469073566386063 ], [ -13.278440122829204, 8.469083116404361 ], [ -13.278449672847502, 8.469102216440957 ], [ -13.2784592228658, 8.469121316477553 ], [ -13.278468772884098, 8.469140416514149 ], [ -13.278487872920694, 8.469149966532447 ], [ -13.278487872920694, 8.469169066569043 ], [ -13.278487872920694, 8.469188166605639 ], [ -13.278497422938992, 8.469216816660532 ], [ -13.278506972957288, 8.469235916697128 ], [ -13.278506972957288, 8.469255016733724 ], [ -13.278516522975586, 8.46927411677032 ], [ -13.278526072993884, 8.469293216806916 ], [ -13.278526072993884, 8.46931231684351 ], [ -13.278535623012182, 8.469340966898404 ], [ -13.278535623012182, 8.469369616953298 ], [ -13.27854517303048, 8.469388716989894 ], [ -13.278564273067076, 8.469407817026489 ], [ -13.278564273067076, 8.469426917063085 ], [ -13.278583373103672, 8.469446017099681 ], [ -13.27859292312197, 8.469465117136277 ], [ -13.27859292312197, 8.469484217172873 ], [ -13.278602473140268, 8.469503317209469 ], [ -13.278612023158566, 8.469522417246065 ], [ -13.278631123195161, 8.469541517282661 ], [ -13.278659773250055, 8.469579717355852 ], [ -13.278659773250055, 8.469608367410745 ], [ -13.278678873286651, 8.469608367410745 ], [ -13.278688423304949, 8.46962746744734 ], [ -13.278707523341545, 8.469646567483936 ], [ -13.278717073359843, 8.469665667520532 ], [ -13.278745723414737, 8.469694317575426 ], [ -13.278764823451333, 8.469703867593724 ], [ -13.278774373469631, 8.469742067666916 ], [ -13.278793473506227, 8.469751617685214 ], [ -13.278812573542821, 8.46977071772181 ], [ -13.278841223597714, 8.469789817758405 ], [ -13.27886032363431, 8.469799367776703 ], [ -13.278879423670906, 8.469808917795001 ], [ -13.278898523707502, 8.469818467813299 ], [ -13.278917623744098, 8.469828017831597 ], [ -13.278936723780694, 8.469828017831597 ], [ -13.278965373835588, 8.469837567849895 ], [ -13.278984473872184, 8.469847117868193 ], [ -13.27900357390878, 8.469856667886491 ], [ -13.279032223963673, 8.469856667886491 ], [ -13.279060874018567, 8.469875767923087 ], [ -13.279079974055163, 8.469885317941383 ], [ -13.279099074091757, 8.469894867959681 ], [ -13.279118174128353, 8.469894867959681 ], [ -13.279137274164949, 8.469904417977979 ], [ -13.279156374201545, 8.469904417977979 ], [ -13.279175474238141, 8.469904417977979 ], [ -13.279194574274737, 8.469913967996277 ], [ -13.27922322432963, 8.469923518014575 ], [ -13.279242324366226, 8.469933068032873 ], [ -13.279261424402822, 8.469942618051171 ], [ -13.279280524439418, 8.469942618051171 ], [ -13.279299624476014, 8.469961718087767 ], [ -13.27931872451261, 8.469971268106065 ], [ -13.279328274530908, 8.46999036814266 ], [ -13.279347374567504, 8.469999918160958 ], [ -13.279356924585802, 8.470019018197554 ], [ -13.279376024622398, 8.470028568215852 ], [ -13.27940467467729, 8.470076318307342 ], [ -13.279423774713885, 8.470124068398832 ], [ -13.279433324732183, 8.470162268472023 ], [ -13.279442874750481, 8.470200468545213 ], [ -13.279461974787077, 8.470248218636703 ], [ -13.279461974787077, 8.470276868691597 ], [ -13.279471524805375, 8.470315068764789 ], [ -13.279471524805375, 8.470343718819683 ], [ -13.279471524805375, 8.470362818856279 ], [ -13.279471524805375, 8.470381918892874 ], [ -13.279471524805375, 8.47040101892947 ], [ -13.279471524805375, 8.470420118966066 ], [ -13.279471524805375, 8.470439219002662 ], [ -13.279471524805375, 8.470458319039258 ], [ -13.279471524805375, 8.470477419075852 ], [ -13.279471524805375, 8.470496519112448 ], [ -13.279471524805375, 8.470515619149044 ], [ -13.279461974787077, 8.470553819222236 ], [ -13.279461974787077, 8.470572919258831 ], [ -13.279452424768779, 8.470620669350321 ], [ -13.279452424768779, 8.470649319405215 ], [ -13.279442874750481, 8.470668419441811 ], [ -13.279442874750481, 8.470697069496705 ], [ -13.279433324732183, 8.470716169533301 ], [ -13.279433324732183, 8.470744819588194 ], [ -13.279423774713885, 8.470763919624789 ], [ -13.279423774713885, 8.470792569679682 ], [ -13.279414224695588, 8.470821219734576 ], [ -13.279414224695588, 8.470840319771172 ], [ -13.27940467467729, 8.470868969826066 ], [ -13.27940467467729, 8.470907169899258 ], [ -13.279395124658992, 8.470935819954152 ], [ -13.279395124658992, 8.470974020027343 ], [ -13.279395124658992, 8.470993120063939 ], [ -13.279385574640694, 8.471021770118833 ], [ -13.279385574640694, 8.471069520210321 ], [ -13.279385574640694, 8.471117270301811 ], [ -13.279385574640694, 8.471184120429896 ], [ -13.279376024622398, 8.471250970557982 ], [ -13.2793664746041, 8.47130827066777 ], [ -13.279347374567504, 8.471356020759258 ], [ -13.279347374567504, 8.471403770850747 ], [ -13.279347374567504, 8.471422870887343 ], [ -13.279347374567504, 8.471441970923939 ], [ -13.279356924585802, 8.471470620978833 ], [ -13.279356924585802, 8.471489721015429 ], [ -13.279376024622398, 8.471508821052025 ], [ -13.279376024622398, 8.471527921088621 ], [ -13.279385574640694, 8.471547021125216 ], [ -13.279385574640694, 8.471566121161812 ], [ -13.279385574640694, 8.471585221198408 ], [ -13.279395124658992, 8.471604321235004 ], [ -13.279395124658992, 8.4716234212716 ], [ -13.27940467467729, 8.471642521308194 ], [ -13.279414224695588, 8.47166162134479 ], [ -13.279414224695588, 8.471680721381386 ], [ -13.279423774713885, 8.471699821417982 ], [ -13.279433324732183, 8.471718921454578 ], [ -13.279433324732183, 8.471738021491173 ], [ -13.279442874750481, 8.471757121527769 ], [ -13.279442874750481, 8.471776221564365 ], [ -13.279452424768779, 8.471795321600961 ], [ -13.279452424768779, 8.471814421637557 ], [ -13.279452424768779, 8.471843071692451 ], [ -13.279471524805375, 8.471862171729047 ], [ -13.279490624841971, 8.471890821783941 ], [ -13.279500174860269, 8.471919471838834 ], [ -13.279509724878567, 8.471938571875429 ], [ -13.279509724878567, 8.471957671912024 ], [ -13.279519274896865, 8.47197677194862 ], [ -13.279528824915163, 8.472005422003514 ], [ -13.279528824915163, 8.47202452204011 ], [ -13.279538374933461, 8.472043622076706 ], [ -13.279547924951759, 8.4720722721316 ], [ -13.279557474970057, 8.472091372168196 ], [ -13.279557474970057, 8.472110472204792 ], [ -13.279557474970057, 8.472139122259685 ], [ -13.279567024988355, 8.472158222296281 ], [ -13.279567024988355, 8.472186872351175 ], [ -13.279567024988355, 8.472205972387771 ], [ -13.279567024988355, 8.472225072424365 ], [ -13.279567024988355, 8.472253722479259 ], [ -13.279567024988355, 8.472272822515855 ], [ -13.279567024988355, 8.472291922552451 ], [ -13.279567024988355, 8.472311022589047 ], [ -13.279567024988355, 8.472330122625642 ], [ -13.279567024988355, 8.472358772680536 ], [ -13.279567024988355, 8.47238742273543 ], [ -13.279567024988355, 8.472425622808622 ], [ -13.279567024988355, 8.472454272863516 ], [ -13.279557474970057, 8.47248292291841 ], [ -13.279557474970057, 8.472502022955005 ], [ -13.279557474970057, 8.472530673009897 ], [ -13.279547924951759, 8.472549773046493 ], [ -13.279547924951759, 8.472568873083089 ], [ -13.279547924951759, 8.472597523137983 ], [ -13.279538374933461, 8.472626173192877 ], [ -13.279538374933461, 8.472654823247771 ], [ -13.279528824915163, 8.472693023320963 ], [ -13.279528824915163, 8.472712123357558 ], [ -13.279528824915163, 8.472731223394154 ], [ -13.279528824915163, 8.47275032343075 ], [ -13.279528824915163, 8.472769423467346 ], [ -13.279528824915163, 8.47279807352224 ], [ -13.279528824915163, 8.47283627359543 ], [ -13.279528824915163, 8.472864923650324 ], [ -13.279528824915163, 8.47288402368692 ], [ -13.279528824915163, 8.472903123723516 ], [ -13.279528824915163, 8.472922223760111 ], [ -13.279528824915163, 8.472941323796707 ], [ -13.279528824915163, 8.472960423833303 ], [ -13.279528824915163, 8.472989073888197 ], [ -13.279528824915163, 8.473017723943091 ], [ -13.279528824915163, 8.473036823979687 ], [ -13.279528824915163, 8.473065474034581 ], [ -13.279528824915163, 8.473084574071176 ], [ -13.279528824915163, 8.473132324162664 ], [ -13.279538374933461, 8.473160974217558 ], [ -13.279538374933461, 8.473180074254154 ], [ -13.279538374933461, 8.47319917429075 ], [ -13.279538374933461, 8.473237374363942 ], [ -13.279538374933461, 8.473285124455431 ], [ -13.279538374933461, 8.473304224492027 ], [ -13.279538374933461, 8.473332874546921 ], [ -13.279538374933461, 8.473351974583517 ], [ -13.279538374933461, 8.473371074620113 ], [ -13.279538374933461, 8.473399724675005 ], [ -13.279528824915163, 8.473418824711601 ], [ -13.279528824915163, 8.473437924748197 ], [ -13.279528824915163, 8.473466574803091 ], [ -13.279528824915163, 8.473495224857984 ], [ -13.279528824915163, 8.47351432489458 ], [ -13.279528824915163, 8.473542974949474 ], [ -13.279519274896865, 8.473571625004368 ], [ -13.279519274896865, 8.473590725040964 ], [ -13.279509724878567, 8.473638475132454 ], [ -13.279509724878567, 8.473686225223942 ], [ -13.279500174860269, 8.473753075352027 ], [ -13.279500174860269, 8.473781725406921 ], [ -13.279490624841971, 8.473848575535007 ], [ -13.279490624841971, 8.473896325626496 ], [ -13.279481074823673, 8.473934525699688 ], [ -13.279481074823673, 8.47397272577288 ], [ -13.279461974787077, 8.473982275791176 ], [ -13.279461974787077, 8.47401092584607 ], [ -13.279461974787077, 8.474039575900964 ], [ -13.279452424768779, 8.474077775974155 ], [ -13.279442874750481, 8.474106426029049 ], [ -13.279442874750481, 8.474135076083943 ], [ -13.279433324732183, 8.474163726138837 ], [ -13.279433324732183, 8.474182826175433 ], [ -13.279433324732183, 8.474201926212029 ], [ -13.279414224695588, 8.474221026248625 ], [ -13.27940467467729, 8.474249676303518 ], [ -13.279385574640694, 8.47427832635841 ], [ -13.2793664746041, 8.474306976413304 ], [ -13.279347374567504, 8.474335626468198 ], [ -13.279337824549206, 8.474364276523092 ], [ -13.27931872451261, 8.474383376559688 ], [ -13.279309174494312, 8.474402476596284 ], [ -13.27927097442112, 8.47442157663288 ], [ -13.279261424402822, 8.474450226687773 ], [ -13.279242324366226, 8.474488426760965 ], [ -13.279232774347928, 8.474517076815859 ], [ -13.279213674311332, 8.474536176852455 ], [ -13.279213674311332, 8.474555276889051 ], [ -13.279194574274737, 8.474574376925645 ], [ -13.279175474238141, 8.474593476962241 ], [ -13.279175474238141, 8.474612576998837 ], [ -13.279146824183247, 8.474641227053731 ], [ -13.279118174128353, 8.474679427126922 ], [ -13.279118174128353, 8.474717627200114 ], [ -13.279099074091757, 8.474746277255008 ], [ -13.279070424036865, 8.474774927309902 ], [ -13.279041773981971, 8.474841777437987 ], [ -13.279032223963673, 8.474860877474581 ], [ -13.279013123927077, 8.474889527529475 ], [ -13.27900357390878, 8.474908627566071 ], [ -13.278984473872184, 8.474927727602667 ], [ -13.278974923853886, 8.474946827639263 ], [ -13.27895582381729, 8.474965927675859 ], [ -13.278946273798992, 8.474994577730753 ], [ -13.278936723780694, 8.475013677767349 ], [ -13.278917623744098, 8.475032777803944 ], [ -13.278917623744098, 8.47505187784054 ], [ -13.2789080737258, 8.475070977877136 ], [ -13.278888973689204, 8.47509962793203 ], [ -13.278879423670906, 8.475128277986924 ], [ -13.278869873652608, 8.475147378023518 ], [ -13.278850773616012, 8.475166478060114 ], [ -13.278831673579417, 8.475176028078412 ], [ -13.278812573542821, 8.475204678133306 ], [ -13.278812573542821, 8.475223778169902 ], [ -13.278803023524523, 8.475252428224795 ], [ -13.278793473506227, 8.475281078279689 ], [ -13.278774373469631, 8.475300178316285 ], [ -13.278755273433035, 8.475309728334583 ], [ -13.278745723414737, 8.475328828371179 ], [ -13.278736173396439, 8.475347928407775 ], [ -13.278726623378141, 8.475367028444371 ], [ -13.278717073359843, 8.475386128480967 ], [ -13.278707523341545, 8.475405228517563 ], [ -13.278688423304949, 8.47541477853586 ], [ -13.278678873286651, 8.475433878572456 ], [ -13.278659773250055, 8.47545297860905 ], [ -13.278659773250055, 8.475481628663944 ], [ -13.278640673213459, 8.475491178682242 ], [ -13.278621573176864, 8.475519828737136 ], [ -13.278621573176864, 8.475538928773732 ], [ -13.278612023158566, 8.475577128846924 ], [ -13.278602473140268, 8.47559622888352 ], [ -13.278583373103672, 8.475624878938413 ], [ -13.278554723048778, 8.475663079011605 ], [ -13.278554723048778, 8.475701279084797 ], [ -13.27854517303048, 8.475729929139689 ], [ -13.278535623012182, 8.475749029176285 ], [ -13.278526072993884, 8.475777679231179 ], [ -13.278516522975586, 8.475796779267775 ], [ -13.278506972957288, 8.475815879304371 ], [ -13.278506972957288, 8.475834979340966 ], [ -13.278497422938992, 8.47586362939586 ], [ -13.278478322902396, 8.475882729432456 ], [ -13.278478322902396, 8.475901829469052 ], [ -13.278468772884098, 8.475920929505648 ], [ -13.278449672847502, 8.475930479523946 ], [ -13.278440122829204, 8.475949579560542 ], [ -13.278421022792608, 8.475978229615436 ], [ -13.278411472774311, 8.476006879670329 ], [ -13.278401922756013, 8.476035529725221 ], [ -13.278401922756013, 8.476054629761817 ], [ -13.278382822719417, 8.476073729798413 ], [ -13.278373272701119, 8.476092829835009 ], [ -13.278354172664523, 8.476111929871605 ], [ -13.278344622646225, 8.476140579926499 ], [ -13.278325522609629, 8.476150129944797 ], [ -13.278315972591331, 8.476169229981393 ], [ -13.278296872554735, 8.476178779999691 ], [ -13.278277772518139, 8.476188330017989 ], [ -13.278268222499841, 8.476207430054584 ], [ -13.278249122463246, 8.47622653009118 ], [ -13.278239572444948, 8.476245630127776 ], [ -13.278220472408352, 8.476245630127776 ], [ -13.278201372371758, 8.476236080109478 ], [ -13.278182272335162, 8.47622653009118 ], [ -13.278163172298566, 8.476236080109478 ], [ -13.27814407226197, 8.476245630127776 ], [ -13.278134522243672, 8.476264730164372 ], [ -13.278124972225374, 8.476293380219266 ], [ -13.278124972225374, 8.476312480255862 ], [ -13.278124972225374, 8.476331580292456 ], [ -13.278124972225374, 8.476350680329052 ], [ -13.278124972225374, 8.476369780365648 ], [ -13.278124972225374, 8.476388880402244 ], [ -13.278124972225374, 8.476407980438839 ], [ -13.278124972225374, 8.476436630493733 ], [ -13.278124972225374, 8.476455730530329 ], [ -13.278134522243672, 8.476484380585223 ], [ -13.27814407226197, 8.476503480621819 ], [ -13.278163172298566, 8.476513030640117 ], [ -13.278163172298566, 8.476532130676713 ], [ -13.278172722316864, 8.476551230713309 ], [ -13.278182272335162, 8.476570330749905 ], [ -13.27819182235346, 8.4765894307865 ], [ -13.278201372371758, 8.476618080841392 ], [ -13.278210922390056, 8.476637180877988 ], [ -13.278210922390056, 8.476665830932882 ], [ -13.278220472408352, 8.476684930969478 ], [ -13.278220472408352, 8.476704031006074 ], [ -13.278220472408352, 8.476732681060968 ], [ -13.278220472408352, 8.47677088113416 ], [ -13.278220472408352, 8.476789981170755 ], [ -13.278220472408352, 8.476818631225649 ], [ -13.278220472408352, 8.476847281280543 ], [ -13.278220472408352, 8.476875931335437 ], [ -13.278210922390056, 8.476895031372033 ], [ -13.27819182235346, 8.476914131408627 ], [ -13.278182272335162, 8.476933231445223 ], [ -13.278163172298566, 8.476942781463521 ], [ -13.278163172298566, 8.476961881500117 ], [ -13.27814407226197, 8.476971431518415 ], [ -13.278134522243672, 8.47699053155501 ], [ -13.278115422207076, 8.477009631591606 ], [ -13.278115422207076, 8.477028731628202 ], [ -13.27809632217048, 8.4770382816465 ], [ -13.278077222133884, 8.477047831664798 ], [ -13.278067672115586, 8.47708603173799 ], [ -13.27804857207899, 8.477105131774586 ], [ -13.278039022060693, 8.477124231811182 ], [ -13.278010372005799, 8.47713378182948 ], [ -13.278000821987501, 8.477152881866076 ], [ -13.277991271969203, 8.477171981902671 ], [ -13.277972171932607, 8.477181531920969 ], [ -13.277972171932607, 8.477200631957563 ], [ -13.277953071896011, 8.477210181975861 ], [ -13.277943521877713, 8.477229282012457 ], [ -13.277924421841117, 8.477248382049053 ], [ -13.277905321804523, 8.477257932067351 ], [ -13.277895771786225, 8.477277032103947 ], [ -13.277876671749629, 8.477277032103947 ], [ -13.277857571713033, 8.477296132140543 ], [ -13.277838471676437, 8.477305682158841 ], [ -13.277819371639842, 8.477315232177139 ], [ -13.277790721584948, 8.477324782195437 ], [ -13.277790721584948, 8.477343882232033 ], [ -13.277752521511756, 8.477353432250331 ], [ -13.277723871456862, 8.477353432250331 ], [ -13.27768567138367, 8.477372532286926 ], [ -13.277666571347075, 8.477372532286926 ], [ -13.277647471310479, 8.477372532286926 ], [ -13.277628371273885, 8.477353432250331 ], [ -13.277628371273885, 8.477334332213735 ], [ -13.277609271237289, 8.477334332213735 ], [ -13.277599721218991, 8.477315232177139 ], [ -13.277580621182395, 8.477296132140543 ], [ -13.277561521145799, 8.477296132140543 ], [ -13.277551971127501, 8.477277032103947 ], [ -13.277542421109203, 8.477257932067351 ], [ -13.277532871090905, 8.477238832030755 ], [ -13.277513771054309, 8.477219731994159 ], [ -13.277494671017713, 8.477200631957563 ], [ -13.277494671017713, 8.477181531920969 ], [ -13.277485120999415, 8.477162431884373 ], [ -13.277456470944522, 8.477143331847778 ], [ -13.277427820889628, 8.477124231811182 ], [ -13.27741827087133, 8.477105131774586 ], [ -13.277408720853032, 8.47708603173799 ], [ -13.277389620816436, 8.477076481719692 ], [ -13.277380070798138, 8.477057381683096 ], [ -13.277380070798138, 8.4770382816465 ], [ -13.277360970761542, 8.477028731628202 ], [ -13.277351420743244, 8.477009631591606 ], [ -13.27733232070665, 8.477000081573308 ], [ -13.277313220670054, 8.47699053155501 ], [ -13.277303670651756, 8.476971431518415 ], [ -13.27728457061516, 8.476961881500117 ], [ -13.277265470578564, 8.476952331481819 ], [ -13.277255920560266, 8.476933231445223 ], [ -13.277236820523671, 8.476933231445223 ], [ -13.277208170468777, 8.476923681426925 ], [ -13.277169970395585, 8.476914131408627 ], [ -13.277169970395585, 8.476895031372033 ], [ -13.277150870358989, 8.476885481353735 ], [ -13.277141320340691, 8.476866381317139 ], [ -13.277122220304095, 8.476856831298841 ], [ -13.277122220304095, 8.476837731262245 ], [ -13.277112670285797, 8.476818631225649 ], [ -13.277103120267499, 8.476799531189053 ], [ -13.277093570249201, 8.476780431152457 ], [ -13.277074470212606, 8.47677088113416 ], [ -13.27705537017601, 8.476751781097564 ], [ -13.277045820157712, 8.476732681060968 ], [ -13.277026720121118, 8.47672313104267 ], [ -13.277026720121118, 8.476694480987776 ], [ -13.277007620084522, 8.47667538095118 ], [ -13.277007620084522, 8.476656280914584 ], [ -13.276998070066224, 8.476637180877988 ], [ -13.276978970029628, 8.47662763085969 ], [ -13.276978970029628, 8.476608530823095 ], [ -13.27696942001133, 8.476579880768202 ], [ -13.276950319974734, 8.476560780731607 ], [ -13.276950319974734, 8.476541680695011 ], [ -13.276940769956436, 8.476522580658415 ], [ -13.276931219938138, 8.476503480621819 ], [ -13.27692166991984, 8.476484380585223 ], [ -13.27692166991984, 8.476465280548627 ], [ -13.276902569883244, 8.476465280548627 ], [ -13.276902569883244, 8.476446180512031 ], [ -13.276883469846648, 8.476446180512031 ], [ -13.276873919828351, 8.476417530457137 ], [ -13.276873919828351, 8.476398430420542 ], [ -13.276854819791755, 8.476388880402244 ], [ -13.276854819791755, 8.476369780365648 ], [ -13.276835719755159, 8.476350680329052 ], [ -13.276816619718563, 8.476341130310754 ], [ -13.276807069700265, 8.476322030274158 ], [ -13.276787969663669, 8.476293380219266 ], [ -13.276778419645371, 8.47627428018267 ], [ -13.276768869627073, 8.476255180146074 ], [ -13.276759319608775, 8.476236080109478 ], [ -13.276759319608775, 8.476216980072882 ], [ -13.276759319608775, 8.476197880036286 ], [ -13.276759319608775, 8.476178779999691 ], [ -13.276768869627073, 8.476159679963095 ], [ -13.276768869627073, 8.476140579926499 ], [ -13.276787969663669, 8.476131029908201 ], [ -13.276787969663669, 8.476111929871605 ], [ -13.276807069700265, 8.476102379853307 ], [ -13.276826169736861, 8.476083279816711 ], [ -13.276845269773457, 8.476073729798413 ], [ -13.276873919828351, 8.476045079743519 ], [ -13.276883469846648, 8.476025979706924 ], [ -13.276902569883244, 8.476016429688627 ], [ -13.276912119901542, 8.475997329652031 ], [ -13.276940769956436, 8.475987779633734 ], [ -13.27696942001133, 8.475968679597138 ], [ -13.276988520047926, 8.47595912957884 ], [ -13.277007620084522, 8.475940029542244 ], [ -13.277036270139416, 8.475920929505648 ], [ -13.27705537017601, 8.47591137948735 ], [ -13.277074470212606, 8.475901829469052 ], [ -13.277093570249201, 8.475873179414158 ], [ -13.277122220304095, 8.475854079377562 ], [ -13.277150870358989, 8.475854079377562 ], [ -13.277169970395585, 8.475825429322668 ], [ -13.277198620450479, 8.475815879304371 ], [ -13.277217720487075, 8.475806329286073 ], [ -13.277227270505373, 8.475787229249477 ], [ -13.277255920560266, 8.475758579194583 ], [ -13.277294120633458, 8.475749029176285 ], [ -13.277303670651756, 8.475729929139689 ], [ -13.277322770688352, 8.475720379121393 ], [ -13.27733232070665, 8.475701279084797 ], [ -13.277351420743244, 8.475691729066499 ], [ -13.27737052077984, 8.475682179048201 ], [ -13.277389620816436, 8.475682179048201 ], [ -13.277408720853032, 8.475682179048201 ], [ -13.277389620816436, 8.475682179048201 ], [ -13.27737052077984, 8.475682179048201 ], [ -13.277351420743244, 8.475682179048201 ], [ -13.27733232070665, 8.475682179048201 ], [ -13.277313220670054, 8.475682179048201 ], [ -13.277294120633458, 8.475682179048201 ], [ -13.277275020596862, 8.475682179048201 ], [ -13.277255920560266, 8.475682179048201 ], [ -13.277236820523671, 8.475682179048201 ], [ -13.277217720487075, 8.475682179048201 ], [ -13.277198620450479, 8.475682179048201 ], [ -13.277179520413883, 8.475682179048201 ], [ -13.277198620450479, 8.475682179048201 ], [ -13.277217720487075, 8.475682179048201 ], [ -13.277236820523671, 8.475682179048201 ], [ -13.277255920560266, 8.475682179048201 ], [ -13.277275020596862, 8.475682179048201 ], [ -13.277294120633458, 8.475682179048201 ], [ -13.277313220670054, 8.475672629029903 ], [ -13.27733232070665, 8.475672629029903 ], [ -13.277351420743244, 8.475672629029903 ], [ -13.277380070798138, 8.475663079011605 ], [ -13.277399170834734, 8.475653528993307 ], [ -13.277446920926224, 8.475643978975009 ], [ -13.277494671017713, 8.475634428956711 ], [ -13.277523321072607, 8.475624878938413 ], [ -13.277551971127501, 8.475615328920115 ], [ -13.277571071164097, 8.475615328920115 ], [ -13.277590171200693, 8.475605778901818 ], [ -13.277609271237289, 8.475605778901818 ], [ -13.277628371273885, 8.47559622888352 ], [ -13.277647471310479, 8.47559622888352 ], [ -13.277676121365372, 8.475586678865222 ], [ -13.27768567138367, 8.475567578828626 ], [ -13.277704771420266, 8.475558028810328 ], [ -13.277723871456862, 8.475558028810328 ], [ -13.277742971493458, 8.475558028810328 ], [ -13.277771621548352, 8.47554847879203 ], [ -13.277800271603246, 8.475538928773732 ], [ -13.277819371639842, 8.475529378755434 ], [ -13.277838471676437, 8.475519828737136 ], [ -13.277857571713033, 8.475510278718838 ], [ -13.277886221767927, 8.47550072870054 ], [ -13.277914871822821, 8.475491178682242 ], [ -13.277933971859415, 8.475481628663944 ], [ -13.277953071896011, 8.475472078645646 ], [ -13.277962621914309, 8.47545297860905 ], [ -13.277981721950905, 8.475433878572456 ], [ -13.277991271969203, 8.47541477853586 ], [ -13.278010372005799, 8.475386128480967 ], [ -13.278039022060693, 8.475376578462669 ], [ -13.27804857207899, 8.475347928407775 ], [ -13.278067672115586, 8.475338378389477 ], [ -13.278077222133884, 8.475319278352881 ], [ -13.278086772152182, 8.475300178316285 ], [ -13.278105872188778, 8.475290628297987 ], [ -13.278115422207076, 8.475271528261391 ], [ -13.278115422207076, 8.475252428224795 ], [ -13.278134522243672, 8.475242878206497 ], [ -13.27814407226197, 8.475223778169902 ], [ -13.278163172298566, 8.475214228151604 ], [ -13.278172722316864, 8.475195128115008 ], [ -13.27819182235346, 8.475195128115008 ], [ -13.27819182235346, 8.475176028078412 ], [ -13.278220472408352, 8.475137828005222 ], [ -13.27823002242665, 8.475118727968626 ], [ -13.278249122463246, 8.47509962793203 ], [ -13.278258672481543, 8.475080527895434 ], [ -13.278277772518139, 8.475061427858838 ], [ -13.278277772518139, 8.475042327822242 ], [ -13.278306422573033, 8.475023227785647 ], [ -13.278315972591331, 8.475004127749051 ], [ -13.278335072627927, 8.474985027712455 ], [ -13.278354172664523, 8.474965927675859 ], [ -13.278363722682821, 8.474946827639263 ], [ -13.278382822719417, 8.474927727602667 ], [ -13.278392372737715, 8.474908627566071 ], [ -13.278401922756013, 8.474889527529475 ], [ -13.278411472774311, 8.474870427492879 ], [ -13.278430572810906, 8.474860877474581 ], [ -13.278440122829204, 8.474841777437987 ], [ -13.2784592228658, 8.474822677401392 ], [ -13.278468772884098, 8.474803577364796 ], [ -13.278478322902396, 8.4747844773282 ], [ -13.278487872920694, 8.474765377291604 ], [ -13.278497422938992, 8.474746277255008 ], [ -13.278506972957288, 8.474727177218412 ], [ -13.278526072993884, 8.474708077181816 ], [ -13.278535623012182, 8.47468897714522 ], [ -13.278554723048778, 8.474669877108624 ], [ -13.278564273067076, 8.474641227053731 ], [ -13.278573823085374, 8.474612576998837 ], [ -13.278602473140268, 8.474574376925645 ], [ -13.278612023158566, 8.474545726870753 ], [ -13.278631123195161, 8.474517076815859 ], [ -13.278640673213459, 8.474488426760965 ], [ -13.278640673213459, 8.474469326724369 ], [ -13.278650223231757, 8.474440676669476 ], [ -13.278669323268353, 8.47442157663288 ], [ -13.278688423304949, 8.474383376559688 ], [ -13.278717073359843, 8.474354726504794 ], [ -13.278717073359843, 8.474335626468198 ], [ -13.278726623378141, 8.474306976413304 ], [ -13.278736173396439, 8.474287876376708 ], [ -13.278745723414737, 8.474259226321816 ], [ -13.278764823451333, 8.474249676303518 ], [ -13.278764823451333, 8.474230576266923 ], [ -13.278774373469631, 8.474211476230327 ], [ -13.278774373469631, 8.474192376193731 ], [ -13.278783923487929, 8.474163726138837 ], [ -13.278783923487929, 8.474144626102241 ], [ -13.278793473506227, 8.474125526065645 ], [ -13.278793473506227, 8.474106426029049 ], [ -13.278793473506227, 8.474087325992453 ], [ -13.278793473506227, 8.474068225955858 ], [ -13.278793473506227, 8.474049125919262 ], [ -13.278793473506227, 8.474030025882666 ], [ -13.278793473506227, 8.47401092584607 ], [ -13.278793473506227, 8.473991825809474 ], [ -13.278793473506227, 8.47397272577288 ], [ -13.278793473506227, 8.473944075717986 ], [ -13.278793473506227, 8.47392497568139 ], [ -13.278803023524523, 8.473905875644794 ], [ -13.278803023524523, 8.473886775608198 ], [ -13.278812573542821, 8.473867675571602 ], [ -13.278822123561119, 8.473848575535007 ], [ -13.278822123561119, 8.473819925480113 ], [ -13.278822123561119, 8.473800825443517 ], [ -13.278822123561119, 8.473781725406921 ], [ -13.278822123561119, 8.473762625370325 ], [ -13.278822123561119, 8.473743525333729 ], [ -13.278822123561119, 8.473714875278835 ], [ -13.278822123561119, 8.473695775242239 ], [ -13.278822123561119, 8.473676675205645 ], [ -13.278841223597714, 8.473657575169049 ], [ -13.278841223597714, 8.473638475132454 ], [ -13.278850773616012, 8.473619375095858 ], [ -13.278850773616012, 8.473600275059262 ], [ -13.27886032363431, 8.473552524967772 ], [ -13.27886032363431, 8.473523874912878 ], [ -13.278869873652608, 8.473485674839687 ], [ -13.278869873652608, 8.473437924748197 ], [ -13.278869873652608, 8.473399724675005 ], [ -13.278869873652608, 8.473371074620113 ], [ -13.278869873652608, 8.473342424565219 ], [ -13.278869873652608, 8.473323324528623 ], [ -13.278869873652608, 8.473294674473729 ], [ -13.278879423670906, 8.473266024418836 ], [ -13.278879423670906, 8.473237374363942 ], [ -13.278888973689204, 8.473208724309048 ], [ -13.2789080737258, 8.473160974217558 ], [ -13.278927173762396, 8.473132324162664 ], [ -13.278936723780694, 8.473113224126068 ], [ -13.278936723780694, 8.473094124089474 ], [ -13.278936723780694, 8.473065474034581 ], [ -13.278936723780694, 8.473046373997985 ], [ -13.278936723780694, 8.473027273961389 ], [ -13.278936723780694, 8.473008173924793 ], [ -13.278936723780694, 8.472989073888197 ], [ -13.278936723780694, 8.472969973851601 ], [ -13.278936723780694, 8.472950873815005 ], [ -13.278936723780694, 8.472931773778409 ], [ -13.278936723780694, 8.472912673741813 ], [ -13.278936723780694, 8.472893573705218 ], [ -13.278936723780694, 8.472864923650324 ], [ -13.278936723780694, 8.472845823613728 ], [ -13.278936723780694, 8.472826723577132 ], [ -13.278936723780694, 8.472807623540536 ], [ -13.278936723780694, 8.472788523503942 ], [ -13.278936723780694, 8.472769423467346 ], [ -13.278936723780694, 8.472740773412452 ], [ -13.278936723780694, 8.472721673375856 ], [ -13.278936723780694, 8.47270257333926 ], [ -13.278936723780694, 8.472683473302665 ], [ -13.278936723780694, 8.472664373266069 ], [ -13.278936723780694, 8.472645273229473 ], [ -13.278936723780694, 8.472626173192877 ], [ -13.278936723780694, 8.472597523137983 ], [ -13.278936723780694, 8.472568873083089 ], [ -13.278936723780694, 8.472549773046493 ], [ -13.278936723780694, 8.472530673009897 ], [ -13.278936723780694, 8.472511572973303 ], [ -13.278936723780694, 8.472492472936707 ], [ -13.278936723780694, 8.472473372900112 ], [ -13.278936723780694, 8.472444722845218 ], [ -13.278936723780694, 8.472425622808622 ], [ -13.278936723780694, 8.472396972753728 ], [ -13.278936723780694, 8.472377872717132 ], [ -13.278936723780694, 8.472358772680536 ], [ -13.278936723780694, 8.47233967264394 ], [ -13.278936723780694, 8.472320572607345 ], [ -13.278936723780694, 8.472301472570749 ], [ -13.278936723780694, 8.472282372534153 ], [ -13.278936723780694, 8.472263272497557 ], [ -13.278936723780694, 8.472244172460961 ], [ -13.278936723780694, 8.472215522406069 ], [ -13.278936723780694, 8.472196422369473 ], [ -13.278936723780694, 8.472177322332877 ], [ -13.278936723780694, 8.472158222296281 ], [ -13.278936723780694, 8.472139122259685 ], [ -13.278936723780694, 8.472100922186494 ], [ -13.278936723780694, 8.472081822149898 ], [ -13.278936723780694, 8.472062722113302 ], [ -13.278936723780694, 8.472043622076706 ], [ -13.278936723780694, 8.47202452204011 ], [ -13.278936723780694, 8.472005422003514 ], [ -13.278936723780694, 8.47197677194862 ], [ -13.278936723780694, 8.471948121893726 ], [ -13.278936723780694, 8.471929021857132 ], [ -13.278936723780694, 8.471909921820536 ], [ -13.278936723780694, 8.471890821783941 ], [ -13.278936723780694, 8.471871721747345 ], [ -13.278936723780694, 8.471843071692451 ], [ -13.278936723780694, 8.471795321600961 ], [ -13.278936723780694, 8.471766671546067 ], [ -13.278936723780694, 8.471747571509471 ], [ -13.278927173762396, 8.47170937143628 ], [ -13.278917623744098, 8.471690271399684 ], [ -13.2789080737258, 8.471671171363088 ], [ -13.2789080737258, 8.471652071326492 ], [ -13.278898523707502, 8.471632971289898 ], [ -13.278898523707502, 8.471613871253302 ], [ -13.278879423670906, 8.471594771216706 ], [ -13.278879423670906, 8.47157567118011 ], [ -13.278869873652608, 8.471556571143514 ], [ -13.27886032363431, 8.471537471106918 ], [ -13.278850773616012, 8.471518371070323 ], [ -13.278850773616012, 8.471499271033727 ], [ -13.278831673579417, 8.471489721015429 ], [ -13.278831673579417, 8.471470620978833 ], [ -13.278812573542821, 8.471461070960535 ], [ -13.278803023524523, 8.471441970923939 ], [ -13.278783923487929, 8.471422870887343 ], [ -13.278774373469631, 8.471403770850747 ], [ -13.278774373469631, 8.471375120795853 ], [ -13.278764823451333, 8.471356020759258 ], [ -13.278755273433035, 8.471317820686068 ], [ -13.278736173396439, 8.471298720649472 ], [ -13.278726623378141, 8.471250970557982 ], [ -13.278726623378141, 8.471222320503088 ], [ -13.278717073359843, 8.471193670448194 ], [ -13.278717073359843, 8.471174570411598 ], [ -13.278717073359843, 8.471145920356705 ], [ -13.278717073359843, 8.471117270301811 ], [ -13.278717073359843, 8.471088620246917 ], [ -13.278717073359843, 8.471050420173727 ], [ -13.278717073359843, 8.471031320137131 ], [ -13.278717073359843, 8.471012220100535 ], [ -13.278717073359843, 8.470993120063939 ], [ -13.278717073359843, 8.470974020027343 ], [ -13.278726623378141, 8.470954919990747 ], [ -13.278726623378141, 8.470935819954152 ], [ -13.278726623378141, 8.470916719917556 ], [ -13.278726623378141, 8.47089761988096 ], [ -13.278726623378141, 8.470878519844364 ], [ -13.278726623378141, 8.470859419807768 ], [ -13.278726623378141, 8.470840319771172 ], [ -13.278717073359843, 8.47080211969798 ], [ -13.278717073359843, 8.470783019661384 ], [ -13.278697973323247, 8.470773469643087 ], [ -13.278697973323247, 8.470754369606492 ], [ -13.278697973323247, 8.470735269569897 ], [ -13.278697973323247, 8.470716169533301 ], [ -13.278688423304949, 8.470697069496705 ], [ -13.278688423304949, 8.470677969460109 ], [ -13.278678873286651, 8.470658869423513 ], [ -13.278678873286651, 8.470639769386917 ], [ -13.278678873286651, 8.470620669350321 ], [ -13.278678873286651, 8.470601569313725 ], [ -13.278678873286651, 8.470582469277129 ], [ -13.278678873286651, 8.470563369240534 ], [ -13.278669323268353, 8.47053471918564 ], [ -13.278659773250055, 8.470496519112448 ], [ -13.278659773250055, 8.470467869057554 ], [ -13.278659773250055, 8.47044876902096 ], [ -13.278640673213459, 8.470429668984364 ], [ -13.278640673213459, 8.470410568947768 ], [ -13.278631123195161, 8.470391468911172 ], [ -13.278631123195161, 8.470372368874576 ], [ -13.278602473140268, 8.470343718819683 ], [ -13.278602473140268, 8.470324618783087 ], [ -13.278602473140268, 8.470305518746491 ], [ -13.27859292312197, 8.470286418709895 ], [ -13.278583373103672, 8.470257768655001 ], [ -13.278573823085374, 8.470219568581809 ], [ -13.278564273067076, 8.470200468545213 ], [ -13.278564273067076, 8.470181368508618 ], [ -13.278564273067076, 8.470152718453726 ], [ -13.278554723048778, 8.47013361841713 ], [ -13.27854517303048, 8.470114518380534 ], [ -13.278535623012182, 8.470095418343938 ], [ -13.278535623012182, 8.470076318307342 ], [ -13.278526072993884, 8.470057218270746 ], [ -13.278506972957288, 8.470047668252448 ], [ -13.278497422938992, 8.470028568215852 ], [ -13.278497422938992, 8.470009468179256 ], [ -13.278497422938992, 8.46999036814266 ], [ -13.278506972957288, 8.469971268106065 ], [ -13.278506972957288, 8.469952168069469 ], [ -13.277819371639842, 8.469092666422659 ] ] ] ] } },
{ "type": "Feature", "properties": { "fid": 3, "class": 1.0 }, "geometry": { "type": "MultiPolygon", "coordinates": [ [ [ [ -13.252279026163571, 8.482422793356829 ], [ -13.252256915483708, 8.482411738016896 ], [ -13.252234804803843, 8.482400682676964 ], [ -13.25222374946391, 8.482378571997101 ], [ -13.252201638784047, 8.482367516657169 ], [ -13.252190583444115, 8.482345405977304 ], [ -13.25216847276425, 8.482334350637371 ], [ -13.252146362084387, 8.482323295297441 ], [ -13.252124251404522, 8.482290129277644 ], [ -13.252091085384725, 8.482279073937711 ], [ -13.252068974704862, 8.482268018597779 ], [ -13.252035808685065, 8.482245907917916 ], [ -13.252024753345133, 8.482223797238051 ], [ -13.25200264266527, 8.482212741898119 ], [ -13.251980531985405, 8.482212741898119 ], [ -13.25195842130554, 8.482212741898119 ], [ -13.251936310625677, 8.482212741898119 ], [ -13.251914199945812, 8.482212741898119 ], [ -13.251881033926017, 8.482212741898119 ], [ -13.251836812566287, 8.482212741898119 ], [ -13.251803646546492, 8.482212741898119 ], [ -13.251781535866627, 8.482212741898119 ], [ -13.251748369846831, 8.482212741898119 ], [ -13.251715203827034, 8.482212741898119 ], [ -13.251682037807239, 8.482212741898119 ], [ -13.251637816447509, 8.482212741898119 ], [ -13.251604650427714, 8.482223797238051 ], [ -13.251582539747849, 8.482223797238051 ], [ -13.251560429067986, 8.482223797238051 ], [ -13.251538318388121, 8.482223797238051 ], [ -13.251516207708256, 8.482223797238051 ], [ -13.251505152368326, 8.482201686558186 ], [ -13.251494097028393, 8.482168520538391 ], [ -13.251494097028393, 8.482135354518594 ], [ -13.251483041688461, 8.482102188498798 ], [ -13.251483041688461, 8.48205796713907 ], [ -13.251483041688461, 8.482035856459206 ], [ -13.251483041688461, 8.48200269043941 ], [ -13.251483041688461, 8.481958469079681 ], [ -13.251483041688461, 8.481925303059885 ], [ -13.251483041688461, 8.481892137040088 ], [ -13.251483041688461, 8.481858971020293 ], [ -13.251483041688461, 8.481836860340428 ], [ -13.251471986348529, 8.481803694320632 ], [ -13.251471986348529, 8.481759472960903 ], [ -13.251471986348529, 8.48173736228104 ], [ -13.251471986348529, 8.481715251601175 ], [ -13.251460931008596, 8.48169314092131 ], [ -13.251449875668664, 8.481671030241447 ], [ -13.251416709648868, 8.481659974901515 ], [ -13.251394598969004, 8.481615753541787 ], [ -13.251372488289141, 8.481604698201854 ], [ -13.251339322269343, 8.481593642861922 ], [ -13.251339322269343, 8.481560476842125 ], [ -13.251317211589479, 8.481527310822329 ], [ -13.251295100909616, 8.481516255482397 ], [ -13.251284045569683, 8.481494144802532 ], [ -13.251272990229751, 8.481472034122669 ], [ -13.251272990229751, 8.481449923442804 ], [ -13.251261934889818, 8.48142781276294 ], [ -13.251250879549886, 8.481405702083077 ], [ -13.251228768870023, 8.481383591403212 ], [ -13.251206658190158, 8.481361480723349 ], [ -13.251206658190158, 8.481328314703552 ], [ -13.251184547510293, 8.481295148683756 ], [ -13.25116243683043, 8.481284093343824 ], [ -13.251140326150566, 8.481273038003891 ], [ -13.251118215470703, 8.481273038003891 ], [ -13.251096104790838, 8.481273038003891 ], [ -13.251073994110973, 8.481273038003891 ], [ -13.25105188343111, 8.481273038003891 ], [ -13.251018717411313, 8.481273038003891 ], [ -13.250974496051585, 8.481273038003891 ], [ -13.25095238537172, 8.481273038003891 ], [ -13.250919219351925, 8.481261982663959 ], [ -13.25089710867206, 8.481239871984094 ], [ -13.250874997992195, 8.481217761304231 ], [ -13.250852887312332, 8.481184595284434 ], [ -13.2508418319724, 8.481162484604571 ], [ -13.250830776632467, 8.481140373924706 ], [ -13.250830776632467, 8.481118263244841 ], [ -13.250830776632467, 8.481085097225046 ], [ -13.250830776632467, 8.481062986545181 ], [ -13.250830776632467, 8.481040875865316 ], [ -13.250808665952603, 8.481029820525386 ], [ -13.25078655527274, 8.481018765185453 ], [ -13.250764444592875, 8.481007709845521 ], [ -13.25074233391301, 8.481007709845521 ], [ -13.250698112553282, 8.480996654505589 ], [ -13.250676001873417, 8.480996654505589 ], [ -13.250653891193554, 8.480996654505589 ], [ -13.250620725173757, 8.480985599165656 ], [ -13.250598614493894, 8.480985599165656 ], [ -13.250576503814029, 8.480985599165656 ], [ -13.250554393134164, 8.480985599165656 ], [ -13.250532282454301, 8.480996654505589 ], [ -13.250510171774437, 8.481018765185453 ], [ -13.250488061094572, 8.481029820525386 ], [ -13.250465950414709, 8.481040875865316 ], [ -13.250465950414709, 8.481074041885114 ], [ -13.250454895074776, 8.481096152564978 ], [ -13.250432784394912, 8.481118263244841 ], [ -13.250421729054979, 8.481140373924706 ], [ -13.250410673715049, 8.481162484604571 ], [ -13.250410673715049, 8.481184595284434 ], [ -13.250399618375116, 8.481206705964299 ], [ -13.250399618375116, 8.481239871984094 ], [ -13.250410673715049, 8.481261982663959 ], [ -13.250410673715049, 8.481284093343824 ], [ -13.250410673715049, 8.481328314703552 ], [ -13.250410673715049, 8.481361480723349 ], [ -13.250388563035184, 8.481383591403212 ], [ -13.250388563035184, 8.481405702083077 ], [ -13.250377507695251, 8.48142781276294 ], [ -13.250377507695251, 8.481449923442804 ], [ -13.250377507695251, 8.481483089462602 ], [ -13.250377507695251, 8.481527310822329 ], [ -13.250377507695251, 8.481549421502194 ], [ -13.250377507695251, 8.48158258752199 ], [ -13.250377507695251, 8.481604698201854 ], [ -13.250377507695251, 8.481626808881717 ], [ -13.250366452355319, 8.481648919561582 ], [ -13.250355397015387, 8.48169314092131 ], [ -13.250344341675456, 8.481715251601175 ], [ -13.250333286335524, 8.48173736228104 ], [ -13.250333286335524, 8.481770528300835 ], [ -13.250333286335524, 8.4817926389807 ], [ -13.250333286335524, 8.481814749660563 ], [ -13.250333286335524, 8.481836860340428 ], [ -13.250333286335524, 8.481858971020293 ], [ -13.250333286335524, 8.481881081700156 ], [ -13.250322230995591, 8.48190319238002 ], [ -13.250311175655659, 8.481936358399818 ], [ -13.250300120315726, 8.481958469079681 ], [ -13.250300120315726, 8.481980579759545 ], [ -13.250300120315726, 8.48200269043941 ], [ -13.250289064975794, 8.482035856459206 ], [ -13.250289064975794, 8.482069022479001 ], [ -13.250289064975794, 8.482091133158866 ], [ -13.250278009635863, 8.482113243838731 ], [ -13.250266954295931, 8.482157465198458 ], [ -13.250244843616066, 8.482201686558186 ], [ -13.250244843616066, 8.482223797238051 ], [ -13.250222732936201, 8.482245907917916 ], [ -13.250211677596271, 8.482268018597779 ], [ -13.250189566916406, 8.482279073937711 ], [ -13.250189566916406, 8.482301184617576 ], [ -13.250145345556678, 8.482312239957508 ], [ -13.250123234876813, 8.482323295297441 ], [ -13.250123234876813, 8.482345405977304 ], [ -13.250101124196949, 8.482345405977304 ], [ -13.250079013517086, 8.482345405977304 ], [ -13.250034792157356, 8.482345405977304 ], [ -13.250012681477493, 8.482334350637371 ], [ -13.249990570797628, 8.482334350637371 ], [ -13.249968460117763, 8.482334350637371 ], [ -13.249935294097968, 8.482356461317236 ], [ -13.249924238758036, 8.482378571997101 ], [ -13.249913183418103, 8.482400682676964 ], [ -13.249913183418103, 8.482433848696761 ], [ -13.249902128078171, 8.482455959376624 ], [ -13.24989107273824, 8.482489125396421 ], [ -13.249880017398308, 8.482522291416217 ], [ -13.249880017398308, 8.482555457436014 ], [ -13.249868962058375, 8.482588623455809 ], [ -13.249868962058375, 8.482621789475607 ], [ -13.249857906718443, 8.482654955495402 ], [ -13.249857906718443, 8.482699176855132 ], [ -13.249846851378511, 8.482732342874927 ], [ -13.249835796038578, 8.482787619574587 ], [ -13.249835796038578, 8.482820785594384 ], [ -13.249824740698648, 8.482842896274247 ], [ -13.249824740698648, 8.482865006954112 ], [ -13.249824740698648, 8.482887117633977 ], [ -13.249813685358715, 8.482920283653772 ], [ -13.249813685358715, 8.48295344967357 ], [ -13.249813685358715, 8.482975560353433 ], [ -13.249813685358715, 8.48300872637323 ], [ -13.249813685358715, 8.483030837053095 ], [ -13.249813685358715, 8.483075058412823 ], [ -13.249824740698648, 8.483108224432618 ], [ -13.249824740698648, 8.483130335112483 ], [ -13.249824740698648, 8.483163501132278 ], [ -13.249824740698648, 8.483207722492008 ], [ -13.249835796038578, 8.483240888511803 ], [ -13.249846851378511, 8.483262999191668 ], [ -13.249857906718443, 8.483296165211463 ], [ -13.249868962058375, 8.483318275891328 ], [ -13.249880017398308, 8.483340386571193 ], [ -13.249880017398308, 8.483362497251056 ], [ -13.249880017398308, 8.483384607930921 ], [ -13.249902128078171, 8.483395663270853 ], [ -13.249913183418103, 8.483417773950716 ], [ -13.249913183418103, 8.483439884630581 ], [ -13.249924238758036, 8.483461995310446 ], [ -13.2499463494379, 8.483506216670174 ], [ -13.2499463494379, 8.483539382689971 ], [ -13.249968460117763, 8.483550438029901 ], [ -13.249968460117763, 8.483583604049699 ], [ -13.249968460117763, 8.483605714729563 ], [ -13.249968460117763, 8.483627825409426 ], [ -13.249968460117763, 8.483660991429224 ], [ -13.249979515457696, 8.483694157449019 ], [ -13.249979515457696, 8.483716268128884 ], [ -13.249990570797628, 8.483738378808747 ], [ -13.249990570797628, 8.483771544828544 ], [ -13.250001626137561, 8.483804710848339 ], [ -13.250001626137561, 8.483837876868137 ], [ -13.250001626137561, 8.483859987548001 ], [ -13.250001626137561, 8.483882098227864 ], [ -13.250001626137561, 8.483915264247662 ], [ -13.250001626137561, 8.483948430267457 ], [ -13.250001626137561, 8.483981596287254 ], [ -13.250001626137561, 8.484025817646982 ], [ -13.250001626137561, 8.484058983666779 ], [ -13.250001626137561, 8.484081094346642 ], [ -13.250001626137561, 8.484114260366439 ], [ -13.250001626137561, 8.484147426386235 ], [ -13.250001626137561, 8.4841695370661 ], [ -13.250001626137561, 8.484202703085895 ], [ -13.250001626137561, 8.48422481376576 ], [ -13.250001626137561, 8.484246924445625 ], [ -13.250001626137561, 8.484269035125488 ], [ -13.250001626137561, 8.484357477844945 ], [ -13.250001626137561, 8.484401699204673 ], [ -13.250001626137561, 8.48443486522447 ], [ -13.250001626137561, 8.484456975904333 ], [ -13.250001626137561, 8.48449014192413 ], [ -13.250001626137561, 8.484523307943926 ], [ -13.250012681477493, 8.484556473963723 ], [ -13.250012681477493, 8.484578584643586 ], [ -13.250012681477493, 8.484600695323451 ], [ -13.250023736817425, 8.484633861343248 ], [ -13.250023736817425, 8.484655972023111 ], [ -13.250034792157356, 8.484678082702976 ], [ -13.250034792157356, 8.484711248722771 ], [ -13.250034792157356, 8.484744414742568 ], [ -13.250034792157356, 8.484766525422431 ], [ -13.250034792157356, 8.484788636102296 ], [ -13.250034792157356, 8.484810746782161 ], [ -13.250056902837221, 8.484821802122093 ], [ -13.250056902837221, 8.484854968141889 ], [ -13.250067958177153, 8.484888134161686 ], [ -13.250067958177153, 8.484910244841549 ], [ -13.250079013517086, 8.484943410861346 ], [ -13.250079013517086, 8.484965521541209 ], [ -13.250079013517086, 8.485009742900939 ], [ -13.250079013517086, 8.485042908920734 ], [ -13.250079013517086, 8.485076074940531 ], [ -13.250079013517086, 8.485164517659987 ], [ -13.250079013517086, 8.48523084969958 ], [ -13.250079013517086, 8.485297181739172 ], [ -13.250079013517086, 8.485330347758969 ], [ -13.250079013517086, 8.485396679798562 ], [ -13.250056902837221, 8.485474067178085 ], [ -13.250056902837221, 8.48555145455761 ], [ -13.250012681477493, 8.485628841937135 ], [ -13.250001626137561, 8.485695173976728 ], [ -13.249979515457696, 8.485772561356253 ], [ -13.249968460117763, 8.485816782715981 ], [ -13.2499463494379, 8.485861004075709 ], [ -13.249935294097968, 8.485905225435438 ], [ -13.249924238758036, 8.485938391455234 ], [ -13.249924238758036, 8.485960502135098 ], [ -13.249913183418103, 8.485993668154894 ], [ -13.249902128078171, 8.486015778834759 ], [ -13.249902128078171, 8.486037889514623 ], [ -13.24989107273824, 8.486060000194486 ], [ -13.24989107273824, 8.486082110874351 ], [ -13.249957404777833, 8.486104221554216 ], [ -13.250001626137561, 8.486126332234079 ], [ -13.250045847497288, 8.486137387574011 ], [ -13.250101124196949, 8.486137387574011 ], [ -13.250134290216746, 8.486159498253876 ], [ -13.250167456236541, 8.486170553593809 ], [ -13.250200622256338, 8.486170553593809 ], [ -13.250233788276134, 8.486170553593809 ], [ -13.250266954295931, 8.486170553593809 ], [ -13.250289064975794, 8.486181608933739 ], [ -13.250311175655659, 8.486181608933739 ], [ -13.250333286335524, 8.486203719613604 ], [ -13.250355397015387, 8.486203719613604 ], [ -13.250377507695251, 8.486225830293469 ], [ -13.250399618375116, 8.486225830293469 ], [ -13.250421729054979, 8.486225830293469 ], [ -13.250454895074776, 8.486225830293469 ], [ -13.250488061094572, 8.486236885633401 ], [ -13.250510171774437, 8.486236885633401 ], [ -13.250532282454301, 8.486236885633401 ], [ -13.250554393134164, 8.486236885633401 ], [ -13.250576503814029, 8.486236885633401 ], [ -13.250598614493894, 8.486236885633401 ], [ -13.25063178051369, 8.486236885633401 ], [ -13.250664946533487, 8.486247940973332 ], [ -13.25068705721335, 8.486247940973332 ], [ -13.250720223233147, 8.486258996313264 ], [ -13.25074233391301, 8.486281106993129 ], [ -13.250764444592875, 8.486292162333061 ], [ -13.25078655527274, 8.486303217672994 ], [ -13.250808665952603, 8.486303217672994 ], [ -13.250830776632467, 8.486314273012924 ], [ -13.2508418319724, 8.486336383692789 ], [ -13.250863942652263, 8.486358494372654 ], [ -13.250886053332128, 8.486369549712586 ], [ -13.250908164011992, 8.486391660392449 ], [ -13.250930274691855, 8.486402715732382 ], [ -13.25095238537172, 8.486413771072314 ], [ -13.250963440711653, 8.48644693709211 ], [ -13.250985551391517, 8.486457992432042 ], [ -13.25100766207138, 8.486469047771974 ], [ -13.251018717411313, 8.486491158451839 ], [ -13.251040828091178, 8.48650221379177 ], [ -13.251062938771041, 8.486524324471635 ], [ -13.251096104790838, 8.486535379811567 ], [ -13.251118215470703, 8.486546435151499 ], [ -13.251140326150566, 8.486546435151499 ], [ -13.25116243683043, 8.486557490491432 ], [ -13.251195602850226, 8.486557490491432 ], [ -13.251217713530091, 8.486568545831362 ], [ -13.251239824209955, 8.486568545831362 ], [ -13.251261934889818, 8.486590656511227 ], [ -13.251284045569683, 8.486590656511227 ], [ -13.251328266929411, 8.486612767191092 ], [ -13.251361432949208, 8.486623822531024 ], [ -13.251405654308936, 8.486645933210887 ], [ -13.251438820328733, 8.486645933210887 ], [ -13.251471986348529, 8.48665698855082 ], [ -13.251505152368326, 8.486679099230685 ], [ -13.251527263048189, 8.486679099230685 ], [ -13.251549373728054, 8.486690154570617 ], [ -13.251582539747849, 8.48671226525048 ], [ -13.251604650427714, 8.48671226525048 ], [ -13.251626761107579, 8.486734375930345 ], [ -13.251648871787442, 8.486734375930345 ], [ -13.251682037807239, 8.486745431270277 ], [ -13.251704148487102, 8.48675648661021 ], [ -13.251748369846831, 8.48676754195014 ], [ -13.251803646546492, 8.48676754195014 ], [ -13.251869978586084, 8.486778597290073 ], [ -13.251925255285744, 8.486778597290073 ], [ -13.25195842130554, 8.486789652630005 ], [ -13.251980531985405, 8.486789652630005 ], [ -13.25200264266527, 8.486789652630005 ], [ -13.252035808685065, 8.486789652630005 ], [ -13.252068974704862, 8.486789652630005 ], [ -13.252091085384725, 8.486789652630005 ], [ -13.252124251404522, 8.486789652630005 ], [ -13.252157417424318, 8.486778597290073 ], [ -13.252179528104183, 8.48676754195014 ], [ -13.252201638784047, 8.48676754195014 ], [ -13.25222374946391, 8.48676754195014 ], [ -13.252245860143775, 8.48676754195014 ], [ -13.252256915483708, 8.486745431270277 ], [ -13.252279026163571, 8.486745431270277 ], [ -13.252301136843435, 8.486745431270277 ], [ -13.252356413543096, 8.486745431270277 ], [ -13.252389579562893, 8.486745431270277 ], [ -13.252411690242756, 8.486745431270277 ], [ -13.252455911602485, 8.486745431270277 ], [ -13.252478022282348, 8.486745431270277 ], [ -13.252500132962213, 8.486745431270277 ], [ -13.252522243642078, 8.486745431270277 ], [ -13.252555409661873, 8.486745431270277 ], [ -13.252599631021601, 8.486745431270277 ], [ -13.252621741701466, 8.486745431270277 ], [ -13.252643852381331, 8.486745431270277 ], [ -13.252665963061194, 8.486745431270277 ], [ -13.252688073741059, 8.486745431270277 ], [ -13.252721239760856, 8.486745431270277 ], [ -13.252754405780651, 8.486745431270277 ], [ -13.252787571800448, 8.486745431270277 ], [ -13.252820737820244, 8.486745431270277 ], [ -13.252842848500109, 8.486745431270277 ], [ -13.252876014519904, 8.486745431270277 ], [ -13.252909180539701, 8.48675648661021 ], [ -13.252931291219564, 8.48675648661021 ], [ -13.252953401899429, 8.48676754195014 ], [ -13.252975512579294, 8.48676754195014 ], [ -13.252997623259157, 8.48676754195014 ], [ -13.253019733939022, 8.48676754195014 ], [ -13.253041844618886, 8.48676754195014 ], [ -13.253075010638682, 8.48676754195014 ], [ -13.253097121318547, 8.48676754195014 ], [ -13.253130287338342, 8.48676754195014 ], [ -13.253152398018207, 8.48676754195014 ], [ -13.253174508698072, 8.48676754195014 ], [ -13.253196619377935, 8.48676754195014 ], [ -13.253240840737663, 8.48676754195014 ], [ -13.253262951417527, 8.48676754195014 ], [ -13.253296117437324, 8.48676754195014 ], [ -13.253318228117188, 8.48676754195014 ], [ -13.253351394136985, 8.48676754195014 ], [ -13.253395615496713, 8.48676754195014 ], [ -13.253417726176577, 8.48676754195014 ], [ -13.25343983685644, 8.48676754195014 ], [ -13.253461947536305, 8.48676754195014 ], [ -13.25348405821617, 8.48676754195014 ], [ -13.25348405821617, 8.486745431270277 ], [ -13.253506168896033, 8.486745431270277 ], [ -13.253528279575898, 8.486745431270277 ], [ -13.253550390255763, 8.486745431270277 ], [ -13.253572500935626, 8.486723320590412 ], [ -13.253583556275558, 8.486701209910548 ], [ -13.253605666955423, 8.486690154570617 ], [ -13.253605666955423, 8.486668043890752 ], [ -13.253605666955423, 8.486634877870955 ], [ -13.253605666955423, 8.486612767191092 ], [ -13.25359461161549, 8.486557490491432 ], [ -13.253572500935626, 8.486524324471635 ], [ -13.25353933491583, 8.486480103111907 ], [ -13.253506168896033, 8.486457992432042 ], [ -13.253473002876238, 8.486424826412247 ], [ -13.253450892196373, 8.486380605052517 ], [ -13.253417726176577, 8.486380605052517 ], [ -13.253395615496713, 8.486347439032722 ], [ -13.253362449476917, 8.486314273012924 ], [ -13.25332928345712, 8.486314273012924 ], [ -13.253285062097392, 8.486270051653197 ], [ -13.253262951417527, 8.486270051653197 ], [ -13.253229785397732, 8.486258996313264 ], [ -13.253196619377935, 8.486214774953536 ], [ -13.253174508698072, 8.486214774953536 ], [ -13.253130287338342, 8.486170553593809 ], [ -13.253108176658479, 8.486170553593809 ], [ -13.253075010638682, 8.486170553593809 ], [ -13.253041844618886, 8.486159498253876 ], [ -13.253008678599089, 8.486148442913944 ], [ -13.252964457239361, 8.486137387574011 ], [ -13.252931291219564, 8.486126332234079 ], [ -13.252909180539701, 8.486115276894147 ], [ -13.252864959179972, 8.486115276894147 ], [ -13.252842848500109, 8.486115276894147 ], [ -13.252809682480311, 8.486115276894147 ], [ -13.252787571800448, 8.486104221554216 ], [ -13.252765461120584, 8.486104221554216 ], [ -13.252743350440719, 8.486104221554216 ], [ -13.252721239760856, 8.486104221554216 ], [ -13.252699129080991, 8.486093166214284 ], [ -13.252677018401126, 8.486082110874351 ], [ -13.252643852381331, 8.486071055534419 ], [ -13.252621741701466, 8.486071055534419 ], [ -13.252599631021601, 8.486048944854556 ], [ -13.252566465001806, 8.486037889514623 ], [ -13.252533298982009, 8.486026834174691 ], [ -13.252511188302146, 8.486015778834759 ], [ -13.252489077622281, 8.486004723494826 ], [ -13.252455911602485, 8.486004723494826 ], [ -13.252422745582688, 8.485993668154894 ], [ -13.252389579562893, 8.485982612814963 ], [ -13.252334302863233, 8.485971557475031 ], [ -13.252256915483708, 8.485927336115301 ], [ -13.252190583444115, 8.485905225435438 ], [ -13.252146362084387, 8.485894170095506 ], [ -13.25211319606459, 8.485883114755573 ], [ -13.25205791936493, 8.485872059415641 ], [ -13.252024753345133, 8.485838893395846 ], [ -13.251991587325337, 8.485838893395846 ], [ -13.25195842130554, 8.485816782715981 ], [ -13.251914199945812, 8.485805727376048 ], [ -13.251869978586084, 8.485783616696185 ], [ -13.251836812566287, 8.485772561356253 ], [ -13.251814701886424, 8.485772561356253 ], [ -13.251759425186764, 8.485750450676388 ], [ -13.251715203827034, 8.485728339996525 ], [ -13.251682037807239, 8.485717284656593 ], [ -13.251659927127374, 8.48570622931666 ], [ -13.251637816447509, 8.48570622931666 ], [ -13.251604650427714, 8.485695173976728 ], [ -13.251582539747849, 8.485684118636796 ], [ -13.251560429067986, 8.485673063296863 ], [ -13.251538318388121, 8.485673063296863 ], [ -13.251471986348529, 8.485650952617 ], [ -13.251416709648868, 8.485617786597203 ], [ -13.251328266929411, 8.48559567591734 ], [ -13.251272990229751, 8.485573565237475 ], [ -13.251239824209955, 8.485562509897543 ], [ -13.251217713530091, 8.485562509897543 ], [ -13.251195602850226, 8.485540399217678 ], [ -13.251173492170363, 8.485540399217678 ], [ -13.251151381490498, 8.485540399217678 ], [ -13.251129270810633, 8.485529343877747 ], [ -13.25110716013077, 8.485518288537815 ], [ -13.251085049450905, 8.485507233197882 ], [ -13.251062938771041, 8.48549617785795 ], [ -13.251040828091178, 8.485474067178085 ], [ -13.251018717411313, 8.485474067178085 ], [ -13.250996606731448, 8.485463011838155 ], [ -13.250974496051585, 8.485451956498222 ], [ -13.25095238537172, 8.485451956498222 ], [ -13.250930274691855, 8.485451956498222 ], [ -13.250908164011992, 8.48544090115829 ], [ -13.250886053332128, 8.485429845818357 ], [ -13.250863942652263, 8.485418790478425 ], [ -13.2508418319724, 8.485407735138494 ], [ -13.250819721292535, 8.485407735138494 ], [ -13.250797610612672, 8.485396679798562 ], [ -13.250775499932807, 8.485396679798562 ], [ -13.250764444592875, 8.485374569118697 ], [ -13.25074233391301, 8.485374569118697 ], [ -13.250720223233147, 8.485352458438832 ], [ -13.250720223233147, 8.485330347758969 ], [ -13.250720223233147, 8.485308237079105 ], [ -13.25074233391301, 8.485308237079105 ], [ -13.250753389252942, 8.48528612639924 ], [ -13.250775499932807, 8.48528612639924 ], [ -13.250808665952603, 8.48528612639924 ], [ -13.250830776632467, 8.48528612639924 ], [ -13.250852887312332, 8.48528612639924 ], [ -13.250874997992195, 8.48528612639924 ], [ -13.25089710867206, 8.48528612639924 ], [ -13.250919219351925, 8.48528612639924 ], [ -13.250974496051585, 8.48528612639924 ], [ -13.25100766207138, 8.48528612639924 ], [ -13.25105188343111, 8.48528612639924 ], [ -13.251085049450905, 8.48528612639924 ], [ -13.25110716013077, 8.485297181739172 ], [ -13.251151381490498, 8.485308237079105 ], [ -13.251173492170363, 8.485308237079105 ], [ -13.251195602850226, 8.485319292419037 ], [ -13.251217713530091, 8.485330347758969 ], [ -13.251239824209955, 8.485341403098902 ], [ -13.251261934889818, 8.485363513778765 ], [ -13.251295100909616, 8.485374569118697 ], [ -13.251317211589479, 8.48538562445863 ], [ -13.251339322269343, 8.485396679798562 ], [ -13.251361432949208, 8.485407735138494 ], [ -13.251383543629071, 8.485429845818357 ], [ -13.251405654308936, 8.485429845818357 ], [ -13.251438820328733, 8.48544090115829 ], [ -13.251483041688461, 8.485463011838155 ], [ -13.251505152368326, 8.485463011838155 ], [ -13.251527263048189, 8.485474067178085 ], [ -13.251560429067986, 8.48549617785795 ], [ -13.251582539747849, 8.485507233197882 ], [ -13.251626761107579, 8.485518288537815 ], [ -13.251659927127374, 8.485529343877747 ], [ -13.251693093147171, 8.485540399217678 ], [ -13.251715203827034, 8.485540399217678 ], [ -13.251748369846831, 8.48555145455761 ], [ -13.251770480526694, 8.485562509897543 ], [ -13.251814701886424, 8.485573565237475 ], [ -13.251847867906219, 8.485584620577407 ], [ -13.251869978586084, 8.48560673125727 ], [ -13.25190314460588, 8.48560673125727 ], [ -13.251925255285744, 8.485628841937135 ], [ -13.25195842130554, 8.485639897277068 ], [ -13.251980531985405, 8.485662007956932 ], [ -13.25200264266527, 8.485673063296863 ], [ -13.252024753345133, 8.485684118636796 ], [ -13.25205791936493, 8.485695173976728 ], [ -13.252080030044795, 8.48570622931666 ], [ -13.25211319606459, 8.485728339996525 ], [ -13.252146362084387, 8.485739395336456 ], [ -13.252179528104183, 8.485761506016321 ], [ -13.252201638784047, 8.485761506016321 ], [ -13.252212694123978, 8.485783616696185 ], [ -13.252234804803843, 8.485794672036116 ], [ -13.252290081503503, 8.485816782715981 ], [ -13.252312192183368, 8.485827838055913 ], [ -13.252345358203163, 8.485838893395846 ], [ -13.25237852422296, 8.485849948735778 ], [ -13.252389579562893, 8.485872059415641 ], [ -13.252411690242756, 8.485872059415641 ], [ -13.252444856262553, 8.485872059415641 ], [ -13.252455911602485, 8.485894170095506 ], [ -13.252478022282348, 8.485894170095506 ], [ -13.252500132962213, 8.485905225435438 ], [ -13.252533298982009, 8.485916280775371 ], [ -13.252555409661873, 8.485927336115301 ], [ -13.252599631021601, 8.485938391455234 ], [ -13.252621741701466, 8.485938391455234 ], [ -13.252632797041398, 8.485960502135098 ], [ -13.252654907721263, 8.485971557475031 ], [ -13.252677018401126, 8.485982612814963 ], [ -13.252699129080991, 8.486004723494826 ], [ -13.252721239760856, 8.486004723494826 ], [ -13.252754405780651, 8.486015778834759 ], [ -13.252776516460516, 8.486026834174691 ], [ -13.252798627140379, 8.486037889514623 ], [ -13.252820737820244, 8.486060000194486 ], [ -13.252842848500109, 8.486060000194486 ], [ -13.252864959179972, 8.486060000194486 ], [ -13.252898125199769, 8.486060000194486 ], [ -13.252920235879632, 8.486060000194486 ], [ -13.252942346559497, 8.486060000194486 ], [ -13.252964457239361, 8.486060000194486 ], [ -13.252986567919224, 8.486060000194486 ], [ -13.253008678599089, 8.486060000194486 ], [ -13.253030789278954, 8.486060000194486 ], [ -13.253052899958817, 8.486048944854556 ], [ -13.253075010638682, 8.486048944854556 ], [ -13.253097121318547, 8.486037889514623 ], [ -13.253130287338342, 8.486037889514623 ], [ -13.253152398018207, 8.486026834174691 ], [ -13.253174508698072, 8.486004723494826 ], [ -13.253196619377935, 8.485993668154894 ], [ -13.253218730057799, 8.485982612814963 ], [ -13.253240840737663, 8.485971557475031 ], [ -13.253251896077595, 8.485949446795166 ], [ -13.25327400675746, 8.485949446795166 ], [ -13.253296117437324, 8.485949446795166 ], [ -13.253318228117188, 8.485927336115301 ], [ -13.253340338797052, 8.485916280775371 ], [ -13.253362449476917, 8.485916280775371 ], [ -13.25338456015678, 8.485894170095506 ], [ -13.253406670836645, 8.485872059415641 ], [ -13.253417726176577, 8.485849948735778 ], [ -13.25343983685644, 8.485838893395846 ], [ -13.253450892196373, 8.485805727376048 ], [ -13.253461947536305, 8.485783616696185 ], [ -13.25348405821617, 8.485772561356253 ], [ -13.253495113556102, 8.485750450676388 ], [ -13.253517224235965, 8.485728339996525 ], [ -13.253528279575898, 8.48570622931666 ], [ -13.253550390255763, 8.485684118636796 ], [ -13.253550390255763, 8.485662007956932 ], [ -13.253561445595693, 8.485639897277068 ], [ -13.253572500935626, 8.485617786597203 ], [ -13.253583556275558, 8.485573565237475 ], [ -13.253583556275558, 8.48555145455761 ], [ -13.253583556275558, 8.485518288537815 ], [ -13.253583556275558, 8.48549617785795 ], [ -13.253583556275558, 8.485474067178085 ], [ -13.253583556275558, 8.485451956498222 ], [ -13.253583556275558, 8.485429845818357 ], [ -13.253572500935626, 8.485407735138494 ], [ -13.253561445595693, 8.485374569118697 ], [ -13.253550390255763, 8.485352458438832 ], [ -13.253528279575898, 8.485341403098902 ], [ -13.253528279575898, 8.485319292419037 ], [ -13.253506168896033, 8.485319292419037 ], [ -13.253473002876238, 8.485297181739172 ], [ -13.253450892196373, 8.48528612639924 ], [ -13.25342878151651, 8.485264015719377 ], [ -13.253406670836645, 8.485252960379444 ], [ -13.253406670836645, 8.48523084969958 ], [ -13.25338456015678, 8.48523084969958 ], [ -13.253362449476917, 8.485208739019717 ], [ -13.25332928345712, 8.485197683679784 ], [ -13.253307172777255, 8.485175572999919 ], [ -13.253285062097392, 8.485164517659987 ], [ -13.25327400675746, 8.485142406980124 ], [ -13.253251896077595, 8.485142406980124 ], [ -13.253229785397732, 8.485120296300259 ], [ -13.253207674717867, 8.485120296300259 ], [ -13.253185564038002, 8.485109240960327 ], [ -13.253174508698072, 8.485087130280464 ], [ -13.253163453358139, 8.485065019600599 ], [ -13.253163453358139, 8.485042908920734 ], [ -13.253163453358139, 8.485020798240871 ], [ -13.253174508698072, 8.484998687561006 ], [ -13.253196619377935, 8.484998687561006 ], [ -13.253207674717867, 8.484976576881142 ], [ -13.253229785397732, 8.484965521541209 ], [ -13.253240840737663, 8.484943410861346 ], [ -13.253262951417527, 8.484932355521414 ], [ -13.253285062097392, 8.484921300181481 ], [ -13.253307172777255, 8.484910244841549 ], [ -13.253340338797052, 8.484888134161686 ], [ -13.253362449476917, 8.484877078821754 ], [ -13.253395615496713, 8.484877078821754 ], [ -13.253417726176577, 8.484854968141889 ], [ -13.25343983685644, 8.484854968141889 ], [ -13.253461947536305, 8.484843912801956 ], [ -13.253495113556102, 8.484832857462024 ], [ -13.253517224235965, 8.484821802122093 ], [ -13.253550390255763, 8.484821802122093 ], [ -13.253561445595693, 8.484799691442229 ], [ -13.25359461161549, 8.484788636102296 ], [ -13.253616722295355, 8.484766525422431 ], [ -13.253638832975218, 8.484766525422431 ], [ -13.253660943655083, 8.484755470082501 ], [ -13.253705165014811, 8.484755470082501 ], [ -13.25374938637454, 8.484733359402636 ], [ -13.253771497054403, 8.484722304062704 ], [ -13.253793607734268, 8.484711248722771 ], [ -13.253837829093996, 8.484700193382841 ], [ -13.253870995113793, 8.484689138042908 ], [ -13.253893105793656, 8.484678082702976 ], [ -13.253926271813453, 8.484678082702976 ], [ -13.253959437833249, 8.484667027363043 ], [ -13.254003659192978, 8.484644916683179 ], [ -13.254036825212774, 8.484622806003316 ], [ -13.254058935892639, 8.484611750663383 ], [ -13.254092101912434, 8.484600695323451 ], [ -13.254114212592299, 8.484589639983518 ], [ -13.254147378612094, 8.484589639983518 ], [ -13.254169489291959, 8.484589639983518 ], [ -13.254191599971824, 8.484589639983518 ], [ -13.254224765991619, 8.484589639983518 ], [ -13.254246876671484, 8.484578584643586 ], [ -13.254280042691279, 8.484578584643586 ], [ -13.254324264051009, 8.484567529303655 ], [ -13.254357430070804, 8.484556473963723 ], [ -13.254390596090602, 8.484556473963723 ], [ -13.254412706770465, 8.484545418623791 ], [ -13.254434817450329, 8.484534363283858 ], [ -13.254479038810057, 8.484523307943926 ], [ -13.254501149489922, 8.484512252603993 ], [ -13.254523260169787, 8.484501197264063 ], [ -13.25454537084965, 8.48449014192413 ], [ -13.254578536869447, 8.484479086584198 ], [ -13.25460064754931, 8.484479086584198 ], [ -13.254633813569107, 8.484456975904333 ], [ -13.25465592424897, 8.484445920564401 ], [ -13.254678034928835, 8.48443486522447 ], [ -13.254711200948632, 8.48443486522447 ], [ -13.254744366968428, 8.484423809884538 ], [ -13.254777532988225, 8.484412754544605 ], [ -13.254799643668088, 8.484401699204673 ], [ -13.254843865027818, 8.484401699204673 ], [ -13.254877031047613, 8.484390643864741 ], [ -13.254899141727478, 8.484390643864741 ], [ -13.254921252407341, 8.48437958852481 ], [ -13.254943363087206, 8.48437958852481 ], [ -13.254987584446933, 8.48437958852481 ], [ -13.255020750466731, 8.484368533184877 ], [ -13.255042861146594, 8.484357477844945 ], [ -13.255076027166391, 8.484346422505013 ], [ -13.255098137846256, 8.484346422505013 ], [ -13.255131303866051, 8.484346422505013 ], [ -13.255153414545916, 8.484346422505013 ], [ -13.255197635905644, 8.484346422505013 ], [ -13.255219746585508, 8.484346422505013 ], [ -13.255241857265371, 8.484346422505013 ], [ -13.255263967945236, 8.484346422505013 ], [ -13.255286078625101, 8.484346422505013 ], [ -13.255308189304964, 8.484346422505013 ], [ -13.255330299984829, 8.484346422505013 ], [ -13.255352410664694, 8.484346422505013 ], [ -13.255374521344557, 8.484346422505013 ], [ -13.255396632024421, 8.484346422505013 ], [ -13.255429798044217, 8.48433536716508 ], [ -13.255451908724082, 8.484324311825148 ], [ -13.255451908724082, 8.484302201145285 ], [ -13.255474019403946, 8.484291145805352 ], [ -13.255474019403946, 8.484269035125488 ], [ -13.255474019403946, 8.484246924445625 ], [ -13.255451908724082, 8.484235869105692 ], [ -13.255418742704286, 8.484235869105692 ], [ -13.255396632024421, 8.484235869105692 ], [ -13.255374521344557, 8.484235869105692 ], [ -13.255352410664694, 8.484235869105692 ], [ -13.255330299984829, 8.484235869105692 ], [ -13.255308189304964, 8.484235869105692 ], [ -13.255275023285169, 8.48422481376576 ], [ -13.255252912605304, 8.48422481376576 ], [ -13.255230801925441, 8.48422481376576 ], [ -13.255208691245576, 8.48422481376576 ], [ -13.255186580565711, 8.48422481376576 ], [ -13.255164469885848, 8.48422481376576 ], [ -13.255142359205983, 8.48422481376576 ], [ -13.255120248526119, 8.48422481376576 ], [ -13.255098137846256, 8.48422481376576 ], [ -13.255076027166391, 8.484213758425827 ], [ -13.255053916486526, 8.484202703085895 ], [ -13.255031805806663, 8.484202703085895 ], [ -13.255020750466731, 8.484180592406032 ], [ -13.254998639786866, 8.484180592406032 ], [ -13.254976529107001, 8.484180592406032 ], [ -13.254976529107001, 8.484158481726167 ], [ -13.254954418427138, 8.484147426386235 ], [ -13.254932307747273, 8.484136371046302 ], [ -13.254910197067408, 8.484136371046302 ], [ -13.254888086387545, 8.484136371046302 ], [ -13.254865975707681, 8.48412531570637 ], [ -13.254843865027818, 8.48412531570637 ], [ -13.254821754347953, 8.48412531570637 ], [ -13.254799643668088, 8.484114260366439 ], [ -13.254777532988225, 8.484103205026507 ], [ -13.25475542230836, 8.484092149686575 ], [ -13.254733311628495, 8.484081094346642 ], [ -13.254711200948632, 8.48407003900671 ], [ -13.254711200948632, 8.484047928326847 ], [ -13.254689090268768, 8.484047928326847 ], [ -13.254678034928835, 8.48401476230705 ], [ -13.25465592424897, 8.484003706967117 ], [ -13.25464486890904, 8.483981596287254 ], [ -13.254633813569107, 8.483959485607389 ], [ -13.254611702889243, 8.483959485607389 ], [ -13.254611702889243, 8.483937374927525 ], [ -13.254589592209378, 8.483926319587594 ], [ -13.254578536869447, 8.483904208907729 ], [ -13.254567481529515, 8.483871042887932 ], [ -13.25454537084965, 8.483848932208069 ], [ -13.254523260169787, 8.483826821528204 ], [ -13.254512204829854, 8.483804710848339 ], [ -13.25449009414999, 8.483793655508409 ], [ -13.254479038810057, 8.483771544828544 ], [ -13.254467983470125, 8.483749434148679 ], [ -13.254445872790262, 8.483727323468816 ], [ -13.254423762110397, 8.483705212788951 ], [ -13.254401651430532, 8.483694157449019 ], [ -13.254390596090602, 8.483672046769156 ], [ -13.254379540750669, 8.483649936089291 ], [ -13.252279026163571, 8.482422793356829 ] ] ] ] } },
{ "type": "Feature", "properties": { "fid": 4, "class": 1.0 }, "geometry": { "type": "MultiPolygon", "coordinates": [ [ [ [ -13.241021358409585, 8.489265322220598 ], [ -13.241047947447246, 8.489244050990468 ], [ -13.241079854292442, 8.489217461952805 ], [ -13.241095807715039, 8.489190872915142 ], [ -13.241143667982833, 8.489148330454881 ], [ -13.241175574828027, 8.489127059224751 ], [ -13.241207481673223, 8.48910047018709 ], [ -13.24122343509582, 8.489073881149427 ], [ -13.241239388518418, 8.489063245534361 ], [ -13.241281930978678, 8.489036656496699 ], [ -13.241303202208808, 8.489015385266569 ], [ -13.241313837823874, 8.489004749651503 ], [ -13.241329791246471, 8.488988796228906 ], [ -13.241345744669069, 8.48897816061384 ], [ -13.241361698091666, 8.488962207191243 ], [ -13.241372333706732, 8.488951571576179 ], [ -13.241388287129329, 8.488951571576179 ], [ -13.241404240551926, 8.48893561815358 ], [ -13.241414876166992, 8.488924982538515 ], [ -13.241425511782056, 8.488919664730982 ], [ -13.241446783012186, 8.488909029115918 ], [ -13.241457418627252, 8.488898393500852 ], [ -13.24147337204985, 8.488887757885788 ], [ -13.241484007664916, 8.488887757885788 ], [ -13.24149464327998, 8.488877122270722 ], [ -13.241510596702577, 8.488866486655658 ], [ -13.24151591451011, 8.488850533233059 ], [ -13.24153718574024, 8.488845215425528 ], [ -13.241542503547773, 8.488834579810462 ], [ -13.241553139162837, 8.488829262002929 ], [ -13.241569092585436, 8.488818626387864 ], [ -13.241579728200501, 8.488807990772798 ], [ -13.241590363815567, 8.488797355157734 ], [ -13.241606317238164, 8.488781401735137 ], [ -13.241616952853228, 8.488776083927604 ], [ -13.241622270660761, 8.488765448312538 ], [ -13.241632906275827, 8.488754812697474 ], [ -13.241643541890891, 8.488749494889941 ], [ -13.241648859698424, 8.488738859274877 ], [ -13.241659495313488, 8.488733541467344 ], [ -13.241670130928554, 8.488722905852278 ], [ -13.241680766543618, 8.488722905852278 ], [ -13.241686084351151, 8.488706952429681 ], [ -13.241691402158684, 8.488696316814616 ], [ -13.241702037773749, 8.488696316814616 ], [ -13.241712673388815, 8.488690999007083 ], [ -13.241717991196348, 8.488680363392017 ], [ -13.241728626811412, 8.488675045584486 ], [ -13.241739262426478, 8.48866440996942 ], [ -13.241776487079205, 8.488648456546823 ], [ -13.241797758309335, 8.488632503124226 ], [ -13.241834982962063, 8.488595278471497 ], [ -13.24187220761479, 8.488558053818769 ], [ -13.241930703497649, 8.488526146973575 ], [ -13.241978563765441, 8.488478286705782 ], [ -13.242026424033234, 8.488451697668118 ], [ -13.242068966493495, 8.488414473015391 ], [ -13.242100873338691, 8.488382566170197 ], [ -13.242132780183885, 8.488371930555131 ], [ -13.242148733606482, 8.488350659325 ], [ -13.242164687029081, 8.488334705902403 ], [ -13.242180640451679, 8.48832938809487 ], [ -13.242191276066743, 8.488318752479806 ], [ -13.242196593874276, 8.48830811686474 ], [ -13.242212547296873, 8.488297481249676 ], [ -13.242223182911939, 8.488292163442143 ], [ -13.242223182911939, 8.488281527827077 ], [ -13.24222850071947, 8.488270892212013 ], [ -13.242233818527003, 8.488260256596947 ], [ -13.242239136334536, 8.488249620981883 ], [ -13.242244454142069, 8.488233667559285 ], [ -13.242244454142069, 8.488212396329155 ], [ -13.242244454142069, 8.488185807291492 ], [ -13.242239136334536, 8.488164536061362 ], [ -13.242233818527003, 8.488143264831232 ], [ -13.242223182911939, 8.488121993601101 ], [ -13.24220722948934, 8.488090086755905 ], [ -13.242191276066743, 8.488068815525775 ], [ -13.242175322644146, 8.488047544295645 ], [ -13.242159369221548, 8.488031590873048 ], [ -13.242143415798951, 8.488005001835385 ], [ -13.242116826761288, 8.48797309499019 ], [ -13.242084919916092, 8.487957141567593 ], [ -13.242063648685962, 8.487925234722397 ], [ -13.2420370596483, 8.487898645684734 ], [ -13.242010470610637, 8.487866738839539 ], [ -13.241989199380507, 8.487845467609409 ], [ -13.241983881572974, 8.487824196379279 ], [ -13.24197324595791, 8.487802925149149 ], [ -13.241962610342844, 8.487781653919019 ], [ -13.241946656920247, 8.487749747073822 ], [ -13.241941339112714, 8.487733793651225 ], [ -13.241930703497649, 8.487712522421095 ], [ -13.241920067882583, 8.487691251190965 ], [ -13.24191475007505, 8.487669979960835 ], [ -13.241909432267519, 8.487648708730704 ], [ -13.241904114459986, 8.48763807311564 ], [ -13.24189347884492, 8.487622119693041 ], [ -13.24189347884492, 8.487606166270444 ], [ -13.241888161037389, 8.487590212847847 ], [ -13.241882843229856, 8.48757425942525 ], [ -13.241882843229856, 8.487563623810184 ], [ -13.241882843229856, 8.487547670387587 ], [ -13.241877525422323, 8.487537034772521 ], [ -13.241877525422323, 8.487526399157456 ], [ -13.241866889807259, 8.487510445734859 ], [ -13.241866889807259, 8.487483856697196 ], [ -13.241866889807259, 8.487462585467066 ], [ -13.241861571999726, 8.487446632044469 ], [ -13.241861571999726, 8.48743067862187 ], [ -13.241861571999726, 8.487409407391739 ], [ -13.241861571999726, 8.487388136161609 ], [ -13.241861571999726, 8.487372182739012 ], [ -13.241861571999726, 8.487356229316415 ], [ -13.241861571999726, 8.487334958086285 ], [ -13.241861571999726, 8.487313686856155 ], [ -13.241861571999726, 8.487292415626024 ], [ -13.241861571999726, 8.487271144395894 ], [ -13.241861571999726, 8.487255190973297 ], [ -13.241866889807259, 8.487233919743167 ], [ -13.241866889807259, 8.48721796632057 ], [ -13.24187220761479, 8.487196695090439 ], [ -13.24187220761479, 8.48718074166784 ], [ -13.24187220761479, 8.48715947043771 ], [ -13.24187220761479, 8.487148834822646 ], [ -13.24187220761479, 8.487127563592516 ], [ -13.241877525422323, 8.487106292362386 ], [ -13.241877525422323, 8.487090338939788 ], [ -13.241877525422323, 8.48707438551719 ], [ -13.241882843229856, 8.487058432094592 ], [ -13.241882843229856, 8.487042478671995 ], [ -13.241888161037389, 8.487021207441865 ], [ -13.241888161037389, 8.487010571826799 ], [ -13.241888161037389, 8.486994618404202 ], [ -13.241898796652453, 8.486978664981605 ], [ -13.241898796652453, 8.486968029366539 ], [ -13.241898796652453, 8.486952075943941 ], [ -13.241898796652453, 8.486925486906278 ], [ -13.241898796652453, 8.486914851291214 ], [ -13.241904114459986, 8.486898897868617 ], [ -13.241909432267519, 8.486856355408356 ], [ -13.24191475007505, 8.486813812948096 ], [ -13.241930703497649, 8.486755317065237 ], [ -13.241941339112714, 8.486702138989912 ], [ -13.241946656920247, 8.486664914337185 ], [ -13.241962610342844, 8.486627689684456 ], [ -13.24197324595791, 8.486585147224195 ], [ -13.241978563765441, 8.486558558186534 ], [ -13.241989199380507, 8.486537286956404 ], [ -13.24199451718804, 8.486516015726274 ], [ -13.24201578841817, 8.486478791073544 ], [ -13.242021106225701, 8.48644688422835 ], [ -13.242042377455832, 8.486409659575623 ], [ -13.242063648685962, 8.486361799307829 ], [ -13.242068966493495, 8.486340528077699 ], [ -13.242084919916092, 8.486319256847569 ], [ -13.242100873338691, 8.486303303424972 ], [ -13.242106191146222, 8.486271396579776 ], [ -13.242122144568821, 8.486255443157178 ], [ -13.242138097991418, 8.486244807542114 ], [ -13.242148733606482, 8.486228854119515 ], [ -13.242154051414015, 8.486218218504451 ], [ -13.242164687029081, 8.486202265081854 ], [ -13.242180640451679, 8.486186311659255 ], [ -13.242185958259212, 8.486170358236658 ], [ -13.242201911681809, 8.486159722621593 ], [ -13.242217865104406, 8.486149087006527 ], [ -13.24222850071947, 8.48613313358393 ], [ -13.242233818527003, 8.486122497968864 ], [ -13.2422497719496, 8.486095908931203 ], [ -13.242276360987264, 8.486074637701073 ], [ -13.242302950024927, 8.48604804866341 ], [ -13.24230826783246, 8.486032095240812 ], [ -13.242324221255057, 8.486016141818213 ], [ -13.24232953906259, 8.486005506203149 ], [ -13.242334856870121, 8.485984234973019 ], [ -13.242345492485187, 8.485968281550422 ], [ -13.242356128100251, 8.485947010320292 ], [ -13.242366763715317, 8.485931056897693 ], [ -13.242377399330381, 8.485920421282628 ], [ -13.242388034945447, 8.485909785667562 ], [ -13.242388034945447, 8.485888514437432 ], [ -13.242398670560512, 8.485877878822368 ], [ -13.242409306175578, 8.485867243207302 ], [ -13.242419941790642, 8.485851289784705 ], [ -13.242425259598175, 8.485835336362108 ], [ -13.242430577405708, 8.485819382939511 ], [ -13.242441213020772, 8.485814065131978 ], [ -13.242446530828305, 8.485803429516912 ], [ -13.242451848635838, 8.485792793901847 ], [ -13.242457166443371, 8.485782158286781 ], [ -13.242467802058435, 8.485771522671717 ], [ -13.242473119865968, 8.485760887056651 ], [ -13.242478437673501, 8.485750251441587 ], [ -13.242478437673501, 8.48573429801899 ], [ -13.242483755481032, 8.485718344596391 ], [ -13.242483755481032, 8.485702391173794 ], [ -13.242489073288565, 8.485691755558729 ], [ -13.242489073288565, 8.485681119943663 ], [ -13.242489073288565, 8.485670484328599 ], [ -13.242489073288565, 8.485654530906 ], [ -13.242483755481032, 8.485638577483403 ], [ -13.242473119865968, 8.485617306253273 ], [ -13.242457166443371, 8.485601352830676 ], [ -13.242446530828305, 8.485585399408079 ], [ -13.242441213020772, 8.48556944598548 ], [ -13.242430577405708, 8.485558810370415 ], [ -13.242419941790642, 8.485548174755349 ], [ -13.242403988368045, 8.485542856947818 ], [ -13.242382717137914, 8.485537539140285 ], [ -13.24237208152285, 8.485537539140285 ], [ -13.242361445907784, 8.485532221332752 ], [ -13.242345492485187, 8.485532221332752 ], [ -13.242334856870121, 8.485532221332752 ], [ -13.242324221255057, 8.485532221332752 ], [ -13.242313585639991, 8.485532221332752 ], [ -13.242302950024927, 8.485532221332752 ], [ -13.242292314409861, 8.485532221332752 ], [ -13.242276360987264, 8.485537539140285 ], [ -13.242265725372199, 8.485537539140285 ], [ -13.2422497719496, 8.485542856947818 ], [ -13.24222850071947, 8.485553492562882 ], [ -13.24220722948934, 8.485574763793013 ], [ -13.242191276066743, 8.485585399408079 ], [ -13.242175322644146, 8.485596035023143 ], [ -13.242159369221548, 8.48561198844574 ], [ -13.242143415798951, 8.485627941868339 ], [ -13.242122144568821, 8.485638577483403 ], [ -13.242111508953755, 8.485654530906 ], [ -13.242095555531158, 8.485681119943663 ], [ -13.242079602108561, 8.485697073366261 ], [ -13.242068966493495, 8.48571302678886 ], [ -13.242053013070898, 8.48573429801899 ], [ -13.242047695263365, 8.485750251441587 ], [ -13.242042377455832, 8.485771522671717 ], [ -13.242021106225701, 8.485787476094314 ], [ -13.242010470610637, 8.485803429516912 ], [ -13.242005152803104, 8.485814065131978 ], [ -13.24199451718804, 8.485830018554575 ], [ -13.241978563765441, 8.485840654169641 ], [ -13.241967928150377, 8.485856607592238 ], [ -13.241962610342844, 8.485867243207302 ], [ -13.24195197472778, 8.485877878822368 ], [ -13.241946656920247, 8.485888514437432 ], [ -13.241936021305181, 8.485909785667562 ], [ -13.241930703497649, 8.485920421282628 ], [ -13.241920067882583, 8.485936374705226 ], [ -13.24191475007505, 8.485952328127823 ], [ -13.241909432267519, 8.485968281550422 ], [ -13.241898796652453, 8.485989552780552 ], [ -13.241888161037389, 8.486000188395616 ], [ -13.241877525422323, 8.486016141818213 ], [ -13.24187220761479, 8.486032095240812 ], [ -13.24187220761479, 8.48604804866341 ], [ -13.241856254192193, 8.486053366470943 ], [ -13.241845618577129, 8.486064002086007 ], [ -13.241834982962063, 8.486079955508604 ], [ -13.241824347346999, 8.486095908931203 ], [ -13.241813711731933, 8.486101226738734 ], [ -13.2418083939244, 8.486117180161333 ], [ -13.241797758309335, 8.486122497968864 ], [ -13.241787122694269, 8.486138451391463 ], [ -13.241771169271672, 8.486143769198994 ], [ -13.241765851464139, 8.48615440481406 ], [ -13.241755215849075, 8.486165040429125 ], [ -13.241744580234009, 8.486180993851724 ], [ -13.241733944618945, 8.486196947274321 ], [ -13.241717991196348, 8.486212900696918 ], [ -13.241712673388815, 8.486223536311984 ], [ -13.241702037773749, 8.486239489734581 ], [ -13.241691402158684, 8.486255443157178 ], [ -13.241675448736087, 8.486260760964711 ], [ -13.241670130928554, 8.486271396579776 ], [ -13.241659495313488, 8.486282032194842 ], [ -13.241643541890891, 8.486303303424972 ], [ -13.241627588468294, 8.486313939040036 ], [ -13.241611635045697, 8.486335210270166 ], [ -13.241606317238164, 8.486351163692763 ], [ -13.241590363815567, 8.486351163692763 ], [ -13.241585046008034, 8.486361799307829 ], [ -13.241569092585436, 8.486377752730426 ], [ -13.241563774777903, 8.486388388345492 ], [ -13.241553139162837, 8.486399023960557 ], [ -13.24153718574024, 8.486409659575623 ], [ -13.241526550125176, 8.486420295190687 ], [ -13.241505278895046, 8.48642561299822 ], [ -13.24149464327998, 8.486441566420817 ], [ -13.241484007664916, 8.486457519843414 ], [ -13.24147337204985, 8.48646815545848 ], [ -13.241462736434785, 8.486473473266013 ], [ -13.241457418627252, 8.486484108881077 ], [ -13.241446783012186, 8.486494744496143 ], [ -13.241436147397122, 8.486505380111208 ], [ -13.241409558359459, 8.486516015726274 ], [ -13.241393604936862, 8.486526651341338 ], [ -13.241382969321796, 8.486542604763935 ], [ -13.241367015899199, 8.486553240379001 ], [ -13.241356380284135, 8.486563875994065 ], [ -13.241345744669069, 8.486569193801598 ], [ -13.241335109054004, 8.486585147224195 ], [ -13.241324473438938, 8.486601100646794 ], [ -13.241313837823874, 8.486611736261858 ], [ -13.241308520016341, 8.486627689684456 ], [ -13.241297884401275, 8.486633007491989 ], [ -13.241297884401275, 8.486643643107055 ], [ -13.241281930978678, 8.486654278722119 ], [ -13.241276613171145, 8.486664914337185 ], [ -13.241271295363614, 8.486680867759782 ], [ -13.241260659748548, 8.486686185567315 ], [ -13.241250024133484, 8.486691503374846 ], [ -13.241244706325951, 8.486707456797445 ], [ -13.241239388518418, 8.486718092412509 ], [ -13.241228752903353, 8.486728728027575 ], [ -13.24122343509582, 8.48673936364264 ], [ -13.241218117288287, 8.486749999257706 ], [ -13.241207481673223, 8.486755317065237 ], [ -13.241207481673223, 8.486765952680303 ], [ -13.24120216386569, 8.486787223910433 ], [ -13.241191528250624, 8.486797859525497 ], [ -13.24118089263556, 8.486819130755627 ], [ -13.241170257020494, 8.486835084178226 ], [ -13.241164939212963, 8.48684571979329 ], [ -13.241154303597897, 8.486861673215888 ], [ -13.241148985790364, 8.486877626638487 ], [ -13.2411383501753, 8.486888262253551 ], [ -13.2411383501753, 8.486898897868617 ], [ -13.241127714560236, 8.486909533483681 ], [ -13.241127714560236, 8.486920169098747 ], [ -13.24111707894517, 8.486925486906278 ], [ -13.24111707894517, 8.486936122521344 ], [ -13.241106443330105, 8.486941440328877 ], [ -13.241101125522572, 8.486952075943941 ], [ -13.241095807715039, 8.486962711559007 ], [ -13.241090489907506, 8.486973347174072 ], [ -13.241079854292442, 8.486989300596669 ], [ -13.241074536484909, 8.486999936211735 ], [ -13.241069218677376, 8.487015889634332 ], [ -13.241053265254779, 8.487042478671995 ], [ -13.241047947447246, 8.487063749902125 ], [ -13.241031994024649, 8.487079703324723 ], [ -13.241016040602052, 8.48709565674732 ], [ -13.241010722794519, 8.487106292362386 ], [ -13.241005404986986, 8.487127563592516 ], [ -13.240994769371921, 8.487132881400049 ], [ -13.240994769371921, 8.487143517015113 ], [ -13.240984133756855, 8.487148834822646 ], [ -13.240978815949324, 8.48715947043771 ], [ -13.240973498141791, 8.487170106052776 ], [ -13.240962862526725, 8.48718074166784 ], [ -13.240957544719194, 8.487191377282906 ], [ -13.240952226911661, 8.487202012897971 ], [ -13.240941591296595, 8.487207330705504 ], [ -13.240936273489064, 8.48721796632057 ], [ -13.240925637873998, 8.487228601935634 ], [ -13.240915002258934, 8.487233919743167 ], [ -13.241021358409585, 8.489265322220598 ] ] ] ] } },
{ "type": "Feature", "properties": { "fid": 5, "class": 1.0 }, "geometry": { "type": "MultiPolygon", "coordinates": [ [ [ [ -13.207324042675594, 8.487146677058863 ], [ -13.207324042675594, 8.487076094154395 ], [ -13.207324042675594, 8.486990386341825 ], [ -13.207324042675594, 8.486934928345457 ], [ -13.207313959403526, 8.486859303804954 ], [ -13.207313959403526, 8.486808887444619 ], [ -13.207308917767493, 8.486758471084284 ], [ -13.207308917767493, 8.486723179632049 ], [ -13.207308917767493, 8.486677804907748 ], [ -13.207308917767493, 8.486652596727581 ], [ -13.207308917767493, 8.486612263639314 ], [ -13.20731900103956, 8.486566888915013 ], [ -13.20731900103956, 8.486531597462777 ], [ -13.207324042675594, 8.486511430918643 ], [ -13.207324042675594, 8.486496306010542 ], [ -13.207329084311628, 8.486466056194342 ], [ -13.207334125947661, 8.486440848014174 ], [ -13.207344209219729, 8.48642068147004 ], [ -13.207349250855762, 8.486405556561939 ], [ -13.207354292491795, 8.486380348381772 ], [ -13.207364375763861, 8.486360181837638 ], [ -13.207374459035929, 8.486340015293504 ], [ -13.20738958394403, 8.486314807113336 ], [ -13.207404708852129, 8.48630472384127 ], [ -13.20741983376023, 8.48627447402507 ], [ -13.207440000304365, 8.486249265844901 ], [ -13.207455125212464, 8.486229099300768 ], [ -13.207460166848499, 8.486213974392667 ], [ -13.207480333392633, 8.486203891120599 ], [ -13.207490416664699, 8.486178682940432 ], [ -13.207525708116934, 8.486163558032333 ], [ -13.207540833025034, 8.486148433124232 ], [ -13.207555957933135, 8.486143391488199 ], [ -13.207576124477269, 8.486123224944064 ], [ -13.207586207749335, 8.486118183308031 ], [ -13.207611415929502, 8.486108100035963 ], [ -13.207626540837603, 8.486098016763897 ], [ -13.207631582473637, 8.486087933491829 ], [ -13.20763662410967, 8.486077850219763 ], [ -13.207651749017771, 8.486062725311662 ], [ -13.207661832289839, 8.486047600403563 ], [ -13.207676957197938, 8.486042558767528 ], [ -13.207697123742072, 8.48601735058736 ], [ -13.20770720701414, 8.486012308951327 ], [ -13.207722331922239, 8.485997184043226 ], [ -13.207737456830341, 8.485982059135127 ], [ -13.207752581738442, 8.485971975863059 ], [ -13.207762665010508, 8.485961892590993 ], [ -13.207782831554642, 8.485951809318925 ], [ -13.207797956462743, 8.485941726046859 ], [ -13.207808039734809, 8.485931642774791 ], [ -13.20782316464291, 8.485911476230658 ], [ -13.20783828955101, 8.48590139295859 ], [ -13.207868539367212, 8.485886268050489 ], [ -13.207888705911346, 8.48587114314239 ], [ -13.207903830819445, 8.485866101506357 ], [ -13.207923997363579, 8.485856018234289 ], [ -13.207934080635647, 8.485840893326188 ], [ -13.207949205543747, 8.485835851690155 ], [ -13.207979455359949, 8.485820726782055 ], [ -13.208004663540116, 8.485810643509987 ], [ -13.208014746812182, 8.485800560237921 ], [ -13.20803995499235, 8.485790476965853 ], [ -13.208060121536484, 8.48578543532982 ], [ -13.208080288080618, 8.485775352057754 ], [ -13.208095412988719, 8.485770310421719 ], [ -13.208110537896818, 8.485765268785686 ], [ -13.208130704440952, 8.48575518551362 ], [ -13.208150870985087, 8.485729977333452 ], [ -13.208160954257155, 8.485724935697418 ], [ -13.208176079165254, 8.485714852425351 ], [ -13.208186162437322, 8.48569972751725 ], [ -13.208191204073355, 8.485689644245184 ], [ -13.208206328981456, 8.485664436065017 ], [ -13.208211370617489, 8.485649311156916 ], [ -13.208226495525588, 8.485624102976749 ], [ -13.208251703705757, 8.48558376988848 ], [ -13.208256745341791, 8.485558561708313 ], [ -13.208266828613857, 8.485523270256078 ], [ -13.208286995157991, 8.485482937167811 ], [ -13.208286995157991, 8.485457728987644 ], [ -13.208297078430059, 8.485412354263342 ], [ -13.208307161702125, 8.485392187719208 ], [ -13.208322286610226, 8.485361937903006 ], [ -13.208332369882292, 8.485341771358872 ], [ -13.208347494790393, 8.485311521542672 ], [ -13.20835757806246, 8.485291354998537 ], [ -13.208362619698493, 8.485281271726471 ], [ -13.208372702970561, 8.48526614681837 ], [ -13.208387827878662, 8.485251021910269 ], [ -13.208397911150728, 8.485230855366137 ], [ -13.208413036058829, 8.485215730458036 ], [ -13.208433202602963, 8.485190522277868 ], [ -13.208443285875029, 8.4851804390058 ], [ -13.20845841078313, 8.485170355733734 ], [ -13.20847353569123, 8.4851501891896 ], [ -13.208488660599331, 8.485124981009433 ], [ -13.208503785507432, 8.485114897737365 ], [ -13.208523952051566, 8.485094731193232 ], [ -13.208549160231733, 8.485079606285131 ], [ -13.208579410047934, 8.485059439740997 ], [ -13.20858949332, 8.485049356468931 ], [ -13.208614701500169, 8.485024148288762 ], [ -13.208649992952402, 8.485019106652729 ], [ -13.208665117860503, 8.485009023380663 ], [ -13.208685284404638, 8.484998940108595 ], [ -13.208700409312737, 8.484988856836528 ], [ -13.208710492584805, 8.484973731928427 ], [ -13.208750825673073, 8.484958607020328 ], [ -13.208765950581173, 8.484953565384293 ], [ -13.208776033853241, 8.484933398840159 ], [ -13.208786117125307, 8.484923315568093 ], [ -13.208801242033408, 8.484913232296027 ], [ -13.208831491849608, 8.484898107387925 ], [ -13.208836533485641, 8.484888024115858 ], [ -13.208846616757709, 8.484872899207758 ], [ -13.208861741665809, 8.484847691027591 ], [ -13.20887686657391, 8.48483256611949 ], [ -13.208897033118044, 8.484807357939323 ], [ -13.208917199662178, 8.484777108123122 ], [ -13.208937366206312, 8.484756941578988 ], [ -13.208947449478378, 8.484711566854687 ], [ -13.208957532750446, 8.484701483582619 ], [ -13.208972657658546, 8.484686358674519 ], [ -13.20899282420268, 8.48466115049435 ], [ -13.209007949110781, 8.48463090067815 ], [ -13.209028115654915, 8.484615775770049 ], [ -13.209043240563014, 8.484605692497983 ], [ -13.209053323835082, 8.484590567589882 ], [ -13.209063407107148, 8.484575442681782 ], [ -13.209073490379216, 8.484570401045747 ], [ -13.209083573651283, 8.484565359409714 ], [ -13.209098698559384, 8.484550234501615 ], [ -13.20910878183145, 8.484550234501615 ], [ -13.209123906739551, 8.48454519286558 ], [ -13.209149114919718, 8.484525026321446 ], [ -13.209164239827819, 8.484494776505246 ], [ -13.209189448007987, 8.484469568325078 ], [ -13.209214656188154, 8.484439318508878 ], [ -13.209234822732288, 8.484419151964744 ], [ -13.209260030912455, 8.484393943784577 ], [ -13.209275155820556, 8.484378818876475 ], [ -13.209295322364691, 8.484358652332341 ], [ -13.209300364000724, 8.484338485788207 ], [ -13.20931044727279, 8.484318319244073 ], [ -13.209330613816924, 8.484298152699939 ], [ -13.209330613816924, 8.484277986155806 ], [ -13.209345738725025, 8.484257819611672 ], [ -13.209350780361058, 8.48422756979547 ], [ -13.209360863633124, 8.484207403251336 ], [ -13.209370946905192, 8.484192278343237 ], [ -13.209375988541225, 8.484182195071169 ], [ -13.209386071813293, 8.484177153435136 ], [ -13.209386071813293, 8.484167070163069 ], [ -13.209391113449326, 8.484146903618935 ], [ -13.209401196721393, 8.484141861982902 ], [ -13.209401196721393, 8.484131778710834 ], [ -13.209401196721393, 8.484121695438768 ], [ -13.209401196721393, 8.4841116121667 ], [ -13.209401196721393, 8.484096487258601 ], [ -13.209401196721393, 8.484076320714466 ], [ -13.209401196721393, 8.484061195806365 ], [ -13.209391113449326, 8.484056154170332 ], [ -13.209381030177259, 8.484046070898264 ], [ -13.209365905269159, 8.484035987626198 ], [ -13.209355821997091, 8.48402590435413 ], [ -13.209335655452957, 8.484020862718097 ], [ -13.209295322364691, 8.484000696173963 ], [ -13.209265072548488, 8.483985571265864 ], [ -13.209239864368321, 8.483985571265864 ], [ -13.209204572916088, 8.483980529629829 ], [ -13.209189448007987, 8.483980529629829 ], [ -13.209169281463852, 8.483975487993796 ], [ -13.209154156555751, 8.483970446357763 ], [ -13.209128948375584, 8.483965404721729 ], [ -13.20910878183145, 8.483965404721729 ], [ -13.209088615287316, 8.483960363085696 ], [ -13.209068448743183, 8.483955321449661 ], [ -13.209053323835082, 8.483955321449661 ], [ -13.209033157290948, 8.483955321449661 ], [ -13.209007949110781, 8.483950279813628 ], [ -13.20899282420268, 8.483950279813628 ], [ -13.208972657658546, 8.483950279813628 ], [ -13.208957532750446, 8.483945238177595 ], [ -13.208942407842345, 8.483945238177595 ], [ -13.208927282934244, 8.483945238177595 ], [ -13.208917199662178, 8.483945238177595 ], [ -13.20890711639011, 8.483945238177595 ], [ -13.208886949845978, 8.483955321449661 ], [ -13.20887686657391, 8.483960363085696 ], [ -13.208866783301843, 8.483965404721729 ], [ -13.208856700029775, 8.483965404721729 ], [ -13.208846616757709, 8.483970446357763 ], [ -13.208841575121676, 8.483980529629829 ], [ -13.208831491849608, 8.483990612901897 ], [ -13.208821408577542, 8.484000696173963 ], [ -13.208806283669441, 8.484005737809998 ], [ -13.208806283669441, 8.484015821082064 ], [ -13.208796200397375, 8.484015821082064 ], [ -13.20879115876134, 8.48402590435413 ], [ -13.208776033853241, 8.484041029262231 ], [ -13.208765950581173, 8.484046070898264 ], [ -13.208750825673073, 8.484071279078432 ], [ -13.208735700764972, 8.484071279078432 ], [ -13.208710492584805, 8.484086403986533 ], [ -13.208700409312737, 8.484091445622566 ], [ -13.208680242768603, 8.484106570530667 ], [ -13.208665117860503, 8.4841116121667 ], [ -13.208649992952402, 8.484126737074801 ], [ -13.208629826408268, 8.484136820346867 ], [ -13.208614701500169, 8.484151945254968 ], [ -13.208604618228101, 8.484156986891001 ], [ -13.20858949332, 8.484167070163069 ], [ -13.208569326775867, 8.484182195071169 ], [ -13.208549160231733, 8.484192278343237 ], [ -13.208518910415531, 8.484202361615303 ], [ -13.208508827143465, 8.484217486523404 ], [ -13.208493702235364, 8.48422756979547 ], [ -13.20847353569123, 8.484237653067538 ], [ -13.208448327511062, 8.484252777975637 ], [ -13.208438244238996, 8.484262861247705 ], [ -13.208407994422794, 8.484277986155806 ], [ -13.208387827878662, 8.484293111063906 ], [ -13.208352536426426, 8.484308235972007 ], [ -13.208322286610226, 8.48431327760804 ], [ -13.208292036794024, 8.484338485788207 ], [ -13.208281953521958, 8.484358652332341 ], [ -13.208236578797656, 8.484388902148542 ], [ -13.208206328981456, 8.484414110328711 ], [ -13.208160954257155, 8.484434276872843 ], [ -13.208135746076985, 8.484464526689045 ], [ -13.208085329716651, 8.484489734869213 ], [ -13.208044996628383, 8.484509901413347 ], [ -13.20802483008425, 8.484525026321446 ], [ -13.207989538632015, 8.484540151229547 ], [ -13.207969372087881, 8.484550234501615 ], [ -13.20793912227168, 8.484560317773681 ], [ -13.207893747547379, 8.484580484317815 ], [ -13.207863497731177, 8.484595609225916 ], [ -13.207848372823078, 8.48460065086195 ], [ -13.20782316464291, 8.484615775770049 ], [ -13.207792914826708, 8.484640983950218 ], [ -13.207772748282574, 8.484666192130385 ], [ -13.207757623374475, 8.484681317038484 ], [ -13.207727373558273, 8.484701483582619 ], [ -13.207697123742072, 8.484726691762786 ], [ -13.207676957197938, 8.484751899942953 ], [ -13.207661832289839, 8.484787191395188 ], [ -13.20763662410967, 8.484812399575356 ], [ -13.207616457565537, 8.484827524483457 ], [ -13.207586207749335, 8.484857774299657 ], [ -13.207555957933135, 8.484882982479824 ], [ -13.207540833025034, 8.484898107387925 ], [ -13.207510583208833, 8.48491827393206 ], [ -13.207490416664699, 8.48494852374826 ], [ -13.207470250120565, 8.484968690292394 ], [ -13.207445041940398, 8.484988856836528 ], [ -13.207429917032297, 8.485009023380663 ], [ -13.20741983376023, 8.485024148288762 ], [ -13.207414792124197, 8.48503423156083 ], [ -13.207399667216096, 8.485049356468931 ], [ -13.207384542307995, 8.485059439740997 ], [ -13.207379500671962, 8.485079606285131 ], [ -13.207364375763861, 8.485089689557197 ], [ -13.207359334127828, 8.485104814465299 ], [ -13.207349250855762, 8.485109856101332 ], [ -13.207339167583694, 8.4851199393734 ], [ -13.207329084311628, 8.485135064281499 ], [ -13.20731900103956, 8.4851501891896 ], [ -13.207313959403526, 8.485160272461666 ], [ -13.207293792859392, 8.485175397369767 ], [ -13.207278667951293, 8.485190522277868 ], [ -13.207258501407159, 8.485205647185968 ], [ -13.207248418135091, 8.485215730458036 ], [ -13.207238334863025, 8.485225813730102 ], [ -13.207223209954924, 8.485230855366137 ], [ -13.207213126682857, 8.485245980274236 ], [ -13.207203043410789, 8.485256063546304 ], [ -13.207192960138723, 8.48526614681837 ], [ -13.207182876866655, 8.485271188454403 ], [ -13.207167751958556, 8.485281271726471 ], [ -13.207157668686488, 8.485286313362504 ], [ -13.207147585414422, 8.485301438270605 ], [ -13.207132460506321, 8.485311521542672 ], [ -13.207117335598221, 8.48532160481474 ], [ -13.20710221069012, 8.485336729722839 ], [ -13.207082044145986, 8.485346812994907 ], [ -13.207066919237885, 8.485346812994907 ], [ -13.207046752693751, 8.48535185463094 ], [ -13.207021544513584, 8.485361937903006 ], [ -13.20700137796945, 8.485361937903006 ], [ -13.206976169789282, 8.485366979539041 ], [ -13.206935836701016, 8.485372021175074 ], [ -13.206905586884814, 8.485377062811107 ], [ -13.206880378704646, 8.48538210444714 ], [ -13.206824920708279, 8.485397229355241 ], [ -13.206799712528111, 8.485407312627308 ], [ -13.206764421075876, 8.485412354263342 ], [ -13.206744254531742, 8.485422437535409 ], [ -13.206698879807441, 8.485442604079543 ], [ -13.20666862999124, 8.485447645715576 ], [ -13.206643421811073, 8.485457728987644 ], [ -13.206598047086771, 8.485462770623677 ], [ -13.20655267236247, 8.485462770623677 ], [ -13.206502256002134, 8.485462770623677 ], [ -13.206451839641799, 8.485462770623677 ], [ -13.206441756369733, 8.485462770623677 ], [ -13.206406464917498, 8.48546781225971 ], [ -13.206371173465264, 8.48546781225971 ], [ -13.206345965285095, 8.48546781225971 ], [ -13.206320757104928, 8.48546781225971 ], [ -13.206295548924761, 8.485477895531776 ], [ -13.206280424016661, 8.485477895531776 ], [ -13.206270340744593, 8.485477895531776 ], [ -13.206260257472527, 8.485477895531776 ], [ -13.206245132564426, 8.485477895531776 ], [ -13.20623504929236, 8.485477895531776 ], [ -13.206209841112191, 8.485477895531776 ], [ -13.206199757840125, 8.485477895531776 ], [ -13.206179591295991, 8.485472853895743 ], [ -13.206169508023924, 8.485472853895743 ], [ -13.206159424751856, 8.485482937167811 ], [ -13.206154383115823, 8.485493020439877 ], [ -13.206144299843757, 8.48549806207591 ], [ -13.206139258207722, 8.485508145347978 ], [ -13.206139258207722, 8.485533353528146 ], [ -13.206134216571689, 8.485543436800212 ], [ -13.206129174935656, 8.485558561708313 ], [ -13.206119091663588, 8.485568644980379 ], [ -13.206109008391522, 8.48558376988848 ], [ -13.206098925119456, 8.485614019704681 ], [ -13.206083800211355, 8.485629144612782 ], [ -13.206078758575321, 8.485644269520883 ], [ -13.206073716939287, 8.485654352792949 ], [ -13.20606363366722, 8.485659394428982 ], [ -13.206058592031187, 8.48566947770105 ], [ -13.206058592031187, 8.485679560973116 ], [ -13.206053550395154, 8.485689644245184 ], [ -13.206048508759119, 8.48569972751725 ], [ -13.206043467123086, 8.485714852425351 ], [ -13.206038425487053, 8.485729977333452 ], [ -13.206028342214985, 8.485750143877585 ], [ -13.206023300578952, 8.485775352057754 ], [ -13.206018258942919, 8.485795518601886 ], [ -13.206013217306886, 8.48581568514602 ], [ -13.206003134034818, 8.485835851690155 ], [ -13.205993050762752, 8.485856018234289 ], [ -13.205993050762752, 8.485881226414456 ], [ -13.205988009126719, 8.485911476230658 ], [ -13.205977925854651, 8.485921559502724 ], [ -13.205977925854651, 8.485931642774791 ], [ -13.205972884218617, 8.485941726046859 ], [ -13.205967842582584, 8.485971975863059 ], [ -13.205962800946551, 8.48598710077116 ], [ -13.205957759310516, 8.486007267315294 ], [ -13.205957759310516, 8.48601735058736 ], [ -13.205952717674483, 8.486037517131495 ], [ -13.205937592766382, 8.48607280858373 ], [ -13.205937592766382, 8.486087933491829 ], [ -13.205937592766382, 8.486098016763897 ], [ -13.205937592766382, 8.486113141671996 ], [ -13.205937592766382, 8.486138349852165 ], [ -13.205937592766382, 8.486178682940432 ], [ -13.205907342950182, 8.486208932756634 ], [ -13.205887176406048, 8.486239182572834 ], [ -13.20586196822588, 8.486269432389035 ], [ -13.205841801681746, 8.486294640569202 ], [ -13.205821635137612, 8.486309765477303 ], [ -13.205811551865546, 8.486329932021437 ], [ -13.205796426957445, 8.48633497365747 ], [ -13.205786343685379, 8.486350098565572 ], [ -13.205776260413311, 8.486355140201605 ], [ -13.205766177141244, 8.486360181837638 ], [ -13.205766177141244, 8.486370265109706 ], [ -13.205756093869176, 8.486380348381772 ], [ -13.205740968961077, 8.48639043165384 ], [ -13.205730885689009, 8.486395473289873 ], [ -13.20571576078091, 8.486410598197974 ], [ -13.205705677508842, 8.48642068147004 ], [ -13.205705677508842, 8.486435806378141 ], [ -13.205695594236776, 8.486440848014174 ], [ -13.205680469328675, 8.486455972922275 ], [ -13.205650219512474, 8.486486222738476 ], [ -13.205635094604373, 8.486501347646577 ], [ -13.205619969696272, 8.486521514190709 ], [ -13.20559980315214, 8.486541680734843 ], [ -13.205589719880072, 8.486561847278978 ], [ -13.205584678244039, 8.486576972187079 ], [ -13.205574594971971, 8.48659209709518 ], [ -13.205549386791803, 8.48662234691138 ], [ -13.205534261883704, 8.486627388547413 ], [ -13.205529220247669, 8.486642513455514 ], [ -13.205509053703537, 8.486677804907748 ], [ -13.205488887159403, 8.486697971451882 ], [ -13.205483845523368, 8.486713096359983 ], [ -13.205468720615269, 8.486723179632049 ], [ -13.205458637343201, 8.486733262904117 ], [ -13.205448554071134, 8.486748387812218 ], [ -13.205438470799066, 8.486763512720318 ], [ -13.205428387527, 8.486773595992386 ], [ -13.205418304254934, 8.486778637628419 ], [ -13.205408220982866, 8.48679376253652 ], [ -13.2053981377108, 8.486808887444619 ], [ -13.205383012802699, 8.486818970716687 ], [ -13.205377971166666, 8.486829053988753 ], [ -13.205367887894598, 8.486834095624786 ], [ -13.205362846258565, 8.486844178896854 ], [ -13.205352762986498, 8.486859303804954 ], [ -13.20534267971443, 8.486859303804954 ], [ -13.205337638078397, 8.486869387077022 ], [ -13.205327554806331, 8.486879470349088 ], [ -13.205317471534263, 8.486884511985123 ], [ -13.20531242989823, 8.486894595257189 ], [ -13.205297304990129, 8.486904678529255 ], [ -13.205287221718063, 8.486914761801323 ], [ -13.205277138445995, 8.486924845073389 ], [ -13.205267055173929, 8.486934928345457 ], [ -13.205256971901861, 8.48693996998149 ], [ -13.205251930265828, 8.486950053253556 ], [ -13.205241846993761, 8.486955094889591 ], [ -13.20522672208566, 8.486965178161658 ], [ -13.205221680449627, 8.486975261433725 ], [ -13.205211597177559, 8.486995427977858 ], [ -13.205206555541526, 8.487005511249926 ], [ -13.20519647226946, 8.487015594521992 ], [ -13.20519647226946, 8.48702567779406 ], [ -13.205211597177559, 8.48702567779406 ], [ -13.205236805357728, 8.48702567779406 ], [ -13.205251930265828, 8.48702567779406 ], [ -13.205262013537896, 8.48702567779406 ], [ -13.20528218008203, 8.48702567779406 ], [ -13.205292263354096, 8.48702567779406 ], [ -13.20531242989823, 8.48702567779406 ], [ -13.205327554806331, 8.487030719430093 ], [ -13.205347721350464, 8.487030719430093 ], [ -13.205357804622532, 8.487030719430093 ], [ -13.205377971166666, 8.48702567779406 ], [ -13.205403179346833, 8.48702567779406 ], [ -13.205423345890967, 8.48702567779406 ], [ -13.205438470799066, 8.48702567779406 ], [ -13.205453595707167, 8.48702567779406 ], [ -13.205463678979235, 8.48702567779406 ], [ -13.205473762251302, 8.48702567779406 ], [ -13.205483845523368, 8.48702567779406 ], [ -13.205493928795436, 8.48702567779406 ], [ -13.205504012067502, 8.48702567779406 ], [ -13.20551409533957, 8.48702567779406 ], [ -13.205524178611636, 8.48702567779406 ], [ -13.205534261883704, 8.48702567779406 ], [ -13.20554434515577, 8.487035761066126 ], [ -13.205559470063871, 8.487040802702159 ], [ -13.205569553335938, 8.487045844338194 ], [ -13.205579636608006, 8.48705592761026 ], [ -13.205589719880072, 8.487071052518361 ], [ -13.20559980315214, 8.487081135790428 ], [ -13.205609886424206, 8.487096260698529 ], [ -13.205625011332307, 8.487106343970595 ], [ -13.205645177876441, 8.487126510514729 ], [ -13.205660302784541, 8.48714163542283 ], [ -13.205670386056608, 8.487156760330931 ], [ -13.205680469328675, 8.487171885239031 ], [ -13.205695594236776, 8.487181968511099 ], [ -13.205695594236776, 8.487192051783165 ], [ -13.205705677508842, 8.487192051783165 ], [ -13.205710719144875, 8.487202135055233 ], [ -13.205730885689009, 8.487212218327299 ], [ -13.205740968961077, 8.487217259963332 ], [ -13.205751052233143, 8.4872273432354 ], [ -13.205766177141244, 8.487232384871433 ], [ -13.205776260413311, 8.487237426507466 ], [ -13.205786343685379, 8.487237426507466 ], [ -13.205796426957445, 8.487237426507466 ], [ -13.205806510229513, 8.487237426507466 ], [ -13.205821635137612, 8.487237426507466 ], [ -13.20583171840968, 8.487232384871433 ], [ -13.205836760045713, 8.487222301599365 ], [ -13.205846843317779, 8.487222301599365 ], [ -13.205851884953814, 8.487212218327299 ], [ -13.205867009861914, 8.487207176691266 ], [ -13.205882134770015, 8.487202135055233 ], [ -13.205892218042081, 8.487192051783165 ], [ -13.205912384586215, 8.487187010147132 ], [ -13.205927509494316, 8.487176926875064 ], [ -13.205937592766382, 8.487171885239031 ], [ -13.205957759310516, 8.487171885239031 ], [ -13.205972884218617, 8.487171885239031 ], [ -13.205982967490684, 8.487166843602997 ], [ -13.205998092398785, 8.487166843602997 ], [ -13.206008175670853, 8.487166843602997 ], [ -13.206023300578952, 8.487166843602997 ], [ -13.20603338385102, 8.487166843602997 ], [ -13.206043467123086, 8.487156760330931 ], [ -13.206058592031187, 8.487156760330931 ], [ -13.206073716939287, 8.487156760330931 ], [ -13.206088841847388, 8.487151718694896 ], [ -13.206098925119456, 8.487151718694896 ], [ -13.206109008391522, 8.487146677058863 ], [ -13.206124133299623, 8.48714163542283 ], [ -13.206139258207722, 8.487136593786797 ], [ -13.20614934147979, 8.487126510514729 ], [ -13.206159424751856, 8.487126510514729 ], [ -13.206169508023924, 8.487121468878696 ], [ -13.206189674568058, 8.48711138560663 ], [ -13.206199757840125, 8.487106343970595 ], [ -13.206209841112191, 8.487096260698529 ], [ -13.206230007656325, 8.487076094154395 ], [ -13.206240090928393, 8.487076094154395 ], [ -13.206255215836492, 8.487066010882328 ], [ -13.206275382380626, 8.487060969246293 ], [ -13.206285465652694, 8.487050885974227 ], [ -13.206295548924761, 8.487045844338194 ], [ -13.206300590560794, 8.487035761066126 ], [ -13.206310673832862, 8.487035761066126 ], [ -13.206320757104928, 8.487035761066126 ], [ -13.206330840376996, 8.487030719430093 ], [ -13.206345965285095, 8.487030719430093 ], [ -13.206356048557163, 8.487030719430093 ], [ -13.206366131829229, 8.48702567779406 ], [ -13.206376215101297, 8.48702567779406 ], [ -13.206391340009397, 8.48702567779406 ], [ -13.206401423281465, 8.48702567779406 ], [ -13.206416548189566, 8.48702567779406 ], [ -13.206426631461632, 8.48702567779406 ], [ -13.206436714733698, 8.48702567779406 ], [ -13.206446798005766, 8.48702567779406 ], [ -13.206456881277832, 8.487030719430093 ], [ -13.2064669645499, 8.487030719430093 ], [ -13.206482089458, 8.487030719430093 ], [ -13.206492172730067, 8.487030719430093 ], [ -13.206502256002134, 8.487030719430093 ], [ -13.206512339274202, 8.487030719430093 ], [ -13.206522422546268, 8.487030719430093 ], [ -13.206527464182301, 8.487040802702159 ], [ -13.206537547454369, 8.487045844338194 ], [ -13.206547630726435, 8.487050885974227 ], [ -13.20655267236247, 8.487060969246293 ], [ -13.207324042675594, 8.487146677058863 ] ] ] ] } },
{ "type": "Feature", "properties": { "fid": 6, "class": 1.0 }, "geometry": { "type": "MultiPolygon", "coordinates": [ [ [ [ -13.229562741463349, 8.489898312093278 ], [ -13.229536186521869, 8.489861135175206 ], [ -13.229514942568684, 8.489823958257135 ], [ -13.229488387627205, 8.48976553738588 ], [ -13.229467143674022, 8.489728360467808 ], [ -13.22942996675595, 8.489685872561441 ], [ -13.229414033791063, 8.489638073666777 ], [ -13.229398100826176, 8.48962214070189 ], [ -13.229376856872991, 8.489600896748707 ], [ -13.229360923908104, 8.489579652795523 ], [ -13.229329057978328, 8.489537164889155 ], [ -13.229313125013441, 8.489521231924268 ], [ -13.229281259083665, 8.489505298959379 ], [ -13.229249393153889, 8.4894787440179 ], [ -13.229217527224113, 8.489468122041309 ], [ -13.229201594259226, 8.489462811053013 ], [ -13.229190972282634, 8.48945218907642 ], [ -13.229159106352858, 8.489436256111533 ], [ -13.229148484376267, 8.489430945123237 ], [ -13.229127240423084, 8.489425634134941 ], [ -13.229105996469899, 8.489420323146645 ], [ -13.229084752516716, 8.489409701170054 ], [ -13.229068819551829, 8.489404390181758 ], [ -13.22905288658694, 8.489393768205165 ], [ -13.229031642633757, 8.489388457216871 ], [ -13.229021020657164, 8.489377835240278 ], [ -13.22898915472739, 8.489367213263685 ], [ -13.228978532750798, 8.489361902275389 ], [ -13.228946666821022, 8.489345969310502 ], [ -13.22890948990295, 8.489324725357319 ], [ -13.228877623973176, 8.489314103380726 ], [ -13.228856380019991, 8.48930879239243 ], [ -13.228813892113624, 8.489292859427543 ], [ -13.228782026183849, 8.489287548439247 ], [ -13.228755471242369, 8.489276926462656 ], [ -13.228734227289186, 8.48927161547436 ], [ -13.228697050371114, 8.48927161547436 ], [ -13.228681117406227, 8.489266304486064 ], [ -13.228665184441338, 8.489266304486064 ], [ -13.228643940488155, 8.48927161547436 ], [ -13.228617385546675, 8.489276926462656 ], [ -13.228601452581788, 8.489282237450951 ], [ -13.228590830605196, 8.489292859427543 ], [ -13.228574897640309, 8.489303481404136 ], [ -13.228543031710533, 8.489314103380726 ], [ -13.228516476769054, 8.489324725357319 ], [ -13.228489921827574, 8.489345969310502 ], [ -13.228463366886094, 8.489356591287095 ], [ -13.228442122932909, 8.489367213263685 ], [ -13.228410257003135, 8.489383146228574 ], [ -13.22838901304995, 8.489393768205165 ], [ -13.228373080085063, 8.489404390181758 ], [ -13.22835183613188, 8.48941501215835 ], [ -13.228335903166991, 8.489425634134941 ], [ -13.228314659213808, 8.48944156709983 ], [ -13.228298726248921, 8.48944156709983 ], [ -13.228282793284032, 8.489457500064717 ], [ -13.228245616365962, 8.489462811053013 ], [ -13.228203128459594, 8.489468122041309 ], [ -13.228187195494707, 8.489473433029604 ], [ -13.228155329564931, 8.4894787440179 ], [ -13.228134085611748, 8.489484055006196 ], [ -13.228107530670268, 8.489489365994492 ], [ -13.228075664740492, 8.489499987971083 ], [ -13.228059731775604, 8.489505298959379 ], [ -13.22803848782242, 8.489510609947676 ], [ -13.22800131090435, 8.489510609947676 ], [ -13.227985377939461, 8.489510609947676 ], [ -13.227964133986278, 8.489515920935972 ], [ -13.227953512009686, 8.489515920935972 ], [ -13.227916335091615, 8.489521231924268 ], [ -13.22789509113843, 8.489521231924268 ], [ -13.227863225208656, 8.489521231924268 ], [ -13.227841981255471, 8.489510609947676 ], [ -13.227810115325696, 8.489510609947676 ], [ -13.227794182360809, 8.489505298959379 ], [ -13.227772938407625, 8.489505298959379 ], [ -13.227751694454442, 8.489505298959379 ], [ -13.227725139512962, 8.489505298959379 ], [ -13.22768796259489, 8.489499987971083 ], [ -13.227677340618298, 8.489499987971083 ], [ -13.227666718641707, 8.489499987971083 ], [ -13.227650785676818, 8.489489365994492 ], [ -13.227629541723635, 8.4894787440179 ], [ -13.227618919747043, 8.489468122041309 ], [ -13.227613608758748, 8.48945218907642 ], [ -13.227597675793859, 8.489436256111533 ], [ -13.227587053817269, 8.489420323146645 ], [ -13.227576431840676, 8.489409701170054 ], [ -13.22757112085238, 8.489399079193461 ], [ -13.227549876899197, 8.489399079193461 ], [ -13.227539254922604, 8.489393768205165 ], [ -13.227523321957717, 8.489393768205165 ], [ -13.22750738899283, 8.489393768205165 ], [ -13.227486145039645, 8.489393768205165 ], [ -13.227454279109869, 8.489399079193461 ], [ -13.227443657133279, 8.489399079193461 ], [ -13.22742772416839, 8.489404390181758 ], [ -13.22740116922691, 8.489409701170054 ], [ -13.227379925273727, 8.48941501215835 ], [ -13.227358681320544, 8.489420323146645 ], [ -13.22733743736736, 8.489430945123237 ], [ -13.227310882425881, 8.48944156709983 ], [ -13.227279016496105, 8.489457500064717 ], [ -13.227241839578033, 8.489473433029604 ], [ -13.227209973648257, 8.4894787440179 ], [ -13.227188729695074, 8.489484055006196 ], [ -13.227167485741891, 8.489489365994492 ], [ -13.227130308823819, 8.489494676982789 ], [ -13.227109064870636, 8.489505298959379 ], [ -13.227082509929156, 8.489510609947676 ], [ -13.227034711034493, 8.489526542912563 ], [ -13.22701346708131, 8.489537164889155 ], [ -13.226981601151534, 8.489547786865748 ], [ -13.226960357198349, 8.489558408842338 ], [ -13.226939113245166, 8.489558408842338 ], [ -13.226928491268575, 8.489563719830635 ], [ -13.226912558303686, 8.489563719830635 ], [ -13.226901936327096, 8.489574341807227 ], [ -13.226886003362207, 8.489569030818931 ], [ -13.226875381385616, 8.489558408842338 ], [ -13.22687007039732, 8.489526542912563 ], [ -13.22687007039732, 8.489515920935972 ], [ -13.22687007039732, 8.489494676982789 ], [ -13.22687007039732, 8.489468122041309 ], [ -13.226875381385616, 8.489446878088124 ], [ -13.226891314350503, 8.489420323146645 ], [ -13.226896625338799, 8.489388457216871 ], [ -13.226912558303686, 8.489361902275389 ], [ -13.226923180280279, 8.489330036345615 ], [ -13.226939113245166, 8.48930879239243 ], [ -13.226944424233462, 8.489287548439247 ], [ -13.226970979174942, 8.48924506053288 ], [ -13.226992223128125, 8.489213194603105 ], [ -13.227024089057901, 8.489191950649921 ], [ -13.227034711034493, 8.489165395708442 ], [ -13.227045333011084, 8.489154773731849 ], [ -13.22707719894086, 8.489122907802074 ], [ -13.227087820917452, 8.489112285825483 ], [ -13.227098442894043, 8.48910166384889 ], [ -13.227109064870636, 8.489096352860594 ], [ -13.227119686847228, 8.489085730884003 ], [ -13.227124997835523, 8.489075108907411 ], [ -13.227130308823819, 8.489064486930818 ], [ -13.227140930800411, 8.489048553965931 ], [ -13.227151552777002, 8.489037931989339 ], [ -13.227167485741891, 8.489027310012748 ], [ -13.227178107718483, 8.489016688036156 ], [ -13.227178107718483, 8.489006066059563 ], [ -13.22719404068337, 8.488990133094676 ], [ -13.227204662659963, 8.488979511118083 ], [ -13.22722059562485, 8.4889582671649 ], [ -13.227231217601442, 8.488926401235124 ], [ -13.227252461554626, 8.48892109024683 ], [ -13.227263083531216, 8.488905157281941 ], [ -13.227279016496105, 8.488878602340462 ], [ -13.227289638472696, 8.488857358387278 ], [ -13.227300260449288, 8.488846736410686 ], [ -13.227305571437585, 8.488836114434095 ], [ -13.227310882425881, 8.488820181469206 ], [ -13.227316193414175, 8.488804248504319 ], [ -13.227316193414175, 8.488793626527727 ], [ -13.227316193414175, 8.48877769356284 ], [ -13.227316193414175, 8.488756449609657 ], [ -13.227316193414175, 8.488745827633064 ], [ -13.227310882425881, 8.488724583679881 ], [ -13.227310882425881, 8.488708650714992 ], [ -13.227310882425881, 8.488692717750105 ], [ -13.227305571437585, 8.488671473796922 ], [ -13.227300260449288, 8.488650229843737 ], [ -13.227300260449288, 8.488628985890553 ], [ -13.227300260449288, 8.488613052925666 ], [ -13.227300260449288, 8.488602430949074 ], [ -13.227300260449288, 8.488586497984187 ], [ -13.227294949460992, 8.488570565019298 ], [ -13.227294949460992, 8.488554632054411 ], [ -13.227294949460992, 8.488544010077819 ], [ -13.227294949460992, 8.488533388101228 ], [ -13.227289638472696, 8.488517455136339 ], [ -13.227284327484401, 8.488501522171452 ], [ -13.227279016496105, 8.48849090019486 ], [ -13.227273705507809, 8.488469656241676 ], [ -13.227268394519513, 8.488459034265084 ], [ -13.227263083531216, 8.488448412288493 ], [ -13.227252461554626, 8.488432479323604 ], [ -13.227236528589737, 8.488416546358717 ], [ -13.227231217601442, 8.488389991417238 ], [ -13.227225906613146, 8.488368747464055 ], [ -13.22722059562485, 8.488358125487462 ], [ -13.227215284636554, 8.488336881534279 ], [ -13.227215284636554, 8.488326259557686 ], [ -13.227215284636554, 8.488310326592799 ], [ -13.227209973648257, 8.488299704616207 ], [ -13.227204662659963, 8.488289082639616 ], [ -13.227199351671667, 8.488278460663023 ], [ -13.22719404068337, 8.488267838686431 ], [ -13.227183418706778, 8.48825721670984 ], [ -13.227172796730187, 8.488251905721544 ], [ -13.227156863765298, 8.488251905721544 ], [ -13.227146241788708, 8.48825721670984 ], [ -13.227135619812115, 8.488267838686431 ], [ -13.227119686847228, 8.488278460663023 ], [ -13.227082509929156, 8.488289082639616 ], [ -13.227061265975973, 8.488299704616207 ], [ -13.22704002202279, 8.488305015604503 ], [ -13.227034711034493, 8.488315637581096 ], [ -13.227018778069604, 8.48832094856939 ], [ -13.227008156093014, 8.488326259557686 ], [ -13.226992223128125, 8.488336881534279 ], [ -13.226981601151534, 8.488352814499166 ], [ -13.226965668186645, 8.488384680428942 ], [ -13.226955046210055, 8.488389991417238 ], [ -13.226944424233462, 8.488411235370421 ], [ -13.22693380225687, 8.488432479323604 ], [ -13.226923180280279, 8.488480278218269 ], [ -13.22690724731539, 8.488501522171452 ], [ -13.226891314350503, 8.488528077112932 ], [ -13.226886003362207, 8.488549321066115 ], [ -13.226880692373911, 8.488575876007594 ], [ -13.226875381385616, 8.488597119960778 ], [ -13.22687007039732, 8.488618363913963 ], [ -13.226864759409024, 8.488639607867146 ], [ -13.226864759409024, 8.488666162808626 ], [ -13.226859448420727, 8.488692717750105 ], [ -13.226859448420727, 8.488713961703288 ], [ -13.226854137432431, 8.488735205656472 ], [ -13.226854137432431, 8.48875113862136 ], [ -13.226848826444137, 8.488783004551136 ], [ -13.22684351545584, 8.488820181469206 ], [ -13.226832893479248, 8.48884142542239 ], [ -13.226827582490952, 8.488852047398982 ], [ -13.226822271502655, 8.488883913328758 ], [ -13.226816960514361, 8.488910468270237 ], [ -13.226795716561176, 8.488942334200013 ], [ -13.226790405572881, 8.488952956176604 ], [ -13.226785094584585, 8.48898482210638 ], [ -13.226774472607993, 8.489016688036156 ], [ -13.226763850631402, 8.489032621001043 ], [ -13.226753228654809, 8.489048553965931 ], [ -13.226742606678217, 8.489059175942524 ], [ -13.226731984701626, 8.489069797919115 ], [ -13.226721362725034, 8.489085730884003 ], [ -13.226694807783554, 8.48910166384889 ], [ -13.226684185806963, 8.489112285825483 ], [ -13.226673563830371, 8.489122907802074 ], [ -13.226657630865482, 8.48912821879037 ], [ -13.226641697900595, 8.489144151755257 ], [ -13.226625764935708, 8.489154773731849 ], [ -13.226609831970819, 8.489170706696736 ], [ -13.226593899005932, 8.489176017685033 ], [ -13.226588588017636, 8.489186639661625 ], [ -13.226577966041043, 8.489186639661625 ], [ -13.22655672208786, 8.489186639661625 ], [ -13.226540789122973, 8.489191950649921 ], [ -13.226519545169788, 8.489191950649921 ], [ -13.226503612204901, 8.489197261638216 ], [ -13.226487679240014, 8.489202572626512 ], [ -13.226477057263422, 8.489202572626512 ], [ -13.226466435286829, 8.489207883614808 ], [ -13.226450502321942, 8.489213194603105 ], [ -13.22643988034535, 8.489213194603105 ], [ -13.226429258368759, 8.489213194603105 ], [ -13.226418636392166, 8.489213194603105 ], [ -13.226408014415576, 8.489213194603105 ], [ -13.226397392438983, 8.489213194603105 ], [ -13.226386770462391, 8.489213194603105 ], [ -13.226370837497504, 8.489218505591401 ], [ -13.226360215520911, 8.489229127567992 ], [ -13.226344282556024, 8.489255682509471 ], [ -13.226328349591135, 8.48927161547436 ], [ -13.226323038602841, 8.489287548439247 ], [ -13.226312416626248, 8.489298170415839 ], [ -13.226301794649656, 8.489319414369023 ], [ -13.226285861684769, 8.489345969310502 ], [ -13.226275239708176, 8.489372524251982 ], [ -13.226269928719882, 8.489383146228574 ], [ -13.226259306743289, 8.48941501215835 ], [ -13.226253995754993, 8.48944156709983 ], [ -13.226248684766697, 8.489457500064717 ], [ -13.226238062790106, 8.489484055006196 ], [ -13.22623275180181, 8.489505298959379 ], [ -13.226222129825217, 8.489542475877451 ], [ -13.226216818836923, 8.489563719830635 ], [ -13.22620619686033, 8.489574341807227 ], [ -13.226200885872034, 8.489600896748707 ], [ -13.226179641918851, 8.48962214070189 ], [ -13.226169019942258, 8.489632762678482 ], [ -13.226147775989075, 8.489685872561441 ], [ -13.226137154012482, 8.489707116514625 ], [ -13.226126532035892, 8.489738982444401 ], [ -13.226121221047595, 8.489754915409288 ], [ -13.226115910059299, 8.489786781339063 ], [ -13.226105288082708, 8.48980271430395 ], [ -13.226099977094412, 8.48982926924543 ], [ -13.226084044129523, 8.489845202210319 ], [ -13.226078733141229, 8.489855824186909 ], [ -13.226068111164636, 8.489866446163502 ], [ -13.22606280017634, 8.489887690116685 ], [ -13.226057489188044, 8.48990893406987 ], [ -13.226046867211453, 8.489924867034757 ], [ -13.226036245234861, 8.48994611098794 ], [ -13.226030934246564, 8.489956732964533 ], [ -13.226025623258268, 8.48997266592942 ], [ -13.226020312269974, 8.489988598894309 ], [ -13.226015001281677, 8.489999220870899 ], [ -13.226015001281677, 8.490015153835788 ], [ -13.226009690293381, 8.490025775812379 ], [ -13.226004379305085, 8.490041708777268 ], [ -13.225999068316789, 8.490052330753858 ], [ -13.225993757328494, 8.490062952730451 ], [ -13.225993757328494, 8.490078885695338 ], [ -13.225988446340198, 8.490094818660227 ], [ -13.225988446340198, 8.49011606261341 ], [ -13.225983135351902, 8.490126684590003 ], [ -13.225977824363605, 8.49014261755489 ], [ -13.225972513375309, 8.490163861508073 ], [ -13.225967202387015, 8.490179794472962 ], [ -13.225961891398718, 8.490195727437849 ], [ -13.225961891398718, 8.490216971391032 ], [ -13.225951269422126, 8.490227593367624 ], [ -13.225945958433829, 8.490243526332511 ], [ -13.225940647445535, 8.4902594592974 ], [ -13.225935336457239, 8.490275392262287 ], [ -13.225930025468942, 8.49028601423888 ], [ -13.225930025468942, 8.490307258192063 ], [ -13.225930025468942, 8.49032319115695 ], [ -13.225924714480646, 8.490333813133542 ], [ -13.225924714480646, 8.490355057086726 ], [ -13.225914092504055, 8.490376301039911 ], [ -13.225914092504055, 8.490386923016501 ], [ -13.225908781515759, 8.49040285598139 ], [ -13.225903470527463, 8.490413477957981 ], [ -13.225866293609391, 8.490434721911164 ], [ -13.225829116691321, 8.490461276852644 ], [ -13.225797250761545, 8.490487831794123 ], [ -13.225765384831769, 8.490498453770716 ], [ -13.225717585937106, 8.490546252665379 ], [ -13.225706963960514, 8.490551563653675 ], [ -13.225696341983921, 8.490556874641971 ], [ -13.225685720007331, 8.490562185630267 ], [ -13.225675098030738, 8.490562185630267 ], [ -13.225664476054147, 8.490567496618564 ], [ -13.225653854077555, 8.490578118595154 ], [ -13.225632610124372, 8.490578118595154 ], [ -13.225616677159483, 8.490583429583451 ], [ -13.225611366171188, 8.490594051560043 ], [ -13.225600744194596, 8.490599362548338 ], [ -13.225595433206299, 8.49060998452493 ], [ -13.225584811229709, 8.490615295513226 ], [ -13.225574189253116, 8.490620606501523 ], [ -13.225563567276524, 8.490625917489817 ], [ -13.225547634311637, 8.490631228478113 ], [ -13.225537012335044, 8.49063653946641 ], [ -13.225526390358453, 8.490641850454706 ], [ -13.225515768381861, 8.490641850454706 ], [ -13.225505146405268, 8.490641850454706 ], [ -13.225494524428678, 8.490641850454706 ], [ -13.225483902452085, 8.490641850454706 ], [ -13.225473280475494, 8.490641850454706 ], [ -13.225462658498902, 8.490641850454706 ], [ -13.225452036522309, 8.490641850454706 ], [ -13.225441414545719, 8.490641850454706 ], [ -13.225430792569126, 8.490647161443002 ], [ -13.225420170592535, 8.490647161443002 ], [ -13.225409548615943, 8.490647161443002 ], [ -13.22538830466276, 8.490647161443002 ], [ -13.225377682686167, 8.490647161443002 ], [ -13.225367060709575, 8.490647161443002 ], [ -13.225351127744688, 8.49063653946641 ], [ -13.225340505768095, 8.490631228478113 ], [ -13.225329883791504, 8.490631228478113 ], [ -13.225313950826616, 8.490620606501523 ], [ -13.225303328850025, 8.490620606501523 ], [ -13.225292706873432, 8.490615295513226 ], [ -13.225287395885136, 8.490604673536634 ], [ -13.225271462920249, 8.490599362548338 ], [ -13.225255529955362, 8.490599362548338 ], [ -13.225234286002177, 8.490588740571747 ], [ -13.22521835303729, 8.490583429583451 ], [ -13.225197109084107, 8.490567496618564 ], [ -13.225170554142627, 8.490556874641971 ], [ -13.225138688212851, 8.490546252665379 ], [ -13.225128066236259, 8.490535630688788 ], [ -13.225112133271372, 8.490530319700492 ], [ -13.225106822283076, 8.490514386735603 ], [ -13.225090889318189, 8.490509075747308 ], [ -13.2250749563533, 8.490498453770716 ], [ -13.225059023388413, 8.490482520805829 ], [ -13.225043090423524, 8.49046658784094 ], [ -13.225043090423524, 8.490455965864349 ], [ -13.225043090423524, 8.490445343887757 ], [ -13.224979358563974, 8.490445343887757 ], [ -13.224899693739536, 8.490445343887757 ], [ -13.224830650891688, 8.490445343887757 ], [ -13.224750986067249, 8.490445343887757 ], [ -13.224681943219402, 8.490434721911164 ], [ -13.224607589383259, 8.490434721911164 ], [ -13.224474814675862, 8.49042941092287 ], [ -13.224421704792903, 8.490424099934573 ], [ -13.22434735095676, 8.490408166969685 ], [ -13.224310174038688, 8.490397544993094 ], [ -13.224251753167433, 8.490397544993094 ], [ -13.224214576249361, 8.490386923016501 ], [ -13.224166777354698, 8.490386923016501 ], [ -13.224124289448332, 8.490386923016501 ], [ -13.22408711253026, 8.490386923016501 ], [ -13.224023380670708, 8.490381612028205 ], [ -13.223959648811158, 8.490365679063318 ], [ -13.223933093869679, 8.490365679063318 ], [ -13.223885294975014, 8.490360368075022 ], [ -13.223858740033535, 8.490355057086726 ], [ -13.223832185092055, 8.490349746098429 ], [ -13.223784386197392, 8.490349746098429 ], [ -13.223757831255913, 8.490344435110135 ], [ -13.223731276314433, 8.490344435110135 ], [ -13.223683477419771, 8.490339124121839 ], [ -13.223635678525108, 8.49032319115695 ], [ -13.223609123583628, 8.49032319115695 ], [ -13.223577257653853, 8.490328502145246 ], [ -13.22356663567726, 8.490328502145246 ], [ -13.223540080735781, 8.490328502145246 ], [ -13.223518836782597, 8.49032319115695 ], [ -13.223486970852822, 8.49032319115695 ], [ -13.223471037887935, 8.49032319115695 ], [ -13.22344979393475, 8.49032319115695 ], [ -13.223433860969863, 8.49032319115695 ], [ -13.223412617016679, 8.490328502145246 ], [ -13.2233860620752, 8.490333813133542 ], [ -13.223364818122015, 8.490333813133542 ], [ -13.223343574168831, 8.490339124121839 ], [ -13.223317019227352, 8.490339124121839 ], [ -13.223290464285872, 8.490339124121839 ], [ -13.223279842309282, 8.490333813133542 ], [ -13.223263909344393, 8.490333813133542 ], [ -13.2232532873678, 8.49032319115695 ], [ -13.223237354402913, 8.49032319115695 ], [ -13.223221421438026, 8.490328502145246 ], [ -13.223210799461434, 8.490333813133542 ], [ -13.223194866496547, 8.490339124121839 ], [ -13.223184244519954, 8.490344435110135 ], [ -13.223173622543362, 8.490344435110135 ], [ -13.223163000566771, 8.490344435110135 ], [ -13.223152378590179, 8.490344435110135 ], [ -13.223136445625292, 8.490344435110135 ], [ -13.223120512660403, 8.490349746098429 ], [ -13.223109890683812, 8.490355057086726 ], [ -13.223093957718923, 8.490355057086726 ], [ -13.223040847835964, 8.490360368075022 ], [ -13.222998359929598, 8.490360368075022 ], [ -13.222934628070046, 8.490365679063318 ], [ -13.222854963245608, 8.490370990051614 ], [ -13.222807164350945, 8.490370990051614 ], [ -13.222764676444577, 8.490370990051614 ], [ -13.222716877549914, 8.490370990051614 ], [ -13.222690322608434, 8.490370990051614 ], [ -13.222679700631842, 8.490370990051614 ], [ -13.222663767666955, 8.490370990051614 ], [ -13.222653145690362, 8.490370990051614 ], [ -13.222637212725475, 8.490370990051614 ], [ -13.222626590748883, 8.490370990051614 ], [ -13.222615968772292, 8.490370990051614 ], [ -13.222605346795699, 8.490370990051614 ], [ -13.222594724819107, 8.490376301039911 ], [ -13.222584102842516, 8.490376301039911 ], [ -13.222573480865924, 8.490381612028205 ], [ -13.222557547901037, 8.490386923016501 ], [ -13.222546925924444, 8.490386923016501 ], [ -13.222536303947853, 8.490392234004798 ], [ -13.222525681971261, 8.490397544993094 ], [ -13.222504438018078, 8.49040285598139 ], [ -13.222488505053189, 8.490408166969685 ], [ -13.222467261100006, 8.490408166969685 ], [ -13.222456639123413, 8.490413477957981 ], [ -13.222440706158526, 8.490413477957981 ], [ -13.222414151217047, 8.490418788946277 ], [ -13.22239821825216, 8.490418788946277 ], [ -13.222382285287271, 8.490418788946277 ], [ -13.22237166331068, 8.490418788946277 ], [ -13.222361041334088, 8.490418788946277 ], [ -13.222345108369201, 8.490418788946277 ], [ -13.222334486392608, 8.490413477957981 ], [ -13.222323864416015, 8.490413477957981 ], [ -13.222307931451128, 8.490408166969685 ], [ -13.22229199848624, 8.490408166969685 ], [ -13.222281376509649, 8.49040285598139 ], [ -13.222270754533056, 8.49040285598139 ], [ -13.222260132556466, 8.490397544993094 ], [ -13.222233577614986, 8.490397544993094 ], [ -13.222212333661801, 8.490397544993094 ], [ -13.222175156743731, 8.490413477957981 ], [ -13.222153912790548, 8.490418788946277 ], [ -13.222137979825659, 8.490418788946277 ], [ -13.222127357849066, 8.490418788946277 ], [ -13.222106113895883, 8.490418788946277 ], [ -13.222095491919292, 8.490418788946277 ], [ -13.2220848699427, 8.490418788946277 ], [ -13.222068936977813, 8.490418788946277 ], [ -13.22205831500122, 8.490418788946277 ], [ -13.222053004012924, 8.49042941092287 ], [ -13.222037071048037, 8.49044003289946 ], [ -13.222021138083148, 8.490455965864349 ], [ -13.222010516106558, 8.49046658784094 ], [ -13.221999894129965, 8.490477209817533 ], [ -13.221994583141669, 8.490487831794123 ], [ -13.221983961165078, 8.490498453770716 ], [ -13.221973339188485, 8.490514386735603 ], [ -13.221962717211893, 8.490530319700492 ], [ -13.221946784247006, 8.490551563653675 ], [ -13.221946784247006, 8.490562185630267 ], [ -13.22194147325871, 8.490583429583451 ], [ -13.221952095235302, 8.490599362548338 ], [ -13.221957406223598, 8.490615295513226 ], [ -13.221962717211893, 8.490631228478113 ], [ -13.221968028200189, 8.490647161443002 ], [ -13.221973339188485, 8.490657783419593 ], [ -13.221978650176782, 8.490673716384482 ], [ -13.221989272153374, 8.490689649349369 ], [ -13.221994583141669, 8.490700271325961 ], [ -13.222005205118261, 8.490716204290848 ], [ -13.222015827094854, 8.490716204290848 ], [ -13.222037071048037, 8.490721515279144 ], [ -13.222053004012924, 8.490726826267441 ], [ -13.2220848699427, 8.490732137255737 ], [ -13.222106113895883, 8.490732137255737 ], [ -13.222132668837363, 8.490732137255737 ], [ -13.222153912790548, 8.490732137255737 ], [ -13.222180467732027, 8.490732137255737 ], [ -13.222207022673507, 8.490726826267441 ], [ -13.222244199591577, 8.490716204290848 ], [ -13.222276065521353, 8.490694960337665 ], [ -13.222307931451128, 8.490684338361072 ], [ -13.222339797380904, 8.490673716384482 ], [ -13.222382285287271, 8.490668405396185 ], [ -13.222414151217047, 8.490652472431297 ], [ -13.222446017146822, 8.490641850454706 ], [ -13.222504438018078, 8.49063653946641 ], [ -13.222541614936148, 8.490631228478113 ], [ -13.222589413830812, 8.490620606501523 ], [ -13.222626590748883, 8.490620606501523 ], [ -13.222663767666955, 8.490620606501523 ], [ -13.222695633596731, 8.490620606501523 ], [ -13.222727499526506, 8.490620606501523 ], [ -13.222743432491393, 8.490620606501523 ], [ -13.222764676444577, 8.490625917489817 ], [ -13.222796542374352, 8.490631228478113 ], [ -13.222823097315832, 8.490641850454706 ], [ -13.222860274233904, 8.490652472431297 ], [ -13.222924006093454, 8.490668405396185 ], [ -13.222966493999822, 8.490684338361072 ], [ -13.223008981906188, 8.490694960337665 ], [ -13.223056780800853, 8.490700271325961 ], [ -13.223104579695516, 8.490710893302552 ], [ -13.223131134636995, 8.490716204290848 ], [ -13.223178933531658, 8.490726826267441 ], [ -13.22321611044973, 8.490732137255737 ], [ -13.2232532873678, 8.490742759232328 ], [ -13.223290464285872, 8.490748070220624 ], [ -13.223327641203944, 8.490764003185511 ], [ -13.2233860620752, 8.490774625162103 ], [ -13.223439171958159, 8.490785247138696 ], [ -13.223492281841118, 8.490785247138696 ], [ -13.223534769747484, 8.49079055812699 ], [ -13.223571946665556, 8.490795869115287 ], [ -13.223619745560219, 8.490795869115287 ], [ -13.223672855443178, 8.490801180103583 ], [ -13.223725965326137, 8.490801180103583 ], [ -13.223795008173985, 8.490801180103583 ], [ -13.223869362010127, 8.490801180103583 ], [ -13.223927782881383, 8.490801180103583 ], [ -13.223991514740934, 8.490811802080175 ], [ -13.224039313635597, 8.49081711306847 ], [ -13.224081801541963, 8.490827735045062 ], [ -13.224140222413219, 8.490848978998246 ], [ -13.224172088342995, 8.490864911963135 ], [ -13.224198643284474, 8.490875533939725 ], [ -13.224241131190841, 8.490891466904614 ], [ -13.224262375144026, 8.490912710857797 ], [ -13.224294241073801, 8.49092333283439 ], [ -13.224315485026985, 8.490949887775869 ], [ -13.22434735095676, 8.490955198764164 ], [ -13.224368594909944, 8.490965820740756 ], [ -13.224379216886534, 8.490971131729053 ], [ -13.224400460839719, 8.490971131729053 ], [ -13.224421704792903, 8.490976442717349 ], [ -13.224442948746086, 8.490976442717349 ], [ -13.224453570722678, 8.490976442717349 ], [ -13.224490747640749, 8.490981753705643 ], [ -13.224511991593934, 8.490981753705643 ], [ -13.224543857523708, 8.490981753705643 ], [ -13.224565101476893, 8.490981753705643 ], [ -13.224591656418372, 8.490981753705643 ], [ -13.224618211359852, 8.490981753705643 ], [ -13.224644766301331, 8.490981753705643 ], [ -13.224692565195994, 8.490981753705643 ], [ -13.224729742114066, 8.490971131729053 ], [ -13.224756297055546, 8.490965820740756 ], [ -13.224777541008729, 8.490965820740756 ], [ -13.224798784961912, 8.490965820740756 ], [ -13.224814717926801, 8.490965820740756 ], [ -13.224857205833167, 8.490965820740756 ], [ -13.224873138798054, 8.490965820740756 ], [ -13.22490500472783, 8.490971131729053 ], [ -13.22493155966931, 8.490971131729053 ], [ -13.224968736587382, 8.490981753705643 ], [ -13.225005913505454, 8.49098706469394 ], [ -13.225021846470341, 8.490997686670532 ], [ -13.225064334376709, 8.491002997658828 ], [ -13.225096200306483, 8.491013619635419 ], [ -13.225112133271372, 8.491018930623715 ], [ -13.225133377224555, 8.491024241612012 ], [ -13.225154621177738, 8.491024241612012 ], [ -13.22519179809581, 8.491029552600308 ], [ -13.225202420072401, 8.491029552600308 ], [ -13.225223664025586, 8.491029552600308 ], [ -13.225266151931953, 8.491034863588604 ], [ -13.225292706873432, 8.491034863588604 ], [ -13.225319261814912, 8.491040174576899 ], [ -13.225367060709575, 8.491040174576899 ], [ -13.225393615651056, 8.491050796553491 ], [ -13.22542548158083, 8.491061418530084 ], [ -13.225446725534015, 8.491072040506674 ], [ -13.225478591463789, 8.491082662483267 ], [ -13.225499835416974, 8.491093284459858 ], [ -13.225521079370157, 8.491098595448154 ], [ -13.22554232332334, 8.491114528413043 ], [ -13.225574189253116, 8.491135772366226 ], [ -13.225595433206299, 8.491146394342817 ], [ -13.225632610124372, 8.491172949284298 ], [ -13.225648543089259, 8.491188882249185 ], [ -13.225680409019034, 8.491204815214072 ], [ -13.225722896925403, 8.491226059167257 ], [ -13.225733518901993, 8.491241992132144 ], [ -13.225760073843473, 8.49127385806192 ], [ -13.225791939773249, 8.491289791026807 ], [ -13.225813183726432, 8.491305723991696 ], [ -13.225829116691321, 8.491321656956583 ], [ -13.225845049656208, 8.491337589921471 ], [ -13.225866293609391, 8.491369455851245 ], [ -13.225871604597687, 8.491385388816134 ], [ -13.22588222657428, 8.491411943757614 ], [ -13.22589284855087, 8.491443809687389 ], [ -13.225972513375309, 8.491470364628869 ], [ -13.226020312269974, 8.491486297593756 ], [ -13.226084044129523, 8.491512852535235 ], [ -13.226131843024188, 8.491539407476715 ], [ -13.22620619686033, 8.491576584394787 ], [ -13.226248684766697, 8.49159782834797 ], [ -13.226312416626248, 8.491629694277746 ], [ -13.226338971567728, 8.491635005266042 ], [ -13.226386770462391, 8.491661560207522 ], [ -13.226429258368759, 8.491672182184113 ], [ -13.226503612204901, 8.491693426137298 ], [ -13.226535478134677, 8.491714670090481 ], [ -13.226562033076156, 8.491719981078777 ], [ -13.226593899005932, 8.491725292067072 ], [ -13.226604520982523, 8.491730603055368 ], [ -13.226625764935708, 8.49174122503196 ], [ -13.226641697900595, 8.491746536020257 ], [ -13.226657630865482, 8.491751847008551 ], [ -13.226673563830371, 8.491757157996847 ], [ -13.226684185806963, 8.491762468985144 ], [ -13.22670011877185, 8.49176777997344 ], [ -13.226716051736737, 8.49176777997344 ], [ -13.226737295689922, 8.491773090961736 ], [ -13.226747917666513, 8.491778401950031 ], [ -13.226763850631402, 8.491778401950031 ], [ -13.226785094584585, 8.491783712938327 ], [ -13.226801027549472, 8.491783712938327 ], [ -13.226827582490952, 8.491783712938327 ], [ -13.226838204467544, 8.491789023926623 ], [ -13.226854137432431, 8.491789023926623 ], [ -13.226864759409024, 8.491799645903216 ], [ -13.226875381385616, 8.491799645903216 ], [ -13.226891314350503, 8.491799645903216 ], [ -13.22690724731539, 8.49180495689151 ], [ -13.226917869291983, 8.49180495689151 ], [ -13.226928491268575, 8.49180495689151 ], [ -13.226939113245166, 8.49180495689151 ], [ -13.226955046210055, 8.491794334914919 ], [ -13.226970979174942, 8.491794334914919 ], [ -13.226992223128125, 8.491789023926623 ], [ -13.227018778069604, 8.491783712938327 ], [ -13.227034711034493, 8.491783712938327 ], [ -13.22705064399938, 8.491778401950031 ], [ -13.227061265975973, 8.491778401950031 ], [ -13.227082509929156, 8.491773090961736 ], [ -13.227103753882339, 8.491773090961736 ], [ -13.227119686847228, 8.491773090961736 ], [ -13.227135619812115, 8.49176777997344 ], [ -13.227167485741891, 8.49176777997344 ], [ -13.227183418706778, 8.491762468985144 ], [ -13.227204662659963, 8.491762468985144 ], [ -13.22722059562485, 8.491757157996847 ], [ -13.227236528589737, 8.491757157996847 ], [ -13.227247150566329, 8.491757157996847 ], [ -13.227268394519513, 8.491757157996847 ], [ -13.227279016496105, 8.491757157996847 ], [ -13.227289638472696, 8.491757157996847 ], [ -13.227300260449288, 8.491757157996847 ], [ -13.227310882425881, 8.491757157996847 ], [ -13.227326815390768, 8.491757157996847 ], [ -13.227348059343951, 8.491757157996847 ], [ -13.227369303297136, 8.491757157996847 ], [ -13.227379925273727, 8.491757157996847 ], [ -13.227395858238616, 8.491762468985144 ], [ -13.227417102191799, 8.49176777997344 ], [ -13.227438346144982, 8.49176777997344 ], [ -13.227448968121575, 8.49176777997344 ], [ -13.227470212074758, 8.491773090961736 ], [ -13.227480834051349, 8.491778401950031 ], [ -13.227496767016238, 8.491778401950031 ], [ -13.227523321957717, 8.491789023926623 ], [ -13.22753394393431, 8.491799645903216 ], [ -13.227549876899197, 8.491799645903216 ], [ -13.227565809864084, 8.49180495689151 ], [ -13.227587053817269, 8.49180495689151 ], [ -13.227608297770452, 8.49180495689151 ], [ -13.227618919747043, 8.49180495689151 ], [ -13.227634852711931, 8.49180495689151 ], [ -13.227645474688522, 8.49180495689151 ], [ -13.227661407653411, 8.49180495689151 ], [ -13.227677340618298, 8.49180495689151 ], [ -13.227698584571483, 8.49180495689151 ], [ -13.227709206548074, 8.49180495689151 ], [ -13.227719828524666, 8.49180495689151 ], [ -13.227730450501257, 8.49180495689151 ], [ -13.227735761489553, 8.491794334914919 ], [ -13.227751694454442, 8.491789023926623 ], [ -13.229562741463349, 8.489898312093278 ] ] ] ] } },
{ "type": "Feature", "properties": { "fid": 7, "class": 1.0 }, "geometry": { "type": "MultiPolygon", "coordinates": [ [ [ [ -13.274168767251638, 8.488331070385009 ], [ -13.274134466330089, 8.488339645615396 ], [ -13.274091590178156, 8.488339645615396 ], [ -13.274065864486994, 8.488339645615396 ], [ -13.27404871402622, 8.488339645615396 ], [ -13.274031563565448, 8.488339645615396 ], [ -13.274014413104673, 8.488339645615396 ], [ -13.273988687413512, 8.488313919924234 ], [ -13.273971536952738, 8.488305344693847 ], [ -13.273954386491965, 8.48829676946346 ], [ -13.273937236031191, 8.48829676946346 ], [ -13.273920085570417, 8.488279619002686 ], [ -13.273902935109643, 8.488271043772301 ], [ -13.273885784648868, 8.488262468541913 ], [ -13.273868634188096, 8.488253893311526 ], [ -13.273851483727322, 8.488245318081139 ], [ -13.273834333266548, 8.488228167620365 ], [ -13.273817182805773, 8.488211017159591 ], [ -13.273800032344999, 8.488202441929204 ], [ -13.273782881884227, 8.488193866698817 ], [ -13.27377430665384, 8.488176716238044 ], [ -13.273748580962678, 8.488168141007657 ], [ -13.273731430501904, 8.488150990546883 ], [ -13.27371428004113, 8.488142415316496 ], [ -13.273697129580357, 8.488116689625334 ], [ -13.273654253428422, 8.488099539164562 ], [ -13.273645678198035, 8.488073813473401 ], [ -13.273602802046101, 8.488048087782239 ], [ -13.273585651585327, 8.488030937321465 ], [ -13.273534200203004, 8.487988061169531 ], [ -13.273482748820683, 8.487953760247983 ], [ -13.273457023129522, 8.487928034556823 ], [ -13.273431297438362, 8.487893733635275 ], [ -13.273405571747201, 8.487868007944114 ], [ -13.27337984605604, 8.487842282252954 ], [ -13.273328394673719, 8.487799406101018 ], [ -13.273302668982558, 8.487773680409857 ], [ -13.27329409375217, 8.487756529949085 ], [ -13.273276943291396, 8.487730804257923 ], [ -13.273259792830624, 8.487713653797149 ], [ -13.273259792830624, 8.487696503336375 ], [ -13.27324264236985, 8.487679352875601 ], [ -13.27324264236985, 8.487662202414828 ], [ -13.273225491909075, 8.487662202414828 ], [ -13.273216916678688, 8.487645051954054 ], [ -13.273208341448301, 8.48762790149328 ], [ -13.273191190987527, 8.487610751032506 ], [ -13.273182615757142, 8.487593600571731 ], [ -13.273165465296367, 8.487585025341346 ], [ -13.273148314835593, 8.487559299650185 ], [ -13.273139739605206, 8.487542149189411 ], [ -13.273131164374819, 8.487516423498249 ], [ -13.273122589144432, 8.487499273037477 ], [ -13.273105438683658, 8.487482122576703 ], [ -13.273096863453272, 8.487464972115928 ], [ -13.273079712992498, 8.487456396885541 ], [ -13.273062562531724, 8.487439246424767 ], [ -13.27304541207095, 8.487422095963995 ], [ -13.273028261610175, 8.487413520733607 ], [ -13.273019686379788, 8.487396370272833 ], [ -13.273002535919016, 8.487387795042446 ], [ -13.272993960688629, 8.487370644581672 ], [ -13.272985385458242, 8.487353494120898 ], [ -13.272976810227854, 8.487336343660125 ], [ -13.272968234997467, 8.487319193199351 ], [ -13.272951084536693, 8.48729346750819 ], [ -13.272942509306306, 8.487276317047415 ], [ -13.272933934075919, 8.487242016125869 ], [ -13.272925358845534, 8.487224865665095 ], [ -13.272916783615146, 8.48720771520432 ], [ -13.272916783615146, 8.487190564743546 ], [ -13.272916783615146, 8.487173414282772 ], [ -13.272916783615146, 8.487156263822 ], [ -13.272916783615146, 8.487139113361225 ], [ -13.272916783615146, 8.487121962900451 ], [ -13.272908208384759, 8.48709623720929 ], [ -13.272908208384759, 8.487079086748517 ], [ -13.272899633154372, 8.487053361057356 ], [ -13.272891057923985, 8.487019060135808 ], [ -13.272891057923985, 8.486976183983874 ], [ -13.272891057923985, 8.486950458292712 ], [ -13.272891057923985, 8.486933307831938 ], [ -13.272891057923985, 8.486907582140779 ], [ -13.272882482693598, 8.486881856449617 ], [ -13.272882482693598, 8.486864705988843 ], [ -13.272873907463211, 8.486847555528069 ], [ -13.272873907463211, 8.486821829836909 ], [ -13.272865332232824, 8.486804679376135 ], [ -13.272865332232824, 8.486787528915361 ], [ -13.272865332232824, 8.486770378454587 ], [ -13.272865332232824, 8.486753227993812 ], [ -13.272865332232824, 8.48673607753304 ], [ -13.272865332232824, 8.486718927072266 ], [ -13.272865332232824, 8.486701776611492 ], [ -13.272873907463211, 8.486667475689943 ], [ -13.272873907463211, 8.486650325229171 ], [ -13.272899633154372, 8.486616024307622 ], [ -13.272908208384759, 8.486581723386074 ], [ -13.272916783615146, 8.486564572925301 ], [ -13.272925358845534, 8.48653884723414 ], [ -13.272942509306306, 8.486530272003753 ], [ -13.272951084536693, 8.486513121542979 ], [ -13.27295965976708, 8.486495971082205 ], [ -13.272968234997467, 8.486478820621432 ], [ -13.272976810227854, 8.486461670160658 ], [ -13.272985385458242, 8.486444519699884 ], [ -13.272993960688629, 8.486418794008722 ], [ -13.273002535919016, 8.486393068317563 ], [ -13.273028261610175, 8.486358767396014 ], [ -13.273028261610175, 8.48634161693524 ], [ -13.27304541207095, 8.486324466474466 ], [ -13.273053987301337, 8.486307316013693 ], [ -13.273062562531724, 8.486290165552919 ], [ -13.273071137762111, 8.486273015092145 ], [ -13.273088288222885, 8.486264439861758 ], [ -13.273114013914045, 8.486221563709824 ], [ -13.273131164374819, 8.486212988479437 ], [ -13.273148314835593, 8.486187262788276 ], [ -13.273165465296367, 8.486161537097114 ], [ -13.273191190987527, 8.48614438663634 ], [ -13.273199766217914, 8.486118660945181 ], [ -13.273234067139462, 8.486101510484406 ], [ -13.273259792830624, 8.486084360023632 ], [ -13.273276943291396, 8.486067209562858 ], [ -13.273302668982558, 8.486050059102086 ], [ -13.273319819443332, 8.486032908641311 ], [ -13.273328394673719, 8.48600718295015 ], [ -13.27335412036488, 8.48600718295015 ], [ -13.273371270825653, 8.485981457258989 ], [ -13.273388421286427, 8.485972882028602 ], [ -13.273414146977588, 8.485938581107055 ], [ -13.273414146977588, 8.485921430646281 ], [ -13.273439872668749, 8.485904280185506 ], [ -13.273439872668749, 8.485887129724732 ], [ -13.273465598359909, 8.485887129724732 ], [ -13.273465598359909, 8.485861404033573 ], [ -13.273482748820683, 8.485835678342411 ], [ -13.273499899281457, 8.485827103112024 ], [ -13.273525624972619, 8.485792802190478 ], [ -13.273534200203004, 8.485767076499316 ], [ -13.273559925894165, 8.485749926038542 ], [ -13.273585651585327, 8.485724200347381 ], [ -13.273594226815714, 8.485698474656221 ], [ -13.273602802046101, 8.485681324195447 ], [ -13.273619952506873, 8.48567274896506 ], [ -13.273619952506873, 8.485655598504286 ], [ -13.273637102967648, 8.485647023273899 ], [ -13.273654253428422, 8.485629872813126 ], [ -13.273662828658809, 8.485604147121965 ], [ -13.273671403889196, 8.485586996661191 ], [ -13.273679979119583, 8.485569846200416 ], [ -13.27368855434997, 8.485552695739642 ], [ -13.27368855434997, 8.48553554527887 ], [ -13.27368855434997, 8.485509819587708 ], [ -13.27368855434997, 8.485492669126934 ], [ -13.273697129580357, 8.485458368205387 ], [ -13.273697129580357, 8.485432642514226 ], [ -13.273697129580357, 8.485406916823065 ], [ -13.273697129580357, 8.485381191131903 ], [ -13.273705704810743, 8.48533831497997 ], [ -13.273705704810743, 8.485304014058421 ], [ -13.273722855271517, 8.4852525626761 ], [ -13.273722855271517, 8.485235412215326 ], [ -13.273731430501904, 8.48520111129378 ], [ -13.273731430501904, 8.485183960833005 ], [ -13.273731430501904, 8.485158235141844 ], [ -13.273740005732291, 8.485132509450683 ], [ -13.273757156193065, 8.485123934220296 ], [ -13.273757156193065, 8.485106783759523 ], [ -13.27377430665384, 8.485089633298749 ], [ -13.273782881884227, 8.485072482837975 ], [ -13.273800032344999, 8.485063907607588 ], [ -13.273800032344999, 8.485046757146813 ], [ -13.273808607575386, 8.485021031455654 ], [ -13.273817182805773, 8.484986730534105 ], [ -13.27382575803616, 8.484969580073331 ], [ -13.27382575803616, 8.484952429612557 ], [ -13.273834333266548, 8.484935279151784 ], [ -13.273834333266548, 8.484909553460623 ], [ -13.273842908496935, 8.484875252539075 ], [ -13.273842908496935, 8.484858102078302 ], [ -13.273851483727322, 8.484823801156754 ], [ -13.273860058957709, 8.48480665069598 ], [ -13.273877209418481, 8.484780925004818 ], [ -13.273877209418481, 8.484763774544046 ], [ -13.273885784648868, 8.484746624083272 ], [ -13.273885784648868, 8.484729473622497 ], [ -13.273894359879256, 8.484712323161723 ], [ -13.273894359879256, 8.484695172700949 ], [ -13.273902935109643, 8.484678022240177 ], [ -13.273902935109643, 8.484660871779402 ], [ -13.27391151034003, 8.484635146088241 ], [ -13.27391151034003, 8.484617995627467 ], [ -13.273920085570417, 8.484592269936307 ], [ -13.273920085570417, 8.484575119475533 ], [ -13.273928660800804, 8.484540818553985 ], [ -13.273937236031191, 8.484506517632438 ], [ -13.273937236031191, 8.484489367171664 ], [ -13.273945811261578, 8.484472216710889 ], [ -13.273945811261578, 8.484446491019728 ], [ -13.273945811261578, 8.484420765328569 ], [ -13.273962961722351, 8.484377889176633 ], [ -13.273962961722351, 8.484352163485472 ], [ -13.273962961722351, 8.484335013024699 ], [ -13.273988687413512, 8.484283561642377 ], [ -13.274014413104673, 8.484223535029669 ], [ -13.274014413104673, 8.484146357956186 ], [ -13.27402298833506, 8.484120632265025 ], [ -13.274031563565448, 8.484094906573866 ], [ -13.274040138795835, 8.484069180882704 ], [ -13.27404871402622, 8.484034879961156 ], [ -13.27404871402622, 8.484017729500382 ], [ -13.274057289256607, 8.483992003809222 ], [ -13.274065864486994, 8.483966278118061 ], [ -13.274074439717381, 8.483940552426899 ], [ -13.274083014947768, 8.48391482673574 ], [ -13.274083014947768, 8.483880525814191 ], [ -13.274091590178156, 8.483846224892643 ], [ -13.274091590178156, 8.483829074431871 ], [ -13.274100165408543, 8.483777623049548 ], [ -13.27410874063893, 8.483751897358388 ], [ -13.274117315869317, 8.483726171667227 ], [ -13.274117315869317, 8.483709021206453 ], [ -13.274125891099702, 8.483683295515291 ], [ -13.274125891099702, 8.483657569824132 ], [ -13.274134466330089, 8.483614693672196 ], [ -13.274134466330089, 8.48358039275065 ], [ -13.274143041560476, 8.483537516598714 ], [ -13.274143041560476, 8.483511790907553 ], [ -13.274160192021251, 8.483477489986006 ], [ -13.274160192021251, 8.483443189064458 ], [ -13.274168767251638, 8.483426038603683 ], [ -13.274168767251638, 8.483400312912524 ], [ -13.274177342482025, 8.483366011990976 ], [ -13.274177342482025, 8.483340286299814 ], [ -13.274185917712412, 8.483323135839042 ], [ -13.274185917712412, 8.483288834917493 ], [ -13.274194492942799, 8.483263109226332 ], [ -13.274194492942799, 8.483237383535172 ], [ -13.274194492942799, 8.483220233074398 ], [ -13.274194492942799, 8.483194507383237 ], [ -13.274203068173186, 8.483160206461688 ], [ -13.274203068173186, 8.483143056000916 ], [ -13.274203068173186, 8.483117330309755 ], [ -13.274203068173186, 8.48310017984898 ], [ -13.274211643403572, 8.483083029388206 ], [ -13.274211643403572, 8.483057303697047 ], [ -13.274211643403572, 8.483031578005885 ], [ -13.274220218633959, 8.483014427545111 ], [ -13.274220218633959, 8.48298870185395 ], [ -13.274220218633959, 8.482971551393177 ], [ -13.274228793864346, 8.482954400932403 ], [ -13.274228793864346, 8.482937250471629 ], [ -13.274228793864346, 8.482894374319695 ], [ -13.274237369094733, 8.482868648628534 ], [ -13.274237369094733, 8.48285149816776 ], [ -13.274237369094733, 8.482834347706985 ], [ -13.274237369094733, 8.482817197246211 ], [ -13.274237369094733, 8.482800046785439 ], [ -13.27424594432512, 8.482782896324665 ], [ -13.27424594432512, 8.48276574586389 ], [ -13.274254519555507, 8.482748595403116 ], [ -13.274254519555507, 8.482714294481569 ], [ -13.274263094785894, 8.482697144020795 ], [ -13.274271670016281, 8.482679993560021 ], [ -13.274271670016281, 8.482662843099247 ], [ -13.274280245246668, 8.482645692638473 ], [ -13.274297395707441, 8.482637117408087 ], [ -13.274297395707441, 8.482619966947313 ], [ -13.274297395707441, 8.482602816486539 ], [ -13.274314546168215, 8.482594241256152 ], [ -13.274314546168215, 8.482577090795377 ], [ -13.274331696628989, 8.48256851556499 ], [ -13.274357422320151, 8.482551365104218 ], [ -13.274374572780925, 8.482542789873831 ], [ -13.274408873702471, 8.482534214643444 ], [ -13.274434599393633, 8.482525639413057 ], [ -13.274451749854407, 8.482525639413057 ], [ -13.274486050775954, 8.482525639413057 ], [ -13.274503201236728, 8.482525639413057 ], [ -13.274537502158276, 8.482525639413057 ], [ -13.274554652619049, 8.482525639413057 ], [ -13.274571803079823, 8.482525639413057 ], [ -13.274588953540597, 8.482525639413057 ], [ -13.274614679231759, 8.482525639413057 ], [ -13.274640404922918, 8.482534214643444 ], [ -13.274674705844467, 8.482542789873831 ], [ -13.274691856305241, 8.482542789873831 ], [ -13.274709006766015, 8.482551365104218 ], [ -13.274726157226787, 8.482551365104218 ], [ -13.274751882917949, 8.482559940334603 ], [ -13.27477760860911, 8.482559940334603 ], [ -13.274794759069884, 8.482559940334603 ], [ -13.274820484761044, 8.482559940334603 ], [ -13.274854785682592, 8.48256851556499 ], [ -13.274880511373754, 8.482577090795377 ], [ -13.2749148122953, 8.482585666025765 ], [ -13.274957688447236, 8.482594241256152 ], [ -13.274991989368782, 8.482594241256152 ], [ -13.275017715059944, 8.482602816486539 ], [ -13.275043440751105, 8.482611391716926 ], [ -13.275069166442265, 8.482619966947313 ], [ -13.275086316903039, 8.482619966947313 ], [ -13.2751120425942, 8.4826285421777 ], [ -13.275137768285362, 8.4826285421777 ], [ -13.275154918746134, 8.4826285421777 ], [ -13.275172069206908, 8.4826285421777 ], [ -13.27519779489807, 8.4826285421777 ], [ -13.275223520589231, 8.4826285421777 ], [ -13.27524924628039, 8.482619966947313 ], [ -13.275266396741165, 8.482611391716926 ], [ -13.275283547201939, 8.482611391716926 ], [ -13.2753092728931, 8.482602816486539 ], [ -13.27533499858426, 8.482594241256152 ], [ -13.275369299505808, 8.482585666025765 ], [ -13.275386449966582, 8.482577090795377 ], [ -13.275403600427357, 8.48256851556499 ], [ -13.275429326118516, 8.482559940334603 ], [ -13.27544647657929, 8.482542789873831 ], [ -13.27544647657929, 8.482525639413057 ], [ -13.275472202270452, 8.482525639413057 ], [ -13.275497927961611, 8.482517064182669 ], [ -13.275523653652773, 8.482499913721895 ], [ -13.275540804113547, 8.482474188030734 ], [ -13.275566529804708, 8.482457037569961 ], [ -13.275592255495868, 8.482448462339574 ], [ -13.275617981187029, 8.482414161418026 ], [ -13.27564370687819, 8.482397010957252 ], [ -13.275660857338965, 8.482371285266092 ], [ -13.275686583030124, 8.482362710035705 ], [ -13.275703733490898, 8.482345559574931 ], [ -13.27572945918206, 8.482336984344544 ], [ -13.275746609642834, 8.482311258653382 ], [ -13.27578091056438, 8.482311258653382 ], [ -13.275798061025155, 8.482285532962223 ], [ -13.275815211485929, 8.482268382501449 ], [ -13.275832361946701, 8.482259807271062 ], [ -13.275840937177088, 8.4822340815799 ], [ -13.275858087637863, 8.482216931119128 ], [ -13.275883813329024, 8.482199780658354 ], [ -13.275900963789798, 8.482182630197579 ], [ -13.275926689480958, 8.482165479736805 ], [ -13.275935264711345, 8.482148329276031 ], [ -13.275935264711345, 8.482131178815258 ], [ -13.275960990402506, 8.482131178815258 ], [ -13.275960990402506, 8.48209687789371 ], [ -13.275986716093668, 8.482088302663323 ], [ -13.275995291324055, 8.482062576972162 ], [ -13.276012441784827, 8.482054001741774 ], [ -13.276021017015214, 8.482036851281002 ], [ -13.276029592245601, 8.482019700820228 ], [ -13.276046742706376, 8.482019700820228 ], [ -13.276055317936763, 8.482002550359454 ], [ -13.27606389316715, 8.481976824668292 ], [ -13.276072468397537, 8.48195967420752 ], [ -13.276089618858309, 8.48195967420752 ], [ -13.276098194088696, 8.481942523746746 ], [ -13.276106769319084, 8.481925373285971 ], [ -13.276115344549471, 8.481908222825197 ], [ -13.276115344549471, 8.481891072364423 ], [ -13.276123919779858, 8.481873921903651 ], [ -13.276141070240632, 8.481856771442876 ], [ -13.276158220701406, 8.481856771442876 ], [ -13.276175371162179, 8.481848196212489 ], [ -13.276192521622953, 8.481839620982102 ], [ -13.276209672083727, 8.481839620982102 ], [ -13.276226822544501, 8.481839620982102 ], [ -13.276252548235663, 8.481831045751715 ], [ -13.276269698696435, 8.481831045751715 ], [ -13.276286849157209, 8.481831045751715 ], [ -13.276303999617983, 8.481813895290941 ], [ -13.276321150078758, 8.481779594369394 ], [ -13.276329725309145, 8.481745293447846 ], [ -13.276329725309145, 8.481719567756684 ], [ -13.276329725309145, 8.481702417295912 ], [ -13.276329725309145, 8.481676691604751 ], [ -13.276329725309145, 8.481642390683202 ], [ -13.276329725309145, 8.481625240222428 ], [ -13.276329725309145, 8.481608089761655 ], [ -13.276329725309145, 8.481590939300881 ], [ -13.276329725309145, 8.481573788840107 ], [ -13.276329725309145, 8.481548063148946 ], [ -13.276329725309145, 8.481530912688173 ], [ -13.276329725309145, 8.481513762227399 ], [ -13.276329725309145, 8.481496611766625 ], [ -13.276346875769917, 8.481479461305851 ], [ -13.276364026230691, 8.481470886075464 ], [ -13.276381176691466, 8.481462310845076 ], [ -13.276406902382627, 8.481453735614689 ], [ -13.276424052843401, 8.481445160384304 ], [ -13.276441203304174, 8.481436585153917 ], [ -13.276458353764948, 8.48142800992353 ], [ -13.276475504225722, 8.48142800992353 ], [ -13.276492654686496, 8.481419434693143 ], [ -13.276518380377656, 8.481410859462756 ], [ -13.27653553083843, 8.481402284232368 ], [ -13.276552681299204, 8.481402284232368 ], [ -13.276569831759979, 8.481402284232368 ], [ -13.276586982220753, 8.481402284232368 ], [ -13.276612707911912, 8.481402284232368 ], [ -13.276638433603074, 8.481402284232368 ], [ -13.276655584063848, 8.481402284232368 ], [ -13.276672734524622, 8.481402284232368 ], [ -13.276689884985394, 8.481402284232368 ], [ -13.276707035446169, 8.481402284232368 ], [ -13.276724185906943, 8.481402284232368 ], [ -13.276784212519651, 8.481402284232368 ], [ -13.276801362980425, 8.481393709001981 ], [ -13.276861389593133, 8.481393709001981 ], [ -13.27692999143623, 8.48136798331082 ], [ -13.276981442818551, 8.481359408080435 ], [ -13.276998593279325, 8.481359408080435 ], [ -13.277032894200872, 8.481350832850048 ], [ -13.277058619892033, 8.481350832850048 ], [ -13.277092920813582, 8.481350832850048 ], [ -13.277127221735128, 8.48134225761966 ], [ -13.277144372195902, 8.48134225761966 ], [ -13.277161522656677, 8.48134225761966 ], [ -13.277195823578225, 8.481333682389273 ], [ -13.277238699730159, 8.481333682389273 ], [ -13.277298726342867, 8.481333682389273 ], [ -13.277315876803641, 8.481333682389273 ], [ -13.277341602494802, 8.481333682389273 ], [ -13.277367328185964, 8.481333682389273 ], [ -13.27740162910751, 8.481333682389273 ], [ -13.277435930029059, 8.481325107158886 ], [ -13.277453080489833, 8.481325107158886 ], [ -13.277478806180993, 8.481325107158886 ], [ -13.277495956641767, 8.481316531928499 ], [ -13.277513107102541, 8.481316531928499 ], [ -13.277530257563315, 8.481316531928499 ], [ -13.277573133715249, 8.481316531928499 ], [ -13.277607434636797, 8.481325107158886 ], [ -13.277650310788731, 8.481333682389273 ], [ -13.277667461249505, 8.481333682389273 ], [ -13.27768461171028, 8.48134225761966 ], [ -13.277701762171054, 8.48134225761966 ], [ -13.277718912631826, 8.481350832850048 ], [ -13.277718912631826, 8.48136798331082 ], [ -13.2777360630926, 8.48136798331082 ], [ -13.277753213553375, 8.48136798331082 ], [ -13.277761788783762, 8.481385133771594 ], [ -13.277778939244536, 8.481402284232368 ], [ -13.277778939244536, 8.481419434693143 ], [ -13.277787514474923, 8.481436585153917 ], [ -13.277787514474923, 8.481453735614689 ], [ -13.277796089705308, 8.481488036536238 ], [ -13.277796089705308, 8.481505186997012 ], [ -13.277804664935696, 8.481539487918559 ], [ -13.277813240166083, 8.481556638379333 ], [ -13.277813240166083, 8.481599514531268 ], [ -13.277813240166083, 8.481659541143976 ], [ -13.277813240166083, 8.481719567756684 ], [ -13.277813240166083, 8.48176244390862 ], [ -13.277813240166083, 8.481813895290941 ], [ -13.277804664935696, 8.481873921903651 ], [ -13.277796089705308, 8.481891072364423 ], [ -13.277787514474923, 8.481916798055584 ], [ -13.277778939244536, 8.481933948516359 ], [ -13.277770364014149, 8.481951098977133 ], [ -13.277761788783762, 8.481976824668292 ], [ -13.277727487862213, 8.481993975129066 ], [ -13.277727487862213, 8.482019700820228 ], [ -13.277710337401439, 8.482036851281002 ], [ -13.277710337401439, 8.482054001741774 ], [ -13.277701762171054, 8.482071152202549 ], [ -13.277693186940667, 8.482088302663323 ], [ -13.27768461171028, 8.482105453124097 ], [ -13.277676036479892, 8.482122603584871 ], [ -13.277650310788731, 8.482156904506418 ], [ -13.277633160327957, 8.482182630197579 ], [ -13.277616009867184, 8.482216931119128 ], [ -13.277616009867184, 8.482242656810287 ], [ -13.277581708945636, 8.482276957731836 ], [ -13.277581708945636, 8.482302683422997 ], [ -13.277573133715249, 8.482328409114157 ], [ -13.277555983254475, 8.482362710035705 ], [ -13.277530257563315, 8.482379860496479 ], [ -13.277530257563315, 8.482405586187639 ], [ -13.277521682332928, 8.4824313118788 ], [ -13.277513107102541, 8.482448462339574 ], [ -13.277495956641767, 8.482465612800349 ], [ -13.27748738141138, 8.482482763261121 ], [ -13.277461655720218, 8.482508488952282 ], [ -13.277461655720218, 8.482525639413057 ], [ -13.277444505259446, 8.482525639413057 ], [ -13.277435930029059, 8.482559940334603 ], [ -13.27740162910751, 8.482585666025765 ], [ -13.27740162910751, 8.482602816486539 ], [ -13.277375903416349, 8.4826285421777 ], [ -13.277350177725189, 8.482662843099247 ], [ -13.277350177725189, 8.482679993560021 ], [ -13.277324452034028, 8.482697144020795 ], [ -13.277307301573254, 8.482731444942342 ], [ -13.27729015111248, 8.482748595403116 ], [ -13.27729015111248, 8.48276574586389 ], [ -13.27726442542132, 8.482791471555052 ], [ -13.27726442542132, 8.482817197246211 ], [ -13.277255850190933, 8.48285149816776 ], [ -13.277247274960546, 8.482868648628534 ], [ -13.277221549269385, 8.482902949550081 ], [ -13.27720439880861, 8.482945825702016 ], [ -13.277187248347838, 8.48296297616279 ], [ -13.277161522656677, 8.482997277084337 ], [ -13.277144372195902, 8.483023002775498 ], [ -13.277144372195902, 8.483040153236272 ], [ -13.277118646504741, 8.483065878927434 ], [ -13.277092920813582, 8.483091604618593 ], [ -13.277092920813582, 8.483108755079368 ], [ -13.27706719512242, 8.483143056000916 ], [ -13.277050044661646, 8.483160206461688 ], [ -13.277041469431259, 8.48318593215285 ], [ -13.277015743740099, 8.483194507383237 ], [ -13.276990018048938, 8.483228808304785 ], [ -13.276964292357777, 8.483254533995945 ], [ -13.27692999143623, 8.483305985378268 ], [ -13.276904265745069, 8.483348861530201 ], [ -13.276878540053907, 8.483366011990976 ], [ -13.276852814362748, 8.483391737682137 ], [ -13.276818513441199, 8.483434613834071 ], [ -13.276792787750038, 8.483460339525232 ], [ -13.276767062058878, 8.483486065216393 ], [ -13.276749911598104, 8.48349464044678 ], [ -13.276724185906943, 8.483511790907553 ], [ -13.276689884985394, 8.483537516598714 ], [ -13.276664159294235, 8.483546091829101 ], [ -13.276647008833461, 8.483554667059488 ], [ -13.276638433603074, 8.483571817520263 ], [ -13.276612707911912, 8.483588967981035 ], [ -13.276604132681525, 8.483606118441809 ], [ -13.276586982220753, 8.483623268902583 ], [ -13.276561256529591, 8.483648994593745 ], [ -13.27653553083843, 8.483666145054519 ], [ -13.276518380377656, 8.483691870745679 ], [ -13.276501229916883, 8.483709021206453 ], [ -13.276466928995335, 8.483734746897614 ], [ -13.276449778534561, 8.483751897358388 ], [ -13.276415477613014, 8.483760472588774 ], [ -13.276381176691466, 8.483777623049548 ], [ -13.276355451000304, 8.483786198279935 ], [ -13.276329725309145, 8.483794773510322 ], [ -13.276303999617983, 8.483794773510322 ], [ -13.276286849157209, 8.483794773510322 ], [ -13.276261123466048, 8.483794773510322 ], [ -13.276243973005275, 8.483794773510322 ], [ -13.276226822544501, 8.483794773510322 ], [ -13.276209672083727, 8.483794773510322 ], [ -13.276183946392566, 8.483786198279935 ], [ -13.276166795931793, 8.483769047819161 ], [ -13.276149645471019, 8.483760472588774 ], [ -13.276132495010245, 8.483760472588774 ], [ -13.276115344549471, 8.483751897358388 ], [ -13.276098194088696, 8.483751897358388 ], [ -13.276081043627924, 8.483743322128001 ], [ -13.27606389316715, 8.483743322128001 ], [ -13.276055317936763, 8.483726171667227 ], [ -13.276038167475988, 8.48371759643684 ], [ -13.276021017015214, 8.48371759643684 ], [ -13.27600386655444, 8.483709021206453 ], [ -13.275986716093668, 8.483709021206453 ], [ -13.275969565632893, 8.483709021206453 ], [ -13.275952415172119, 8.483700445976066 ], [ -13.275935264711345, 8.483691870745679 ], [ -13.275918114250571, 8.483691870745679 ], [ -13.275900963789798, 8.483691870745679 ], [ -13.275883813329024, 8.483683295515291 ], [ -13.27586666286825, 8.483674720284904 ], [ -13.275840937177088, 8.483674720284904 ], [ -13.275823786716316, 8.483674720284904 ], [ -13.275806636255542, 8.483674720284904 ], [ -13.275789485794768, 8.483674720284904 ], [ -13.27578091056438, 8.483691870745679 ], [ -13.275772335333993, 8.483709021206453 ], [ -13.275772335333993, 8.483726171667227 ], [ -13.275772335333993, 8.483751897358388 ], [ -13.275763760103606, 8.483769047819161 ], [ -13.275755184873219, 8.483786198279935 ], [ -13.275746609642834, 8.483811923971096 ], [ -13.275746609642834, 8.483846224892643 ], [ -13.275746609642834, 8.483871950583804 ], [ -13.275746609642834, 8.483897676274966 ], [ -13.27572945918206, 8.483897676274966 ], [ -13.27572945918206, 8.48391482673574 ], [ -13.27572945918206, 8.483940552426899 ], [ -13.275720883951672, 8.483957702887674 ], [ -13.275720883951672, 8.483974853348448 ], [ -13.275720883951672, 8.484000579039609 ], [ -13.275712308721285, 8.484017729500382 ], [ -13.275712308721285, 8.484034879961156 ], [ -13.275703733490898, 8.484112057034638 ], [ -13.275695158260511, 8.484172083647348 ], [ -13.275686583030124, 8.484232110260056 ], [ -13.275678007799737, 8.484292136872764 ], [ -13.27566943256935, 8.484369313946246 ], [ -13.27566943256935, 8.484403614867794 ], [ -13.275652282108577, 8.484455066250115 ], [ -13.27564370687819, 8.484532243323597 ], [ -13.275635131647803, 8.484592269936307 ], [ -13.275617981187029, 8.484652296549015 ], [ -13.275592255495868, 8.484712323161723 ], [ -13.275592255495868, 8.484755199313659 ], [ -13.275583680265481, 8.48480665069598 ], [ -13.275575105035095, 8.484840951617528 ], [ -13.275557954574321, 8.484900978230236 ], [ -13.275540804113547, 8.484935279151784 ], [ -13.27553222888316, 8.484969580073331 ], [ -13.275523653652773, 8.48500388099488 ], [ -13.275515078422385, 8.485038181916426 ], [ -13.275506503191998, 8.485072482837975 ], [ -13.275489352731226, 8.485089633298749 ], [ -13.275472202270452, 8.48511535898991 ], [ -13.275472202270452, 8.48514108468107 ], [ -13.275472202270452, 8.485175385602618 ], [ -13.275463627040065, 8.485192536063392 ], [ -13.275463627040065, 8.485209686524165 ], [ -13.275463627040065, 8.485235412215326 ], [ -13.275455051809677, 8.4852525626761 ], [ -13.27544647657929, 8.485269713136875 ], [ -13.27544647657929, 8.485295438828034 ], [ -13.275437901348903, 8.485321164519195 ], [ -13.275429326118516, 8.48533831497997 ], [ -13.275412175657742, 8.485355465440744 ], [ -13.275403600427357, 8.485372615901518 ], [ -13.275403600427357, 8.485389766362291 ], [ -13.275395025196969, 8.485415492053452 ], [ -13.275377874736195, 8.485441217744613 ], [ -13.275369299505808, 8.485466943435773 ], [ -13.275352149045034, 8.485484093896547 ], [ -13.275343573814647, 8.485509819587708 ], [ -13.27533499858426, 8.485526970048483 ], [ -13.275326423353873, 8.485544120509257 ], [ -13.275300697662713, 8.485569846200416 ], [ -13.275266396741165, 8.485595571891578 ], [ -13.275257821510777, 8.485612722352352 ], [ -13.275232095819618, 8.485638448043511 ], [ -13.275223520589231, 8.485664173734673 ], [ -13.275206370128457, 8.485681324195447 ], [ -13.275206370128457, 8.485707049886608 ], [ -13.275189219667682, 8.485724200347381 ], [ -13.275180644437295, 8.485749926038542 ], [ -13.275163493976521, 8.485749926038542 ], [ -13.275163493976521, 8.485775651729703 ], [ -13.275154918746134, 8.485792802190478 ], [ -13.2751120425942, 8.485818527881637 ], [ -13.2751120425942, 8.485844253572798 ], [ -13.275103467363813, 8.485861404033573 ], [ -13.275086316903039, 8.48586997926396 ], [ -13.275077741672652, 8.485895704955119 ], [ -13.275069166442265, 8.485912855415894 ], [ -13.275052015981492, 8.485912855415894 ], [ -13.275034865520718, 8.485930005876668 ], [ -13.275026290290331, 8.485955731567829 ], [ -13.275009139829557, 8.485972882028602 ], [ -13.274983414138395, 8.485990032489376 ], [ -13.27497483890801, 8.486015758180537 ], [ -13.274957688447236, 8.486032908641311 ], [ -13.274949113216849, 8.486050059102086 ], [ -13.274931962756074, 8.486067209562858 ], [ -13.2749148122953, 8.486092935254019 ], [ -13.274897661834526, 8.486118660945181 ], [ -13.274897661834526, 8.486135811405955 ], [ -13.274863360912979, 8.486170112327502 ], [ -13.274837635221818, 8.486195838018663 ], [ -13.274829059991431, 8.486212988479437 ], [ -13.274811909530657, 8.486238714170597 ], [ -13.274794759069884, 8.486247289400984 ], [ -13.274794759069884, 8.486273015092145 ], [ -13.274769033378723, 8.486290165552919 ], [ -13.274769033378723, 8.486307316013693 ], [ -13.274751882917949, 8.48634161693524 ], [ -13.274734732457175, 8.48634161693524 ], [ -13.274734732457175, 8.486358767396014 ], [ -13.274717581996402, 8.486367342626401 ], [ -13.274700431535628, 8.486401643547948 ], [ -13.274683281074854, 8.486410218778335 ], [ -13.274674705844467, 8.486427369239109 ], [ -13.274657555383692, 8.486435944469497 ], [ -13.274640404922918, 8.486444519699884 ], [ -13.274631829692533, 8.486461670160658 ], [ -13.274614679231759, 8.486470245391045 ], [ -13.274606104001371, 8.486487395851817 ], [ -13.274571803079823, 8.486504546312592 ], [ -13.274554652619049, 8.486513121542979 ], [ -13.274546077388663, 8.48653884723414 ], [ -13.274528926927889, 8.48653884723414 ], [ -13.274511776467115, 8.486555997694914 ], [ -13.274494626006341, 8.486564572925301 ], [ -13.274477475545567, 8.486573148155687 ], [ -13.274451749854407, 8.486581723386074 ], [ -13.274434599393633, 8.486598873846848 ], [ -13.274417448932859, 8.486616024307622 ], [ -13.274400298472084, 8.486624599538009 ], [ -13.274391723241697, 8.486641749998784 ], [ -13.274374572780925, 8.486650325229171 ], [ -13.274365997550538, 8.486667475689943 ], [ -13.274340271859376, 8.48667605092033 ], [ -13.274340271859376, 8.486693201381105 ], [ -13.274331696628989, 8.486710351841879 ], [ -13.274323121398602, 8.486727502302653 ], [ -13.274305970937828, 8.48673607753304 ], [ -13.274297395707441, 8.486753227993812 ], [ -13.274288820477055, 8.486770378454587 ], [ -13.274280245246668, 8.486787528915361 ], [ -13.274271670016281, 8.486804679376135 ], [ -13.274254519555507, 8.486813254606522 ], [ -13.274168767251638, 8.488331070385009 ] ] ] ] } },
{ "type": "Feature", "properties": { "fid": 8, "class": -1.0 }, "geometry": { "type": "MultiPolygon", "coordinates": [ [ [ [ -13.290469807596386, 8.490133361466235 ], [ -13.28839672107422, 8.486617714050523 ], [ -13.287587711699716, 8.486857759279294 ], [ -13.287446135059179, 8.488067985022106 ], [ -13.28924618091745, 8.491238558340328 ], [ -13.290469807596386, 8.490133361466235 ] ] ] ] } },
{ "type": "Feature", "properties": { "fid": 9, "class": -1.0 }, "geometry": { "type": "MultiPolygon", "coordinates": [ [ [ [ -13.238117420487324, 8.488432427254104 ], [ -13.236549964824219, 8.486292027445517 ], [ -13.235265662442188, 8.487792308935816 ], [ -13.232211652053431, 8.489822680550176 ], [ -13.233556630138546, 8.491723018636442 ], [ -13.238117420487324, 8.488432427254104 ] ] ] ] } },
{ "type": "Feature", "properties": { "fid": 10, "class": -1.0 }, "geometry": { "type": "MultiPolygon", "coordinates": [ [ [ [ -13.233503538898345, 8.484821745898147 ], [ -13.234545138468022, 8.481681125646851 ], [ -13.233372074874989, 8.479410661260113 ], [ -13.232219236516315, 8.478940563433312 ], [ -13.230995609837379, 8.48073093293233 ], [ -13.231147299095099, 8.484271639110334 ], [ -13.233503538898345, 8.484821745898147 ] ] ] ] } },
{ "type": "Feature", "properties": { "fid": 11, "class": -1.0 }, "geometry": { "type": "MultiPolygon", "coordinates": [ [ [ [ -13.264991700646656, 8.480624661232637 ], [ -13.263666947795906, 8.47979449070823 ], [ -13.261962971800854, 8.479234374642441 ], [ -13.260430910297885, 8.479829497935233 ], [ -13.258901376949217, 8.480139561806658 ], [ -13.258785081851629, 8.481004738705531 ], [ -13.259002503121028, 8.482840107526663 ], [ -13.259831737729895, 8.482680075716791 ], [ -13.260458719995135, 8.482269993899726 ], [ -13.261763247611526, 8.481879915667522 ], [ -13.262814959798382, 8.481649869344929 ], [ -13.263158788782546, 8.481679875394816 ], [ -13.264463316398938, 8.481219782372349 ], [ -13.265343114093708, 8.480869711225319 ], [ -13.264991700646656, 8.480624661232637 ] ] ] ] } },
{ "type": "Feature", "properties": { "fid": 12, "class": -1.0 }, "geometry": { "type": "MultiPolygon", "coordinates": [ [ [ [ -13.271286804842031, 8.479069340288794 ], [ -13.269330013417447, 8.478269172720907 ], [ -13.268814269941197, 8.480224579276085 ], [ -13.270017671385776, 8.480669670426682 ], [ -13.271286804842031, 8.479069340288794 ] ] ] ] } },
{ "type": "Feature", "properties": { "fid": 13, "class": -1.0 }, "geometry": { "type": "MultiPolygon", "coordinates": [ [ [ [ -13.249557318673679, 8.475778015369995 ], [ -13.248470212326691, 8.474432721175106 ], [ -13.246993770218218, 8.475833027300096 ], [ -13.248192115354202, 8.477183317662073 ], [ -13.249557318673679, 8.475778015369995 ] ] ] ] } },
{ "type": "Feature", "properties": { "fid": 14, "class": -1.0 }, "geometry": { "type": "MultiPolygon", "coordinates": [ [ [ [ -13.251048929707913, 8.491677385628185 ], [ -13.250935162764623, 8.491037272721318 ], [ -13.248687633596077, 8.491017269175774 ], [ -13.248250262902983, 8.491027270948679 ], [ -13.247802779592709, 8.491397336362805 ], [ -13.248169361965534, 8.491674885189214 ], [ -13.248439874475133, 8.492134965684524 ], [ -13.251048929707913, 8.491677385628185 ] ] ] ] } },
{ "type": "Feature", "properties": { "fid": 15, "class": 1.0 }, "geometry": { "type": "MultiPolygon", "coordinates": [ [ [ [ -13.250694988106568, 8.491932430317055 ], [ -13.249951710743737, 8.492074955216417 ], [ -13.250035139835484, 8.492542536532095 ], [ -13.250596390089047, 8.492630051688302 ], [ -13.250707628878043, 8.492555038698491 ], [ -13.250563524083207, 8.492452520922024 ], [ -13.250732910420995, 8.492309996162897 ], [ -13.250783473506905, 8.49203994910569 ], [ -13.250694988106568, 8.491932430317055 ] ] ] ] } },
{ "type": "Feature", "properties": { "fid": 16, "class": 1.0 }, "geometry": { "type": "MultiPolygon", "coordinates": [ [ [ [ -13.249494114816285, 8.492665057745205 ], [ -13.249410685724538, 8.492127464376527 ], [ -13.248581451115671, 8.492262487898088 ], [ -13.248702802521846, 8.492712565960167 ], [ -13.2488367946995, 8.492830086256124 ], [ -13.249494114816285, 8.492665057745205 ] ] ] ] } },
{ "type": "Feature", "properties": { "fid": 17, "class": -1.0 }, "geometry": { "type": "MultiPolygon", "coordinates": [ [ [ [ -13.290057086407687, 8.498961095167171 ], [ -13.289349203204992, 8.498305992040185 ], [ -13.288211533772099, 8.498676050432673 ], [ -13.287169934202423, 8.498451014966282 ], [ -13.286482276234093, 8.497590878188769 ], [ -13.285865406586034, 8.497900927714676 ], [ -13.286406431605229, 8.49898609908114 ], [ -13.287316567151549, 8.499426167700106 ], [ -13.288080069748737, 8.499521182449264 ], [ -13.290057086407687, 8.498961095167171 ] ] ] ] } },
{ "type": "Feature", "properties": { "fid": 18, "class": -1.0 }, "geometry": { "type": "MultiPolygon", "coordinates": [ [ [ [ -13.289303696427677, 8.49639068411237 ], [ -13.287898042639474, 8.495800587314212 ], [ -13.287018244944699, 8.496660728107031 ], [ -13.287058695413426, 8.497620882992557 ], [ -13.287695790295849, 8.497970938863254 ], [ -13.288514912287534, 8.497950935679247 ], [ -13.289354259513582, 8.497490862159196 ], [ -13.289303696427677, 8.49639068411237 ] ] ] ] } },
{ "type": "Feature", "properties": { "fid": 19, "class": 1.0 }, "geometry": { "type": "MultiPolygon", "coordinates": [ [ [ [ -13.290368049386007, 8.497069544348246 ], [ -13.289981241778822, 8.496974528991606 ], [ -13.289963544698756, 8.497200815525925 ], [ -13.290060878639126, 8.497198315122965 ], [ -13.290036861173322, 8.497398347308621 ], [ -13.289921830152883, 8.497524617572097 ], [ -13.290290940680004, 8.497677141993329 ], [ -13.290381954234634, 8.497397097107784 ], [ -13.290325070762988, 8.497323335251224 ], [ -13.290368049386007, 8.497069544348246 ] ] ] ] } },
{ "type": "Feature", "properties": { "fid": 20, "class": -1.0 }, "geometry": { "type": "MultiPolygon", "coordinates": [ [ [ [ -13.269271865868674, 8.487126559747963 ], [ -13.2670925968661, 8.48717656911673 ], [ -13.267001583311469, 8.486226389996462 ], [ -13.267239229815228, 8.485296212369759 ], [ -13.268766235009608, 8.485816311965605 ], [ -13.269271865868674, 8.487126559747963 ] ] ] ] } },
{ "type": "Feature", "properties": { "fid": 21, "class": -1.0 }, "geometry": { "type": "MultiPolygon", "coordinates": [ [ [ [ -13.24281346709091, 8.479600075514494 ], [ -13.240760605803102, 8.478869923683574 ], [ -13.239415627717985, 8.479645084828546 ], [ -13.240366213733029, 8.482170599003155 ], [ -13.24281346709091, 8.479600075514494 ] ] ] ] } },
{ "type": "Feature", "properties": { "fid": 22, "class": -1.0 }, "geometry": { "type": "MultiPolygon", "coordinates": [ [ [ [ -13.208271294953834, 8.489547005723965 ], [ -13.204873455580911, 8.489426983969061 ], [ -13.204888624506685, 8.490052096864579 ], [ -13.206435854935425, 8.49018712111631 ], [ -13.20779094563772, 8.491137290433395 ], [ -13.208271294953834, 8.489547005723965 ] ] ] ] } },
{ "type": "Feature", "properties": { "fid": 23, "class": -1.0 }, "geometry": { "type": "MultiPolygon", "coordinates": [ [ [ [ -13.204668675082994, 8.488526819611128 ], [ -13.203905172485806, 8.488451805819354 ], [ -13.203308528072107, 8.488976902053944 ], [ -13.203020318482443, 8.489532003006655 ], [ -13.203500667798554, 8.490322145320542 ], [ -13.204668675082994, 8.489897068961417 ], [ -13.204764744946219, 8.489832057241459 ], [ -13.204668675082994, 8.488526819611128 ] ] ] ] } },
{ "type": "Feature", "properties": { "fid": 24, "class": -1.0 }, "geometry": { "type": "MultiPolygon", "coordinates": [ [ [ [ -13.21049354257943, 8.489156934883315 ], [ -13.209649139044791, 8.489617018396995 ], [ -13.208981706310821, 8.489587012967258 ], [ -13.208400230822896, 8.489176938525812 ], [ -13.208501356994708, 8.488361789249879 ], [ -13.208395174514306, 8.487891702377487 ], [ -13.20897665000223, 8.487131560685143 ], [ -13.209517675021434, 8.486111368153951 ], [ -13.2098615040056, 8.486241392842951 ], [ -13.2098615040056, 8.487681663376122 ], [ -13.210124432052314, 8.488491813176784 ], [ -13.21049354257943, 8.489156934883315 ] ] ] ] } },
{ "type": "Feature", "properties": { "fid": 25, "class": 1.0 }, "geometry": { "type": "MultiPolygon", "coordinates": [ [ [ [ -13.25198184300722, 8.476721770533182 ], [ -13.251624117773597, 8.476649192601446 ], [ -13.251193013004873, 8.475560521981349 ], [ -13.250706873584818, 8.47532464294069 ], [ -13.250129009745885, 8.475333715214164 ], [ -13.249890526256802, 8.47544258247911 ], [ -13.249918043582467, 8.475233920194217 ], [ -13.250330803467415, 8.474825667570189 ], [ -13.249890526256802, 8.474580715787724 ], [ -13.249780456954145, 8.474136173265446 ], [ -13.249679560093382, 8.473800497959131 ], [ -13.249697904977156, 8.473310592932179 ], [ -13.249918043582467, 8.472820687281184 ], [ -13.249973078233792, 8.472421504437522 ], [ -13.25018404439721, 8.472013248827995 ], [ -13.250514252305173, 8.47166849930918 ], [ -13.250881149980685, 8.471441690246724 ], [ -13.25111046102788, 8.471568703338177 ], [ -13.251082943702215, 8.472076755284602 ], [ -13.250954529515786, 8.472593878898106 ], [ -13.250651838933491, 8.473228942033685 ], [ -13.250486734979509, 8.473682557917085 ], [ -13.250697701142929, 8.474235968570284 ], [ -13.251037081492779, 8.474617004950522 ], [ -13.251413151610178, 8.475161341981625 ], [ -13.251688324866812, 8.475542377444897 ], [ -13.25164731417496, 8.475679140925433 ], [ -13.251491482038331, 8.475791565303657 ], [ -13.251570314766269, 8.476108892000322 ], [ -13.251755480010972, 8.476159664247481 ], [ -13.251724313583647, 8.476235822605656 ], [ -13.251916812105366, 8.476197743428456 ], [ -13.252025894601006, 8.476492403629893 ], [ -13.25198184300722, 8.476721770533182 ] ] ] ] } },
{ "type": "Feature", "properties": { "fid": 26, "class": 1.0 }, "geometry": { "type": "MultiPolygon", "coordinates": [ [ [ [ -13.260550829134255, 8.488126314461438 ], [ -13.260283164523104, 8.487589595655082 ], [ -13.2601181657902, 8.487226947388207 ], [ -13.259967833611334, 8.486925949066576 ], [ -13.25965250269957, 8.48691506960475 ], [ -13.259421504473508, 8.486929575553781 ], [ -13.259348171703326, 8.487208814965873 ], [ -13.259329838510784, 8.487411898047116 ], [ -13.259593836483425, 8.487629486943527 ], [ -13.259835834625017, 8.487825316844869 ], [ -13.259898167479667, 8.487999387784429 ], [ -13.260026499827479, 8.48818796454656 ], [ -13.260305164354159, 8.488100929129391 ], [ -13.260550829134255, 8.488126314461438 ] ] ] ] } },
{ "type": "Feature", "properties": { "fid": 27, "class": 1.0 }, "geometry": { "type": "MultiPolygon", "coordinates": [ [ [ [ -13.225051351750459, 8.479079963821611 ], [ -13.225836012391369, 8.480458054641943 ], [ -13.225425348878369, 8.481778115951245 ], [ -13.224956019149227, 8.483061907489736 ], [ -13.224560022190262, 8.483888754005816 ], [ -13.223936693643745, 8.484207887272817 ], [ -13.223614029454961, 8.484468996112231 ], [ -13.223181366110907, 8.483925019163147 ], [ -13.223628696008996, 8.483569620473672 ], [ -13.223760694995315, 8.482735520217155 ], [ -13.224010026413925, 8.482068238708012 ], [ -13.224061359353049, 8.481458980665765 ], [ -13.224464689589029, 8.480537838695994 ], [ -13.225051351750459, 8.479079963821611 ] ] ] ] } }
]
}
