{"type":"FeatureCollection","name":"kyc_cleaned_settlements","crs":{"type":"name","properties":{"name":"urn:ogc:def:crs:OGC:1.3:CRS84"}},"features":[{"type":"Feature","properties":{"Id":85,"Country":"Kenya","City":"Nairobi","Settlement":"Commercial","Date_updat":"25.05.2016","kyc_pop":5782.0,"kyc_area_a":"2","kyc_struct":255.0,"kyc_year":2016},"geometry":{"type":"Polygon","coordinates":[[[36.8378808852,-1.3076805432],[36.8378326213,-1.3076185161],[36.8391619322,-1.3064542333],[36.84042721000001,-1.3062795193],[36.8403809496,-1.3063314216],[36.8403003874,-1.3064428297],[36.8402272362,-1.3065305753],[36.8400763229,-1.3066708656],[36.83992935250001,-1.3068110716],[36.8396888077,-1.3069962256],[36.8394329605,-1.3072012407],[36.8391763642,-1.3073590567],[36.8390166805,-1.3074443925],[36.8388097949,-1.3075266339],[36.8385707088,-1.3075662144],[36.8385392722,-1.3075667684],[36.83825730500001,-1.3076267537],[36.8379240426,-1.3076758533],[36.8378808852,-1.3076805432]]]}},{"type":"Feature","properties":{"Id":108,"Country":"Kenya","City":"Nairobi","Settlement":"Kaberera Village","Date_updat":"25.05.2016","kyc_pop":2465.0,"kyc_area_a":"3","kyc_struct":219.0,"kyc_year":2016},"geometry":{"type":"Polygon","coordinates":[[[36.8354702313,-1.3061646864],[36.83574475450001,-1.3060290841],[36.8358680349,-1.3062831837],[36.8360393942,-1.3065174958],[36.8363028691,-1.3068658262],[36.8363938661,-1.3068253525],[36.8364888645,-1.3070182518],[36.8364189354,-1.3070618905],[36.83648811430001,-1.3071847346],[36.83666771280001,-1.3075402726],[36.8367601044,-1.3077522625],[36.83675761840001,-1.30781282],[36.8367044423,-1.3078171593],[36.8366545846,-1.3078072109],[36.8364799631,-1.3077564193],[36.8363265563,-1.3076765866],[36.8361733584,-1.3075862864],[36.8360652414,-1.3074283253],[36.8359753621,-1.3072987397],[36.835894009,-1.3070599972],[36.8358737525,-1.3069086466],[36.8358352321,-1.3067188419],[36.8357784308,-1.306543219],[36.8356889528,-1.3063850621],[36.83557541580001,-1.3062799563],[36.8354702313,-1.3061646864]]]}},{"type":"Feature","properties":{"Id":86,"Country":"Kenya","City":"Nairobi","Settlement":"Crescent","Date_updat":"25.05.2016","kyc_pop":31003.0,"kyc_area_a":"3","kyc_struct":388.0,"kyc_year":2016},"geometry":{"type":"Polygon","coordinates":[[[36.85022326308581,-1.313397586694879],[36.849799112947345,-1.3133988233910754],[36.84978506745408,-1.3131435203155204],[36.849780131875704,-1.3129070386849475],[36.84978606496044,-1.3127659294184186],[36.84976140260758,-1.3125919555932377],[36.84972737017823,-1.3124581687583934],[36.8497036359724,-1.3122866291386779],[36.84968544999607,-1.3121140671162508],[36.84967110626585,-1.3119757528844087],[36.84977657188959,-1.3116455140411312],[36.85028197323153,-1.3120355308170077],[36.85004699097657,-1.3122961722144306],[36.850551132430446,-1.3127467600750147],[36.85119152358127,-1.3132843662910765],[36.85163911864407,-1.3144162093136529],[36.85264444091913,-1.315096735161442],[36.85354387717935,-1.315367398850776],[36.853586707477454,-1.3157606047820372],[36.853173381066526,-1.3157222831281936],[36.852179522900045,-1.315191297799965],[36.85131503140001,-1.3146069376999745],[36.85115457290003,-1.3142590476999778],[36.85080938845556,-1.3137347052976072],[36.85065978916527,-1.3135347462841793],[36.85058102882781,-1.313471042314155],[36.85045257408973,-1.313417434369327],[36.85022326308581,-1.313397586694879]]]}},{"type":"Feature","properties":{"Id":110,"Country":"Kenya","City":"Nairobi","Settlement":"Kambi Moto","Date_updat":"23.02.2018","kyc_pop":36990.0,"kyc_area_a":"45","kyc_struct":761.0,"kyc_year":2016},"geometry":{"type":"Polygon","coordinates":[[[36.84701251875441,-1.311949493547445],[36.84703434716124,-1.3119504790483916],[36.84703254558866,-1.3118460245937058],[36.84752322613997,-1.3118685223975035],[36.84754273772023,-1.3119088542616737],[36.84754392745066,-1.3119391923895023],[36.84755760935144,-1.311946330772514],[36.847581472723334,-1.3119475099861688],[36.84773066576349,-1.311933245098487],[36.84813977522782,-1.311908141250342],[36.848598885624256,-1.311875767320828],[36.84881277885347,-1.3118761064786781],[36.84894840431008,-1.3118987415523975],[36.84907451574355,-1.3118975518218576],[36.849184193958706,-1.3118905464325508],[36.8492709934207,-1.3118941430105906],[36.849344584567746,-1.3118054666808234],[36.84944452193014,-1.3118590045534688],[36.84949449061122,-1.3118283095064953],[36.8495872895906,-1.3119075455580287],[36.84963368908018,-1.3118140327405285],[36.84971389925164,-1.3118417575062153],[36.849671106265816,-1.3119757528844502],[36.84967544474239,-1.3120175881005594],[36.84969800174912,-1.3122528110073972],[36.84973128528259,-1.3124741807969258],[36.849758733191436,-1.3125768309271848],[36.84978657973602,-1.3127709175089421],[36.84978109819866,-1.3128726279876446],[36.84978642578187,-1.3131570376000354],[36.84980409737335,-1.3134085879146369],[36.84964816157128,-1.3133834536469067],[36.84942792684342,-1.3133624561073702],[36.84923332100692,-1.313342621451966],[36.848995795942926,-1.3133220655594187],[36.848847285579836,-1.313325710374727],[36.848482055276406,-1.3134056989970873],[36.84816282964732,-1.313514506486797],[36.84786119808689,-1.3135521157325343],[36.84761478654917,-1.313611602474566],[36.84751202303926,-1.3136444975376094],[36.847424033585355,-1.3136698071820092],[36.8474170113588,-1.313635188843591],[36.84743418987591,-1.3135329529409319],[36.847441115281015,-1.3134214391982368],[36.84746375903387,-1.3133191680752816],[36.84747468815567,-1.3132183073079204],[36.84748721822541,-1.313140418282444],[36.847490684228035,-1.3130652341596942],[36.84749085644512,-1.3129886689436034],[36.84749984434586,-1.3129216573983058],[36.84737961602451,-1.3128865261268174],[36.847260795504326,-1.312858017400572],[36.84721147997027,-1.312830369453991],[36.8471505867484,-1.3128110323528972],[36.847083641522886,-1.3127636896628587],[36.84698825443036,-1.3127109094223215],[36.84697720949754,-1.3126334766825494],[36.846964077406255,-1.3125266601548446],[36.846979777713614,-1.312393838069454],[36.84697622890843,-1.312252445817137],[36.84698145101174,-1.31215479069607],[36.847003884854416,-1.3121348801444697],[36.846996358217666,-1.312047512290917],[36.84701251875441,-1.311949493547445]]]}},{"type":"Feature","properties":{"Id":137,"Country":"Kenya","City":"Nairobi","Settlement":"Mandazi Road Village","Date_updat":"10.05.2016","kyc_pop":3546.0,"kyc_area_a":"7.6","kyc_struct":317.0,"kyc_year":2016},"geometry":{"type":"Polygon","coordinates":[[[36.84524334321174,-1.312219415223404],[36.84511414025426,-1.312482464323822],[36.84491475993203,-1.312434737284758],[36.84476719282715,-1.312409585898017],[36.84464179836402,-1.312371218691278],[36.84447598841116,-1.312236243319449],[36.84429901383086,-1.312078393380824],[36.8442252912082,-1.311994514437372],[36.84413980527462,-1.311865071917838],[36.84409309995691,-1.311747703903381],[36.84399490307844,-1.311607005315569],[36.84385638162198,-1.311510739651769],[36.84371690198849,-1.311462721022131],[36.84362901796172,-1.311444603264466],[36.8435459940615,-1.311366978727479],[36.84345244989667,-1.31123800005751],[36.84339070317201,-1.311140978104258],[36.84334258724873,-1.310995608379001],[36.84331794094739,-1.310865883964206],[36.84316288476454,-1.31067189409164],[36.84293939609781,-1.310493521001551],[36.84293054609715,-1.310477652612929],[36.84302475528013,-1.31034607557978],[36.84316126986794,-1.310500812060469],[36.84331674021807,-1.310605083595136],[36.84409913665034,-1.311129490903906],[36.84478902604369,-1.310724634511892],[36.8444746143832,-1.310451141718649],[36.84429492031286,-1.310297629398126],[36.84415823969309,-1.309966666562692],[36.84408316704921,-1.309778610621519],[36.8441949612109,-1.309703386156708],[36.84432499444171,-1.310211303524495],[36.84482504796176,-1.310674207124665],[36.845456511118,-1.311222445209367],[36.84575205960129,-1.311354752911283],[36.84569437474989,-1.311448064158654],[36.84564955108459,-1.311553909966252],[36.84559954160201,-1.311589989947644],[36.84548442105029,-1.311799864027381],[36.84543848492024,-1.311899026039204],[36.84536061835751,-1.312020474379218],[36.84529651423192,-1.312141593738498],[36.84524334321174,-1.312219415223404]]]}},{"type":"Feature","properties":{"Id":118,"Country":"Kenya","City":"Nairobi","Settlement":"Kenya Wine Settlement","Date_updat":"10.05.2016","kyc_pop":1560.0,"kyc_area_a":"","kyc_struct":124.0,"kyc_year":2016},"geometry":{"type":"Polygon","coordinates":[[[36.84293654655306,-1.310479771220012],[36.84262887714476,-1.310285434535474],[36.8422707816249,-1.310083038015101],[36.84204654569693,-1.309984490864641],[36.84186069035268,-1.309938040447871],[36.84159388834934,-1.309882563948913],[36.84110806481404,-1.309804622484632],[36.84089824413909,-1.30972977386945],[36.84078318607241,-1.309587754180763],[36.84074437448509,-1.309464303207812],[36.84075775992477,-1.30931675203637],[36.84080886686343,-1.309111888229915],[36.84088387937455,-1.308925908886087],[36.84092108404224,-1.308782971285895],[36.84103398967122,-1.308568220864022],[36.84119668427042,-1.30839469578524],[36.84134315805622,-1.308222555191741],[36.84143717605051,-1.308031703164472],[36.84146830440564,-1.307669975008476],[36.84149980487536,-1.307370087525897],[36.84148372266519,-1.307070486864206],[36.84145402544522,-1.306880381447012],[36.84123405614941,-1.306700935984919],[36.84082790958993,-1.306422710320523],[36.84095526268813,-1.306236414801642],[36.84173888634693,-1.306774008884467],[36.84161164909732,-1.306979331036763],[36.84167075775373,-1.307312899290551],[36.8415762322555,-1.308207806868982],[36.84114653269816,-1.308757464243627],[36.84112383405368,-1.308939874477501],[36.84109712316152,-1.309244493246195],[36.84122158460879,-1.309367429630307],[36.84148383322621,-1.3094562359453],[36.84175066644595,-1.309516471325459],[36.84192735119392,-1.309620063321634],[36.84226647346311,-1.30983208938697],[36.84256750036261,-1.310039587032001],[36.84275860130698,-1.310166876429732],[36.84287807159524,-1.310251783754699],[36.84302147607386,-1.310360332188769],[36.84293654655306,-1.310479771220012]]]}},{"type":"Feature","properties":{"Id":89,"Country":"Kenya","City":"Nairobi","Settlement":"Diamond","Date_updat":"31.05.2016","kyc_pop":768.0,"kyc_area_a":"","kyc_struct":30.0,"kyc_year":2016},"geometry":{"type":"Polygon","coordinates":[[[36.87730022110007,-1.3125742569999703],[36.87736903550009,-1.3124443746999788],[36.877416666199984,-1.3123198710999384],[36.877394471100025,-1.3122386030000281],[36.87734473500013,-1.3121569784999845],[36.87733001580009,-1.3120302601000178],[36.877448790700086,-1.3120192198999896],[36.877669960220196,-1.3118584572738432],[36.87718506578505,-1.3110299329573896],[36.877462251377224,-1.3108832901471443],[36.87822605836004,-1.310497817464104],[36.879039834023985,-1.3103264962717929],[36.87960376628233,-1.3104050184849954],[36.88012486824274,-1.3106334467415162],[36.88051728402552,-1.3108075464404056],[36.881009936632296,-1.31093067735882],[36.87916864751448,-1.3137380606532711],[36.87907011699316,-1.3136826518029654],[36.87878684174426,-1.3139166002736886],[36.87849723880008,-1.3139869165999498],[36.878251762599284,-1.3140036313380141],[36.8780540687,-1.3139961324000098],[36.87789000270015,-1.3139430464999264],[36.87775997710009,-1.3139334198999326],[36.87753106220005,-1.313829841599992],[36.87743693477699,-1.3137336786573408],[36.8773297099446,-1.31359668390446],[36.87730972039505,-1.3135071865737618],[36.87730378510017,-1.3134689243999167],[36.87731346340007,-1.3133916701999369],[36.877294233200075,-1.3133434828999098],[36.87727978930012,-1.3131655267998934],[36.87727639965636,-1.312942203895093],[36.87727141040006,-1.3126134922999517],[36.87730022110007,-1.3125742569999703]]]}},{"type":"Feature","properties":{"Id":95,"Country":"Kenya","City":"Nairobi","Settlement":"Gateway","Date_updat":"30.05.2016","kyc_pop":10996.0,"kyc_area_a":"27.1","kyc_struct":1059.0,"kyc_year":2016},"geometry":{"type":"Polygon","coordinates":[[[36.87281890759715,-1.3184137598536836],[36.87327834170003,-1.318722449500001],[36.87366779910002,-1.318985207399976],[36.87384610039999,-1.3189705180999454],[36.874252396299994,-1.3183552802000236],[36.874482893707466,-1.3179877633418755],[36.87341123475693,-1.3172658979500511],[36.87473790879989,-1.3154211586999622],[36.875112509490634,-1.3156545640721333],[36.875638488388574,-1.3159910599074465],[36.876221741231404,-1.3163705819842448],[36.87635913593397,-1.316459984588107],[36.876388374883334,-1.3164678837740666],[36.876605287220684,-1.3166116683938185],[36.8768861865467,-1.3167978680509123],[36.87688946904825,-1.3168134783383039],[36.87683842220969,-1.3168895150201365],[36.876808905976475,-1.316938763718781],[36.87676668916919,-1.3170083708193943],[36.876712183393295,-1.3170942270415935],[36.87665770871803,-1.3171800342746565],[36.87664343195195,-1.3171828896278726],[36.876552417568575,-1.3173131651179233],[36.87652743322809,-1.317356709254284],[36.87647104000217,-1.3174305915185869],[36.87642050792891,-1.3173897380061135],[36.87628472820546,-1.317577047343491],[36.87628663177429,-1.3176027455222652],[36.87624378046371,-1.317666228945484],[36.876132357783376,-1.3178312995830197],[36.87607729642616,-1.3179148088730699],[36.87598475856288,-1.3180579885581665],[36.875929158211534,-1.3181361597637533],[36.875839374598456,-1.3182623908593882],[36.87578326156745,-1.3183412828658447],[36.87574875520329,-1.3183897970210978],[36.87573128902312,-1.3184143535629573],[36.87568913405278,-1.318473621261262],[36.87559612142405,-1.3186043921851365],[36.87570513355246,-1.3186791561636255],[36.87580416950823,-1.3187383308525682],[36.875911081443746,-1.3188062293098142],[36.87598653575532,-1.3188534040521631],[36.875483870899984,-1.31959380739994],[36.8754097150001,-1.3196990271999312],[36.87530855809996,-1.3198596407999617],[36.875213819900125,-1.3199917008999478],[36.875023091595665,-1.320281827692952],[36.874590800352166,-1.3209227522610263],[36.87454025556303,-1.320979915549458],[36.87442040030004,-1.3208919083999717],[36.87401323839123,-1.3206629751126115],[36.874502217628105,-1.3198349226826167],[36.87262839208586,-1.3186273462221152],[36.87281890759715,-1.3184137598536836]]]}},{"type":"Feature","properties":{"Id":129,"Country":"Kenya","City":"Nairobi","Settlement":"Kosovo","Date_updat":"30.05.2016","kyc_pop":7384.0,"kyc_area_a":"23.2","kyc_struct":932.0,"kyc_year":2016},"geometry":{"type":"Polygon","coordinates":[[[36.87368668160002,-1.3147000747999869],[36.87374915274597,-1.314485321454299],[36.87375914648214,-1.3142454717849432],[36.87387907131682,-1.3138985463702397],[36.87399471312176,-1.3136187217560291],[36.873967587266236,-1.3135687530748896],[36.87400898988767,-1.3133945765292765],[36.87412177633945,-1.3133560292609445],[36.874190397999996,-1.3133407468999962],[36.87423132539999,-1.3131273097999951],[36.874247566359315,-1.313022076672155],[36.874243907100094,-1.3128828952999925],[36.874218780600074,-1.3128076387999954],[36.874397606156435,-1.3127299982452314],[36.874531074690424,-1.3126334876108103],[36.87469139065092,-1.3125194755471057],[36.87498168489361,-1.31237194896471],[36.87526935467474,-1.3122230954169822],[36.87540072324464,-1.3121381289928422],[36.87589696365575,-1.3120649426389832],[36.87628087060284,-1.311724735571147],[36.8766377897536,-1.3114820305484614],[36.87694711968453,-1.3112869147459492],[36.877185065785056,-1.3110299329574104],[36.877384940509444,-1.3113345039661795],[36.877532467091896,-1.3116343160528459],[36.8776699602202,-1.3118584572738428],[36.877506796399985,-1.3119830791999334],[36.87744314579999,-1.3120140121999952],[36.877330015800055,-1.3120302601000162],[36.87734473500012,-1.3121569784999565],[36.87739447109999,-1.3122386030000257],[36.87741666619996,-1.3123198710999873],[36.87736903550007,-1.3124443746999646],[36.87730022110003,-1.3125742569999943],[36.877208574400015,-1.3126862529999244],[36.87703983080013,-1.3129063087000077],[36.87692788010304,-1.3129393658402932],[36.876810810621635,-1.3129779131085115],[36.8767394267914,-1.3130578629983347],[36.87684132347823,-1.313122440706593],[36.87676226961702,-1.313273442165496],[36.87666090457816,-1.3134333419450286],[36.876599212200006,-1.3135177762999888],[36.87645077470006,-1.3136832248999895],[36.87628128450001,-1.3138714443999788],[36.87607411120001,-1.314027803800002],[36.875766772100064,-1.314146153699994],[36.87552231970005,-1.3143274918999168],[36.875302943700035,-1.3145968257999812],[36.87473790879989,-1.3154211586999622],[36.87382529490009,-1.3147810465999328],[36.87368668160002,-1.3147000747999869]]]}},{"type":"Feature","properties":{"Id":79,"Country":"Kenya","City":"Nairobi","Settlement":"Bins","Date_updat":"15.06.2016","kyc_pop":13419.0,"kyc_area_a":"9","kyc_struct":764.0,"kyc_year":2016},"geometry":{"type":"Polygon","coordinates":[[[36.86898893962308,-1.3164058198390194],[36.86893245742658,-1.3165296489368075],[36.86884212617247,-1.316726330373001],[36.86878752114848,-1.3168260523785875],[36.86814261680007,-1.317706972299959],[36.86810513270956,-1.3177539731579486],[36.86797922520009,-1.317866057499998],[36.866258421125735,-1.3167410604023075],[36.86616990517632,-1.316678242631781],[36.865732322297276,-1.3163819997365636],[36.8655667118112,-1.3162663579316245],[36.86543964859368,-1.3161814111737158],[36.865278237100085,-1.3160611650999385],[36.86512127671102,-1.315954410593804],[36.86516125165599,-1.3158937343381467],[36.86530187780136,-1.3159901025089198],[36.86544750081492,-1.3160629140156175],[36.865528193293244,-1.316092675306038],[36.86563880947983,-1.3160750492668285],[36.86579973500005,-1.3160340411999982],[36.86591041899999,-1.3160088985999892],[36.866099917119755,-1.3160018417027004],[36.8662840558606,-1.3159982352912039],[36.866436761452974,-1.315993029232402],[36.86655203729998,-1.3159932493999236],[36.86677292850004,-1.315996713699974],[36.86680292040006,-1.3160053459000096],[36.86691441629682,-1.316006733177062],[36.867293486663186,-1.316048637249537],[36.86755403764346,-1.3160714800753226],[36.86774241421455,-1.3161229364821452],[36.8677749251118,-1.3161261603402181],[36.86789306481444,-1.3161378753546842],[36.86826121345433,-1.316141436228861],[36.86837610712104,-1.3161612523981034],[36.868419204775876,-1.31615258885995],[36.868723033530046,-1.316216850081446],[36.86904200930013,-1.316289472200026],[36.86898893962308,-1.3164058198390194]]]}},{"type":"Feature","properties":{"Id":93,"Country":"Kenya","City":"Nairobi","Settlement":"Feed The Children","Date_updat":"30.05.2016","kyc_pop":6090.0,"kyc_area_a":"18","kyc_struct":682.0,"kyc_year":2016},"geometry":{"type":"Polygon","coordinates":[[[36.8673696158275,-1.316055311587263],[36.86737553370898,-1.315974189723704],[36.86739122302407,-1.3158347038763623],[36.86741441059206,-1.3157581897058321],[36.86742508670926,-1.3157386790906571],[36.867447523576914,-1.315653552669005],[36.86746736577612,-1.3156196006014511],[36.86749214136711,-1.3155895134516982],[36.86750971711098,-1.3155681697011232],[36.86752655700826,-1.315546874637164],[36.867572276818464,-1.3154890828042767],[36.86766300968071,-1.3153811558825623],[36.867709129773914,-1.3153133478306813],[36.867888573065386,-1.3150619550695524],[36.867947984741875,-1.3149665564916404],[36.86803415338778,-1.314830571331811],[36.86809205429108,-1.3147625960690448],[36.86813932556419,-1.314719212556895],[36.86823022097468,-1.3145031574975405],[36.86838631361661,-1.31425378998415],[36.86841391536433,-1.3141800266929522],[36.8684358064055,-1.3141329133650288],[36.868460552800116,-1.3140946040428503],[36.868479640315115,-1.3140450232998546],[36.86850292778024,-1.314000464747437],[36.86852765360038,-1.3138997261864915],[36.86854193036646,-1.313862606594796],[36.86856548703031,-1.3138269146796233],[36.86860637500013,-1.313791084800016],[36.86865884640014,-1.313729829099941],[36.868714255600025,-1.313651059300014],[36.86873752206111,-1.3135642221846524],[36.868756081856986,-1.3133686304898902],[36.86872747217967,-1.3130606705577748],[36.86872395913326,-1.312835393278533],[36.868723229371426,-1.3127668431628194],[36.868729659011194,-1.3126782583750582],[36.8687130221179,-1.3124441170464252],[36.86870921653235,-1.3123633222072613],[36.86870739858375,-1.3123247260752464],[36.86870555262357,-1.3122855352473266],[36.868728544199996,-1.312280949299975],[36.86877445420009,-1.3122808832000032],[36.86880624349999,-1.31228081379993],[36.86884510530001,-1.312280729099939],[36.868883976699976,-1.3122806442999604],[36.86892639569999,-1.3122876019999694],[36.86896175320004,-1.312291051099919],[36.86900065900005,-1.3122980199000267],[36.86903249940002,-1.3123050054999794],[36.86907142270002,-1.3123084508000034],[36.86910328350007,-1.3123189671999285],[36.869142225900134,-1.3123224152999455],[36.869184711800074,-1.3123187995000194],[36.86922012389999,-1.3123151973999825],[36.86925907070008,-1.3123009995999837],[36.86943153440012,-1.312212383399924],[36.869442179800046,-1.3122053257000061],[36.869484699700024,-1.3121912118999717],[36.869520125600104,-1.3121806274999699],[36.869555562000016,-1.3121665156999711],[36.86959100870001,-1.3121488773999772],[36.86962997660004,-1.3121347683999716],[36.86966539060012,-1.3121241877999523],[36.869707854200044,-1.312120661999927],[36.869746779100126,-1.312117136100028],[36.86978571360004,-1.3121100835999187],[36.869821109500094,-1.3121030312000244],[36.86986357799992,-1.3120959793999987],[36.86989895139999,-1.3120959804999757],[36.869944954400125,-1.3120889289999695],[36.86997326080001,-1.3120854035000207],[36.870008650000045,-1.3120783521999897],[36.8700546485,-1.3120713015999854],[36.870090026200046,-1.312067776699962],[36.87012545469997,-1.3120643234000227],[36.87016458320011,-1.3120646622999743],[36.87032047980006,-1.3120830067999805],[36.87035216000004,-1.3121216298000036],[36.87033062210003,-1.3122199805999344],[36.87025590709999,-1.3124174730999698],[36.87011338389999,-1.3127299472999994],[36.87008477160009,-1.312885507600015],[36.87003527560006,-1.313048713199919],[36.869964552200145,-1.3132685609999726],[36.86992566469996,-1.3135024488999534],[36.8698649831,-1.3137645747999613],[36.869819482900084,-1.3139849274999733],[36.86976253930004,-1.3142327301000023],[36.869698958800086,-1.3144567196999333],[36.86960288260008,-1.3147368474000132],[36.86953134920009,-1.3149470906000147],[36.86941795870007,-1.3152267772999267],[36.869343480000055,-1.3154462100999353],[36.86927993011187,-1.3156173500279351],[36.86922639223906,-1.315788671220389],[36.869157387869905,-1.3160028227108],[36.869112477526414,-1.316139151946345],[36.86907642963888,-1.3162160479870977],[36.86904200930013,-1.316289472200026],[36.868960799020215,-1.3162709828251877],[36.868898019982055,-1.3162566897433408],[36.86873786109999,-1.3162207505000083],[36.868630236924275,-1.31619722315952],[36.86849546230047,-1.3161687176877308],[36.868419204775876,-1.31615258885995],[36.86837610712104,-1.3161612523981034],[36.86826121345433,-1.316141436228861],[36.86789306481444,-1.3161378753546842],[36.86774241421455,-1.3161229364821452],[36.867693980187425,-1.3161097063814395],[36.86755403764346,-1.3160714800753226],[36.8673696158275,-1.316055311587263]]]}},{"type":"Feature","properties":{"Id":96,"Country":"Kenya","City":"Nairobi","Settlement":"Gatope","Date_updat":"02.06.2016","kyc_pop":19800.0,"kyc_area_a":"12","kyc_struct":234.0,"kyc_year":2016},"geometry":{"type":"Polygon","coordinates":[[[36.86677292850004,-1.315996713699974],[36.86644715190005,-1.3159926750000182],[36.866260847900094,-1.3159990264999806],[36.866062102700084,-1.316002503199968],[36.86591041899999,-1.3160088985999892],[36.86579973500005,-1.3160340411999982],[36.86563880947983,-1.3160750492668285],[36.865528193293244,-1.316092675306038],[36.86544750081492,-1.3160629140156175],[36.86530187780136,-1.3159901025089198],[36.86516125165599,-1.3158937343381467],[36.86510032500007,-1.3158766421000223],[36.864991820091745,-1.3158173976280523],[36.86486724711756,-1.3157649963885092],[36.86474327719918,-1.3156936125582774],[36.864620734957384,-1.3156198492670796],[36.86454102301366,-1.3155663113944343],[36.86447320837499,-1.3155234810963066],[36.86438635804819,-1.3154699432237749],[36.86427809257253,-1.3154033183155889],[36.86415436060031,-1.3153164679888505],[36.86399089162916,-1.31520867840527],[36.86386596992628,-1.3151259921353358],[36.86366728493232,-1.3149992858368478],[36.863122388361944,-1.3145935877353168],[36.862982595027916,-1.3144954349687055],[36.862911211197684,-1.3144418970961738],[36.8630123382905,-1.3143972822023215],[36.86312833701459,-1.3143526673084125],[36.8632740790012,-1.3143080524146171],[36.8634317182927,-1.3142545145419717],[36.86354176836414,-1.314212873974384],[36.86363397247817,-1.3141682590805317],[36.863711304960816,-1.3141325671654158],[36.863839914828304,-1.3140477790382192],[36.863927478993276,-1.313975443423658],[36.86401123602076,-1.3139069149466422],[36.86408737877292,-1.3138383864696266],[36.86414829297462,-1.3137660508550653],[36.86421872502041,-1.3136899081029583],[36.86431580702953,-1.3136385117451255],[36.86445476755222,-1.3136137653506808],[36.86460514948777,-1.3136746795525482],[36.86481551599991,-1.313876628202138],[36.86494582386001,-1.3139736935283395],[36.86504480943796,-1.3140365112988661],[36.865102868286556,-1.314054595202606],[36.865173300332344,-1.314065064831027],[36.86523897345603,-1.314031752376934],[36.86527038234129,-1.313990825647636],[36.86533034475872,-1.3139479953494515],[36.86542742676761,-1.3138937436385163],[36.865478823125386,-1.3138737561661173],[36.86551118379509,-1.3138318776523192],[36.86554544803363,-1.313790950923135],[36.865568290859244,-1.3137623973910308],[36.86557785320002,-1.3137449888999413],[36.865584260600144,-1.3137134689999925],[36.86560342140001,-1.3136504886999205],[36.86562570970011,-1.3136221394000245],[36.865651160799985,-1.3136032173999865],[36.865676603600036,-1.3135843016999615],[36.86570521580012,-1.3135622451999325],[36.86573382480009,-1.313546426900018],[36.86576243780007,-1.3135337041999833],[36.865858671000126,-1.3134634607000066],[36.86612970523538,-1.313676225345091],[36.86640579050004,-1.313892955100016],[36.866468280200024,-1.3140370428000097],[36.86654144739998,-1.314146579800024],[36.86659873820997,-1.3142062522418883],[36.866655172715014,-1.3142650327812362],[36.86668610215321,-1.3143758620960284],[36.86669488380011,-1.3145329078000145],[36.866692764644085,-1.3146889991643889],[36.86673028759998,-1.3147748399999841],[36.8667540852,-1.3152231912999923],[36.86677292850004,-1.315996713699974]]]}},{"type":"Feature","properties":{"Id":145,"Country":"Kenya","City":"Nairobi","Settlement":"Milimani","Date_updat":"02.06.2016","kyc_pop":6250.0,"kyc_area_a":"26","kyc_struct":399.0,"kyc_year":2016},"geometry":{"type":"Polygon","coordinates":[[[36.88393541909193,-1.3181960254580076],[36.88386279794213,-1.317988298512148],[36.88383067521863,-1.3177027631914484],[36.883812829261046,-1.3174207970623115],[36.88379736276454,-1.3170162886912635],[36.88377594761539,-1.3164309412838406],[36.883779789000016,-1.3161149479000187],[36.88373735580012,-1.3157409125000186],[36.88363685779092,-1.3152845698471083],[36.883536097946035,-1.31484050954748],[36.883419689400114,-1.3143026951000252],[36.883451547764935,-1.314214235410816],[36.88350270617667,-1.3141565334813663],[36.883548465390504,-1.3140579922715006],[36.883599030300104,-1.3139707648999774],[36.883682236509514,-1.3138849180076022],[36.883769800674486,-1.3138373287874856],[36.883889725509164,-1.313809727039768],[36.88406390205489,-1.3137859324297665],[36.88418573045823,-1.3138021127646198],[36.884269231100006,-1.3138413237999202],[36.884350419099974,-1.3139186162998726],[36.88442774230009,-1.3139610677998803],[36.884580786099946,-1.3139211876999184],[36.88462697457203,-1.3140026033765366],[36.88467678317352,-1.314090400197017],[36.88472877760046,-1.3141820499367327],[36.88476957777931,-1.3142539677556329],[36.88484818803522,-1.3143925327889292],[36.88489820875259,-1.314480703502511],[36.88400851940014,-1.3148526514999048],[36.88402390010009,-1.3148795700999472],[36.884296544400115,-1.315375886599952],[36.88437370140002,-1.3155141862999926],[36.884493448400065,-1.3157107181999095],[36.88458225099998,-1.3158963564000032],[36.88469807220008,-1.3160663034999516],[36.884790707300056,-1.3161975874999712],[36.88488336130007,-1.3163172490999955],[36.884980039300046,-1.3164711581999313],[36.88506128950007,-1.3166215291000185],[36.88514257800006,-1.3168183226999304],[36.88544852308945,-1.3166996263540227],[36.88544869001299,-1.3168081683591026],[36.88547836622985,-1.3169993150384585],[36.88549917239993,-1.3171333290999883],[36.8855007907008,-1.317217393033161],[36.88550135882559,-1.317387146727981],[36.885471778000124,-1.3175614168999914],[36.885398157,-1.3177777433999722],[36.8852312029,-1.3179663394000158],[36.88512562210008,-1.3182199569999398],[36.885041720400125,-1.3183437664999929],[36.8849680970024,-1.3184003876165207],[36.8848728518376,-1.3184736372590464],[36.8847431191989,-1.318654825197541],[36.884680194,-1.318762492400026],[36.88462262339999,-1.3186879133999696],[36.884445575531686,-1.3184872714850826],[36.88423427939432,-1.3183464073935625],[36.88393541909193,-1.3181960254580076]]]}},{"type":"Feature","properties":{"Id":76,"Country":"Kenya","City":"Nairobi","Settlement":"48 Zone","Date_updat":"02.06.2016","kyc_pop":22140.0,"kyc_area_a":"21","kyc_struct":486.0,"kyc_year":2016},"geometry":{"type":"Polygon","coordinates":[[[36.88782264629998,-1.3232539050000014],[36.887098126700096,-1.322112803600021],[36.88626711749998,-1.3208363828999836],[36.88548931817036,-1.3197607986730304],[36.885360996123495,-1.3195954873548885],[36.885203815703505,-1.3193929991380173],[36.88484781548311,-1.3189689140503447],[36.884680194,-1.318762492400026],[36.8847431191989,-1.318654825197541],[36.8848728518376,-1.3184736372590464],[36.885041720400125,-1.3183437664999929],[36.88512562210008,-1.3182199569999398],[36.8852312029,-1.3179663394000158],[36.885398157,-1.3177777433999722],[36.885471778000124,-1.3175614168999914],[36.885503783600086,-1.3173728615998925],[36.88549917239993,-1.3171333290999883],[36.88544869001299,-1.3168081683591026],[36.88544848209875,-1.3166729721745583],[36.88546690679999,-1.3163202779999779],[36.885482887463866,-1.3162262785655798],[36.88552169080009,-1.3159980345000122],[36.8854555579,-1.3154535523000277],[36.88562524884611,-1.3158290169647557],[36.88582912084115,-1.3162343802416103],[36.8860856745506,-1.3166285158626465],[36.886421896834406,-1.3172586346982484],[36.8866177220317,-1.3175874386479336],[36.88671194868755,-1.3176959420699177],[36.88693335753396,-1.3179967059410274],[36.88709991980443,-1.3182911642404633],[36.887456838955416,-1.3188681835344482],[36.887596632289444,-1.3191150526138244],[36.887710662830216,-1.3192995519526676],[36.887902963900046,-1.3192633003998822],[36.887990813700014,-1.3194805357999257],[36.888239671000065,-1.3199383994999607],[36.88834990790008,-1.3202462868999874],[36.888418741500004,-1.3205155653000133],[36.88845649529992,-1.3207156069000234],[36.888494440399995,-1.3209604322999553],[36.888615994600116,-1.3213558258000262],[36.88867950730008,-1.3216234927999722],[36.88868016210006,-1.3218235402998744],[36.88851530220006,-1.3222227558999862],[36.88835556320009,-1.3225673873999426],[36.888173125200126,-1.322911023799918],[36.88782264629998,-1.3232539050000014]]]}},{"type":"Feature","properties":{"Id":123,"Country":"Kenya","City":"Nairobi","Settlement":"Kingstone","Date_updat":"22.06.2016","kyc_pop":13026.0,"kyc_area_a":"2","kyc_struct":309.0,"kyc_year":2016},"geometry":{"type":"Polygon","coordinates":[[[36.865292875476996,-1.3117174712290307],[36.86543119187445,-1.3126781407595445],[36.86545032200161,-1.3130222183121418],[36.865781781175144,-1.3130407421775772],[36.86582378069187,-1.3131604188801589],[36.86590245958712,-1.3132203677560028],[36.86597183705925,-1.3132526970707659],[36.86594880866227,-1.3132618964877452],[36.865925985898116,-1.3133126024273452],[36.865893922303144,-1.3133633163583909],[36.86586644328429,-1.3134094367941316],[36.8658388922741,-1.3134417179309708],[36.865797446700185,-1.3134647477438648],[36.86575130807199,-1.313469298374855],[36.86570526724552,-1.3134969381330848],[36.865663907964404,-1.3135430652368427],[36.86564109999733,-1.3135847235213873],[36.86561366228159,-1.3136217922155424],[36.86558162229812,-1.3136635178692018],[36.86554950232261,-1.3136959754441477],[36.865531313047484,-1.3137424287482986],[36.865550121921956,-1.3137936579350367],[36.86558273676468,-1.3138309943007016],[36.86557379082166,-1.3138775883335825],[36.865527719039164,-1.313910126858275],[36.8654769213631,-1.3139286629580624],[36.86544472830718,-1.313965926941421],[36.86542180006728,-1.3140079105992868],[36.86538959380454,-1.3140498967762255],[36.865352671488495,-1.3140778572472982],[36.86530645816646,-1.3141011314620528],[36.865255594444875,-1.3141104919911868],[36.8650646665111,-1.3140590306372815],[36.86501329086781,-1.3140403243015726],[36.86496655682629,-1.3140216246605405],[36.864919598897586,-1.313993588887115],[36.86487278518359,-1.3139702367314499],[36.864830611904154,-1.3139468953298206],[36.864788229246756,-1.3139142354631304],[36.86475488305712,-1.3138722750800298],[36.864726177802254,-1.3138303484898302],[36.86470199962014,-1.3137838032180298],[36.8646824537002,-1.3137372996061458],[36.86465831637804,-1.3136908371838558],[36.86462948613297,-1.3136397763168475],[36.86459613115875,-1.313597987286414],[36.86455865474619,-1.3135655729203677],[36.864512349438144,-1.3135470828173084],[36.86445701851483,-1.3135378485777096],[36.86442019807254,-1.3135378473389778],[36.86436957023528,-1.313537845575297],[36.86431438632434,-1.3135424596947018],[36.864268512571016,-1.313556313305071],[36.86422281533851,-1.3135794376642025],[36.86418177201159,-1.3136071976213657],[36.86414071200676,-1.3136349686204767],[36.864104304906675,-1.3136673824799914],[36.864068003800526,-1.3137090801174054],[36.864036229091255,-1.3137461656315281],[36.86401365920062,-1.3137832712729391],[36.863986523886865,-1.3138250386743948],[36.863968598561655,-1.3138668316512963],[36.863936811808344,-1.3139086448486523],[36.86390923723479,-1.313945623007669],[36.863867535878285,-1.313973191911657],[36.863825789195346,-1.3139961043568178],[36.86377938792748,-1.3140189719247246],[36.863737665758265,-1.314041871226948],[36.863691244679046,-1.3140600737037857],[36.86364023118375,-1.3140828777333695],[36.863603160464436,-1.3141011476532753],[36.863556925388934,-1.3141332788733848],[36.86351535273536,-1.3141654474537745],[36.86327920331536,-1.3142976048857236],[36.86310823384247,-1.3143564227378874],[36.8629653404916,-1.3144386812557514],[36.862804054432104,-1.3141804715189664],[36.862555661291026,-1.314028270395454],[36.862537268895494,-1.3139593133618632],[36.862583243714994,-1.31385831729051],[36.86361430914252,-1.3129591312022626],[36.863967380857844,-1.3122576883741885],[36.863944880484894,-1.3118768868225743],[36.86387068073526,-1.311890088591099],[36.86366670625,-1.311459255151874],[36.86401524166172,-1.3110655698254163],[36.86398780336668,-1.3110153536354687],[36.86391466666805,-1.3108189949711004],[36.863992389688974,-1.310718256658845],[36.865126253000824,-1.3108612570507034],[36.86600271082358,-1.3114353451167062],[36.86605087885067,-1.3116001276702605],[36.865292875476996,-1.3117174712290307]]]}},{"type":"Feature","properties":{"Id":105,"Country":"Kenya","City":"Nairobi","Settlement":"Jamaica 2","Date_updat":"01.06.2016","kyc_pop":9456.0,"kyc_area_a":"17.2","kyc_struct":870.0,"kyc_year":2016},"geometry":{"type":"Polygon","coordinates":[[[36.875351609422864,-1.310382743995035],[36.87523670661915,-1.309766216011269],[36.87567694622959,-1.3096662428941954],[36.87607054803192,-1.30960171800848],[36.876499638521636,-1.3095146094128722],[36.87686743036966,-1.3094565370157625],[36.87722072080902,-1.3093731242697118],[36.877482029905366,-1.3093403922217135],[36.877842837548144,-1.309299682672986],[36.87815520836125,-1.3092656594390633],[36.8784185830728,-1.3092044930712063],[36.87872050411386,-1.3091617611978563],[36.878960197865126,-1.309119822845787],[36.879022502645284,-1.3096467724253102],[36.87900207180269,-1.3099997096997527],[36.878829278078456,-1.3100812954752996],[36.878499490329546,-1.310123529138707],[36.878207324037135,-1.310193298446734],[36.87806220914689,-1.310287209507976],[36.877822272901085,-1.3104339534224891],[36.87753702386232,-1.3105704400555283],[36.87738452491499,-1.3106651025676683],[36.87719516909863,-1.3106734985803428],[36.87696120270925,-1.3107445558258632],[36.876736105861426,-1.3109341058111568],[36.876505868130664,-1.311159900250118],[36.87657468824278,-1.3113342574803255],[36.87637813859192,-1.3114771944793233],[36.87621967132628,-1.3116009185878852],[36.875636671159214,-1.3120212899268608],[36.87560616143878,-1.3118370619163215],[36.8754591946759,-1.3110624635430668],[36.875351609422864,-1.310382743995035]]]}},{"type":"Feature","properties":{"Id":132,"Country":"Kenya","City":"Nairobi","Settlement":"Lungalunga Centre","Date_updat":"30.05.2016","kyc_pop":11076.0,"kyc_area_a":"20.72","kyc_struct":548.0,"kyc_year":2016},"geometry":{"type":"Polygon","coordinates":[[[36.87433485853766,-1.309950253322373],[36.87523870373377,-1.309758919932993],[36.87530075007929,-1.31011677979883],[36.87535818154308,-1.310418765527525],[36.87539095584928,-1.310627444307908],[36.87541682428466,-1.310796079906115],[36.87543990131998,-1.310936212207853],[36.8754497194389,-1.311012831120722],[36.87548367810476,-1.31116805756923],[36.87549111139414,-1.31122573460195],[36.87551632261239,-1.311354674971732],[36.87556258137883,-1.311606195441813],[36.8756119768637,-1.311874745154307],[36.87562680436234,-1.311968728204716],[36.87563781111679,-1.312018601270863],[36.87543364127598,-1.312027262436826],[36.87531106269547,-1.312167701315232],[36.87514046135162,-1.312245565168238],[36.87500106799091,-1.312261144845299],[36.87484747881982,-1.31232375426897],[36.87472807878235,-1.312407932093772],[36.87459902765676,-1.312491010642326],[36.87449911601183,-1.312490368799114],[36.87443565353341,-1.312619339871885],[36.87438631283882,-1.312711516382979],[36.8742878683474,-1.312711052350758],[36.87412150636691,-1.312757029437126],[36.87402287469178,-1.312757424245029],[36.87387885197545,-1.312848569112169],[36.8737485748614,-1.312769921568193],[36.87349758279439,-1.312861663734624],[36.87338678527628,-1.312784120690276],[36.87323049493216,-1.312705974499287],[36.87308127962796,-1.312580697713104],[36.87293478471501,-1.312547720207572],[36.87289723577075,-1.312477993461017],[36.87294416478205,-1.312102158789589],[36.87295062259195,-1.312020039981398],[36.87295703183491,-1.311970473221556],[36.87297340513381,-1.311949383929579],[36.87297178387554,-1.311903927591971],[36.87299685852518,-1.311863017587305],[36.8730242130319,-1.311751929125685],[36.8730944486493,-1.311547912400646],[36.87309445312334,-1.311520445224499],[36.87313887302835,-1.311349875482124],[36.87320548643952,-1.311367326403883],[36.87329329659653,-1.311395019711723],[36.87332325300082,-1.31131989906598],[36.87334168944274,-1.311208589048089],[36.87334786048248,-1.311104991596457],[36.87335338421427,-1.311048727738],[36.87332181661893,-1.310779584782593],[36.87331792290551,-1.31073008877515],[36.87330625118992,-1.310708074083671],[36.87321895342183,-1.310741044342381],[36.87321493952899,-1.310719068997293],[36.87318768954051,-1.310684223395338],[36.87314489942455,-1.310675157184214],[36.87313459355698,-1.310652316242201],[36.87311838718443,-1.310595264221555],[36.8730986983345,-1.310503757429609],[36.87307961766348,-1.3104259615445],[36.87306041251243,-1.310320204790035],[36.87304694625656,-1.310175749381143],[36.87308958271068,-1.310168863189881],[36.87314821254518,-1.31015542050958],[36.87321817991975,-1.310138499676969],[36.87331933128868,-1.310117626606364],[36.87340526053409,-1.310099705464129],[36.87376276986787,-1.310037132794411],[36.87368698295338,-1.309465216203634],[36.87379703993545,-1.309434894913259],[36.87381206727898,-1.309525641680562],[36.87391666613008,-1.309502993385141],[36.87397533166772,-1.310006331994384],[36.87433485853766,-1.309950253322373]]]}},{"type":"Feature","properties":{"Id":146,"Country":"Kenya","City":"Nairobi","Settlement":"Milimani","Date_updat":"27.06.2016","kyc_pop":4500.0,"kyc_area_a":"10.8","kyc_struct":608.0,"kyc_year":2016},"geometry":{"type":"Polygon","coordinates":[[[36.87304770086601,-1.310179735068129],[36.87306067215496,-1.310319320449331],[36.87307947078589,-1.310422958997328],[36.87310540516695,-1.310535143719622],[36.87311617189788,-1.310586191622599],[36.87313380545937,-1.310651157646089],[36.8731447091466,-1.31067566646014],[36.87318832775467,-1.310683895038654],[36.87321582258814,-1.310719531384069],[36.87321829368736,-1.310740458346176],[36.87330510968285,-1.310710063221875],[36.87331961463949,-1.310737365945873],[36.87332477809456,-1.310819916194718],[36.87335370833806,-1.311045447470073],[36.87334719138076,-1.311111943841662],[36.87333803188158,-1.311241860249834],[36.87332458186786,-1.311316924477067],[36.87329327630054,-1.311395287694682],[36.87320882063978,-1.31136797277262],[36.87313837462276,-1.311349816087992],[36.87309388562765,-1.311519794121028],[36.87309399656469,-1.311547842655176],[36.87308471207561,-1.311574940109219],[36.87306289056385,-1.311642213143975],[36.87302466634916,-1.311752014789715],[36.87299846800736,-1.311859208160108],[36.87297188920424,-1.311904382122627],[36.87297336268646,-1.311948751253527],[36.87295580153291,-1.311969227780238],[36.87295172467847,-1.312017354070918],[36.87294818357415,-1.312046806659252],[36.87294527358345,-1.312081965717251],[36.87293571097301,-1.312159804567484],[36.87291592017174,-1.312334171613171],[36.87289715735523,-1.312476597429446],[36.87273228978726,-1.312448550844488],[36.87257704877871,-1.312331943879581],[36.872454715808,-1.312222521926245],[36.87232749184373,-1.312112135493263],[36.87220509624408,-1.312056193131753],[36.87203966213147,-1.311982838303436],[36.87189900669691,-1.311991648636628],[36.87175948368924,-1.312016914365922],[36.8715202939559,-1.312017302881589],[36.87155144527521,-1.312107120010491],[36.87147750582238,-1.312202891454373],[36.8713192789508,-1.31223441407803],[36.8712750131486,-1.31195913821341],[36.87126484238623,-1.311691757941853],[36.87124041341819,-1.31144543002869],[36.87120408207854,-1.311099541125181],[36.87118795607955,-1.310856677999305],[36.87114529557933,-1.31053359197861],[36.8713661841516,-1.310485358751012],[36.87174019073017,-1.3104161432244],[36.87208884749043,-1.310334870869774],[36.8725127752089,-1.310250994340264],[36.87296701209041,-1.310195004048118],[36.87304770086601,-1.310179735068129]]]}},{"type":"Feature","properties":{"Id":133,"Country":"Kenya","City":"Nairobi","Settlement":"Lungalunga Dohnholm","Date_updat":"30.05.2016","kyc_pop":3475.0,"kyc_area_a":"1","kyc_struct":360.0,"kyc_year":2016},"geometry":{"type":"Polygon","coordinates":[[[36.87070843044836,-1.3105805950910963],[36.871151930829,-1.310506299183885],[36.8711882226105,-1.3108482968822273],[36.87121863127311,-1.311221849033302],[36.871249667366044,-1.3115695823531155],[36.871264844384314,-1.3117570475744174],[36.87127256559887,-1.3119029614056785],[36.871321354156805,-1.3122349572921053],[36.871177367790835,-1.312281445227029],[36.87105718914461,-1.312262879428431],[36.87090101181826,-1.3122163018149422],[36.870753105058725,-1.3121787788190318],[36.87066148714365,-1.312131684390124],[36.87052155373266,-1.3121031322813792],[36.87036251235992,-1.3120649622791234],[36.87019365940853,-1.3120166646276061],[36.87008046147821,-1.3119873317220936],[36.86997560587349,-1.312006539608035],[36.86989951795084,-1.3120161283770244],[36.869785563878736,-1.3119969423510156],[36.86952891935374,-1.3119971454923416],[36.86943531243526,-1.3120736681809717],[36.86932165929943,-1.31206441534556],[36.86918759873873,-1.3120075287204713],[36.86909116299955,-1.3119598539396407],[36.86897687359868,-1.311950534085895],[36.86889101923009,-1.3119411379724966],[36.86880560719902,-1.3119413569255016],[36.868667240210016,-1.3120087624778307],[36.86856698126576,-1.3120660807108493],[36.86845537776975,-1.3120852713032605],[36.868372923200525,-1.3120693489538553],[36.86836292946418,-1.312018666434426],[36.86838577228997,-1.3120136695662836],[36.8683536495663,-1.311799518075759],[36.86833326948357,-1.311779586544219],[36.86831943780004,-1.311656967499971],[36.86830645108614,-1.3115389543613674],[36.86828924289995,-1.311372145699977],[36.86826989253899,-1.3112139327222394],[36.86825236294203,-1.3110921671955111],[36.86824133900683,-1.3110366628773136],[36.86911477879136,-1.3108736079380492],[36.870103117953306,-1.3106958385348548],[36.87070843044836,-1.3105805950910963]]]}},{"type":"Feature","properties":{"Id":109,"Country":"Kenya","City":"Nairobi","Settlement":"Kajaunyuolo (Kaloleni)","Date_updat":"30.03.2014","kyc_pop":505.0,"kyc_area_a":"4","kyc_struct":100.0,"kyc_year":2014},"geometry":{"type":"Polygon","coordinates":[[[36.8430213691,-1.2936187233],[36.8431126853,-1.2931700225],[36.8432334186,-1.2931689326],[36.8430400089,-1.2940021826],[36.8428592242,-1.2947867039],[36.8426773379,-1.2950192866],[36.8424534472,-1.2951556182],[36.8421348125,-1.295345231],[36.8420239146,-1.2954298281],[36.8419540241,-1.2954817601],[36.8418959363,-1.2955495342],[36.8418575858,-1.2956429237],[36.8418573799,-1.2958403204],[36.8436965349,-1.298838547],[36.8439404235,-1.299274406],[36.8440695705,-1.2994471243],[36.8441657215,-1.2996517476],[36.8441727838,-1.2996739722],[36.8443831639,-1.3000226779],[36.8445460145,-1.3002660997],[36.8445634636,-1.3002658679],[36.84483455660001,-1.3004207068],[36.8448515571,-1.3004335365],[36.8450693138,-1.3005914141],[36.8452100227,-1.3007146903],[36.8451851805,-1.3008717972],[36.8451212944,-1.3009429685],[36.84495159,-1.3009437128],[36.8447391912,-1.3008380676],[36.8445393946,-1.3007363578],[36.8442943464,-1.3005601455],[36.8440822058,-1.3003900254],[36.8437621391,-1.3001386193],[36.843588957,-1.2999286373],[36.8433604151,-1.2996587823],[36.84311006710001,-1.2993276072],[36.8429048399,-1.2990223163],[36.8427286599,-1.2987240184],[36.8425215849,-1.298387533],[36.8421720973,-1.2978095302],[36.8419184445,-1.2973811241],[36.8417704921,-1.297059765],[36.8415995665,-1.296819008],[36.8415552603,-1.2967361541],[36.8414819565,-1.2966294984],[36.8413831198,-1.2964996521],[36.8412726777,-1.2963377195],[36.8412448758,-1.2962419351],[36.8412030277,-1.2961516027],[36.8411633263,-1.296096935],[36.841125465,-1.2960351265],[36.8410566136,-1.2959349551],[36.8409856132,-1.2958187255],[36.84094918,-1.2957039528],[36.84090219010001,-1.2956375921],[36.8408523508,-1.2955206807],[36.840836658,-1.2954474346],[36.8407185679,-1.2952549301],[36.8408412355,-1.2951828976],[36.8409451505,-1.2951343581],[36.8411180216,-1.295075577],[36.84116849910001,-1.2950260168],[36.8412014315,-1.2949773537],[36.8412188443,-1.2949305114],[36.8412513709,-1.294882945],[36.841281043,-1.2948276268],[36.8412995015,-1.2947782548],[36.8413093186,-1.2947317437],[36.8413151956,-1.294662557],[36.8413615604,-1.2946695472],[36.84139974430001,-1.2947093909],[36.841440786,-1.2947594461],[36.8414842708,-1.2948122534],[36.84152727390001,-1.2948787507],[36.8415840647,-1.2949505694],[36.8416453246,-1.29501733],[36.84169074,-1.2950690911],[36.8418246012,-1.2951011197],[36.8420450228,-1.2951700681],[36.8421457898,-1.295203612],[36.8423067978,-1.2951605558],[36.8424323728,-1.2951214453],[36.8426298104,-1.2949525124],[36.8427430645,-1.2948416812],[36.8428004336,-1.294679211],[36.8428219937,-1.2945704434],[36.84283925170001,-1.2944996836],[36.8428708464,-1.2943859733],[36.842931046,-1.2940659249],[36.8430213691,-1.2936187233]]]}},{"type":"Feature","properties":{"Id":143,"Country":"Kenya","City":"Nairobi","Settlement":"Matopeni","Date_updat":"31.03.2014","kyc_pop":4102.0,"kyc_area_a":"1.73","kyc_struct":92.0,"kyc_year":2014},"geometry":{"type":"Polygon","coordinates":[[[36.8429179925,-1.2805826286],[36.8428509088,-1.2810087699],[36.8428404588,-1.2811298547],[36.8428640946,-1.2814041407],[36.8428776556,-1.2815709584],[36.8429205434,-1.2817442843],[36.8429651899,-1.2819823716],[36.8429862566,-1.2821777219],[36.84299894900001,-1.2824532096],[36.8430235348,-1.2827181562],[36.8430491772,-1.2829725545],[36.8430118717,-1.2829815253],[36.8428879123,-1.2829898141],[36.842720364,-1.2829917323],[36.8427101624,-1.2828960008],[36.8427032498,-1.2828069101],[36.84267783750001,-1.282741497],[36.8426908591,-1.2826683089],[36.842661025,-1.2825898297],[36.8426531469,-1.2824920678],[36.8426370256,-1.2823658867],[36.8426342138,-1.2822348516],[36.8426172994,-1.2821027555],[36.8425960965,-1.2819623293],[36.8425806561,-1.2817997456],[36.8425662291,-1.2815895308],[36.84253525,-1.2812908392],[36.8425930529,-1.2812650645],[36.8426941211,-1.2812107368],[36.8426958341,-1.2810069306],[36.8427337041,-1.2808939905],[36.8428138766,-1.2807464161],[36.8429179925,-1.2805826286]]]}},{"type":"Feature","properties":{"Id":142,"Country":"Kenya","City":"Nairobi","Settlement":"Mashimoni-Matopeni","Date_updat":"31.03.2014","kyc_pop":5815.0,"kyc_area_a":"7.82","kyc_struct":189.0,"kyc_year":2014},"geometry":{"type":"Polygon","coordinates":[[[36.8405466892,-1.2841813941],[36.8402779026,-1.283445068],[36.8412556673,-1.2831126919],[36.8427281759,-1.2829885207],[36.8440624619,-1.2829064926],[36.8435202982,-1.2838045653],[36.8431492719,-1.2844433296],[36.8431031644,-1.2844767353],[36.8428181147,-1.2842698252],[36.8425856668,-1.2841163526],[36.8423496872,-1.2839881322],[36.8420567254,-1.2838891678],[36.8418244651,-1.2838832142],[36.84155726880001,-1.2838592526],[36.8413089436,-1.2838857467],[36.8409599717,-1.2840057794],[36.8405466892,-1.2841813941]]]}},{"type":"Feature","properties":{"Id":77,"Country":"Kenya","City":"Nairobi","Settlement":"Angola","Date_updat":"31.03.2014","kyc_pop":3360.0,"kyc_area_a":"4.27","kyc_struct":157.0,"kyc_year":2014},"geometry":{"type":"Polygon","coordinates":[[[36.8436691919,-1.2849625258],[36.84372805130001,-1.2847808385],[36.8440121189,-1.2848709708],[36.8442597448,-1.2849687464],[36.8444648656,-1.2850462545],[36.8447659619,-1.2851476683],[36.8448812213,-1.2851556522],[36.8448338029,-1.2853688815],[36.8447911201,-1.2855868276],[36.8447555307,-1.2858092325],[36.84473020260001,-1.2859465639],[36.844682037,-1.2862056918],[36.844551111,-1.2861451711],[36.8443795815,-1.2860417499],[36.8442260336,-1.2859469953],[36.8441236524,-1.2858884078],[36.8440027654,-1.2858289549],[36.8438053944,-1.2857990307],[36.8436731309,-1.28576789],[36.8435428129,-1.2857384047],[36.8434484762,-1.2856900257],[36.8433184981,-1.2856245913],[36.8433946364,-1.2854705697],[36.843450222,-1.2853600785],[36.8435611405,-1.2851623269],[36.8436691919,-1.2849625258]]]}},{"type":"Feature","properties":{"Id":117,"Country":"Kenya","City":"Nairobi","Settlement":"Katanga","Date_updat":"31.03.2014","kyc_pop":4120.0,"kyc_area_a":"36.84","kyc_struct":124.0,"kyc_year":2014},"geometry":{"type":"Polygon","coordinates":[[[36.84326768270051,-1.2856493434686016],[36.843155060378564,-1.2855947363749498],[36.843059397478555,-1.285548420273598],[36.84296715417861,-1.2855175992726375],[36.8429109090786,-1.285476435971437],[36.84277978347857,-1.2853942481690024],[36.842640269478586,-1.2853156269666077],[36.84272332337856,-1.285179521962538],[36.842763015678585,-1.285104980260299],[36.84291866257856,-1.284871080653315],[36.84294576657861,-1.2848594380529477],[36.842964346078546,-1.2848645426531289],[36.84305379317857,-1.2849101824545006],[36.8430706804786,-1.2849119199545143],[36.84312805437859,-1.2849456960555707],[36.84329518687854,-1.2850267874579844],[36.84350730491979,-1.2851294431289466],[36.84326768270051,-1.2856493434686016]]]}},{"type":"Feature","properties":{"Id":80,"Country":"Kenya","City":"Nairobi","Settlement":"Blue Estate","Date_updat":"30.03.2014","kyc_pop":10128.0,"kyc_area_a":"7","kyc_struct":424.0,"kyc_year":2014},"geometry":{"type":"Polygon","coordinates":[[[36.8467319189,-1.2874011039],[36.846968351,-1.2876805966],[36.847221535,-1.2878308118],[36.8474205456,-1.2880138956],[36.8474663286,-1.2880721676],[36.8475517345,-1.2881623782],[36.8478387594,-1.2884419556],[36.8480366918,-1.2884750478],[36.8481125882,-1.2885348145],[36.8483917647,-1.2886276192],[36.8488434143,-1.2887376477],[36.8490424169,-1.288805225],[36.8490142355,-1.2888923619],[36.8488923581,-1.2889734741],[36.84892824950001,-1.2891885787],[36.8490099849,-1.2893264642],[36.8491005039,-1.289471477],[36.8492826811,-1.2895142974],[36.8494114781,-1.2895189943],[36.8495318648,-1.2894634956],[36.8496585226,-1.2893973772],[36.8497741892,-1.2892444786],[36.8499058218,-1.2891984086],[36.8500949554,-1.2892560868],[36.8502422401,-1.2892675397],[36.8503728938,-1.2893130903],[36.8506490962,-1.2893508359],[36.8508676752,-1.2893326311],[36.8511462036,-1.2893851089],[36.8513641728,-1.2894211937],[36.8515423444,-1.2894794491],[36.85181053790001,-1.2894897522],[36.8520873253,-1.2895514525],[36.8521833422,-1.2898946805],[36.8519163435,-1.2898330251],[36.8516723961,-1.2897567652],[36.8513883725,-1.2896987212],[36.8512454265,-1.2897300467],[36.8510436553,-1.2897609039],[36.85089336610001,-1.2898890995],[36.8507573703,-1.2900425774],[36.850608791,-1.2900847833],[36.8496904979,-1.2898536638],[36.8496201465,-1.2899378412],[36.8493000575,-1.2898141653],[36.8491733948,-1.2901224691],[36.848702492,-1.2900999952],[36.8487064824,-1.2895991112],[36.8482682501,-1.289357138],[36.8480319151,-1.2892210871],[36.847693581,-1.2890342421],[36.8473685085,-1.288853096],[36.8473276765,-1.2888599191],[36.8472568057,-1.2888234517],[36.8471394187,-1.288812655],[36.8469788241,-1.2887522015],[36.8468777891,-1.2887284308],[36.8467596208,-1.2887174927],[36.8466556128,-1.2886612122],[36.8465323911,-1.2885981693],[36.846450219,-1.2885405762],[36.8464476575,-1.288369578],[36.8465026298,-1.2881452791],[36.8466609984,-1.2877247792],[36.8467319189,-1.2874011039]]]}},{"type":"Feature","properties":{"Id":147,"Country":"Kenya","City":"Nairobi","Settlement":"Mlolongo","Date_updat":"10.09.2018","kyc_pop":7208.0,"kyc_area_a":"3","kyc_struct":322.0,"kyc_year":2018},"geometry":{"type":"Polygon","coordinates":[[[36.857552212,-1.2869973382],[36.85745805260001,-1.2867918047],[36.8573663826,-1.2866404217],[36.8572043871,-1.2860208605],[36.8571628024,-1.2857545484],[36.8571025252,-1.2854115533],[36.8575457753,-1.2853029466],[36.8576019331,-1.2855835788],[36.8576160349,-1.2857374395],[36.8576276376,-1.2859028772],[36.8576619457,-1.2859684791],[36.8576983854,-1.2861051305],[36.8577801717,-1.2865444065],[36.8578833163,-1.2868537007],[36.8578285937,-1.286916839],[36.857552212,-1.2869973382]]]}},{"type":"Feature","properties":{"Id":107,"Country":"Kenya","City":"Nairobi","Settlement":"Jerusalem Village","Date_updat":"30.03.2014","kyc_pop":6056.0,"kyc_area_a":"3","kyc_struct":578.0,"kyc_year":2014},"geometry":{"type":"Polygon","coordinates":[[[36.8636392602,-1.2842784955],[36.86358063680001,-1.2839532078],[36.8639718842,-1.2838137705],[36.8643744896,-1.2836980189],[36.8645539868,-1.2836060557],[36.8648336242,-1.2835298555],[36.8650416891,-1.2835136208],[36.8652337096,-1.2835377346],[36.8654337642,-1.2835017877],[36.8656861052,-1.2834536917],[36.86591470600001,-1.2833894891],[36.8661516101,-1.2837070495],[36.8658005497,-1.2839338443],[36.8654707655,-1.2840412504],[36.8652757628,-1.2841168941],[36.8651203559,-1.2842083796],[36.8647023102,-1.2844110007],[36.8645941558,-1.2841609663],[36.8645581383,-1.2841131544],[36.8642477913,-1.284168561],[36.8639543119,-1.2842238084],[36.8637180101,-1.284278702],[36.8636392602,-1.2842784955]]]}},{"type":"Feature","properties":{"Id":119,"Country":"Kenya","City":"Nairobi","Settlement":"Kiambiu","Date_updat":"13.11.2013","kyc_pop":90165.0,"kyc_area_a":"130.13","kyc_struct":1171.0,"kyc_year":2013},"geometry":{"type":"Polygon","coordinates":[[[36.8723697533,-1.2741265288],[36.8723078663,-1.2742843523],[36.8722209872,-1.2745684919],[36.8722718739,-1.2746746732],[36.8723665412,-1.2748353733],[36.8725372651,-1.275038788],[36.8725963249,-1.2754219195],[36.8725081778,-1.2756541534],[36.8723046073,-1.2759279938],[36.8722213391,-1.276215041],[36.8721007367,-1.2766409481],[36.87208720710001,-1.2770848894],[36.8720800102,-1.277536599],[36.8720186092,-1.2781033065],[36.8716855243,-1.278383385],[36.8713270878,-1.2784843163],[36.8708694305,-1.2786577273],[36.870655222,-1.2788021305],[36.870562089,-1.2792372149],[36.8705693644,-1.279571202],[36.8707178946,-1.2798780427],[36.8707664192,-1.2802183581],[36.8705456245,-1.2803890397],[36.8702622047,-1.2804940326],[36.86981035860001,-1.2805660635],[36.8694394332,-1.2805545947],[36.8690923869,-1.280813943],[36.8687056622,-1.2811076749],[36.8684192639,-1.2817982768],[36.8680886639,-1.2822408289],[36.86779769830001,-1.2822089971],[36.86749524920001,-1.2822840612],[36.8672450882,-1.2823491982],[36.8669433339,-1.2823690411],[36.8666137362,-1.2823690905],[36.8662197561,-1.2824687343],[36.8659373239,-1.2827660701],[36.8658535816,-1.2831247895],[36.8658701645,-1.2833784374],[36.8656494823,-1.2834545278],[36.8652635895,-1.2835518677],[36.8648269013,-1.2835154901],[36.86456891920001,-1.2835908954],[36.8643880911,-1.2837012],[36.8640791566,-1.2837814349],[36.8635654057,-1.2839564315],[36.8633978306,-1.2840603931],[36.8629647659,-1.283966652],[36.8625490015,-1.2837475542],[36.8621757028,-1.2835595253],[36.8620169769,-1.2832463593],[36.8621901098,-1.2830310059],[36.8637808528,-1.2823100762],[36.864850341,-1.2818043144],[36.86557367970001,-1.2814719026],[36.8671984361,-1.2796458999],[36.8676227806,-1.2790621621],[36.8680992921,-1.2786048428],[36.8684151056,-1.2782787045],[36.868717721,-1.2778362688],[36.86921139060001,-1.2773476248],[36.869576338,-1.276929855],[36.8697443671,-1.2766065879],[36.8700469919,-1.2757003487],[36.8703697673,-1.2747460602],[36.8711824897,-1.2737577754],[36.8718888118,-1.2728252355],[36.8723903218,-1.2722088355],[36.8727655713,-1.2717175912],[36.8732968255,-1.2712563092],[36.8738977118,-1.2708030784],[36.8742003277,-1.2705691821],[36.8741068104,-1.2700196449],[36.8738781685,-1.2695846348],[36.8736751651,-1.2692816278],[36.87390089400001,-1.2689750149],[36.8742224617,-1.2694287463],[36.8748233314,-1.2690843951],[36.8750272958,-1.269024929],[36.87513073870001,-1.2695039856],[36.874930596,-1.2696319737],[36.8747952054,-1.2698038538],[36.8747737302,-1.2700312215],[36.8747904022,-1.2703246636],[36.8748199832,-1.2706716555],[36.8747426434,-1.271061923],[36.87436403,-1.2714738085],[36.8740693457,-1.2716869557],[36.8737600207,-1.2717600372],[36.8735630667,-1.2720839562],[36.8733518237,-1.2724349057],[36.8732287025,-1.2727248984],[36.873075678,-1.2730085745],[36.8729279181,-1.2732976279],[36.8729491571,-1.2736232744],[36.872850946,-1.2738138697],[36.87288772270001,-1.2739702339],[36.8728811624,-1.274114291],[36.8727654618,-1.2742072519],[36.8726416507,-1.2742152728],[36.8725414046,-1.2741239102],[36.8723697533,-1.2741265288]]]}},{"type":"Feature","properties":{"Id":114,"Country":"Kenya","City":"Nairobi","Settlement":"Kanuku","Date_updat":"30.03.2014","kyc_pop":672.0,"kyc_area_a":"2.73","kyc_struct":145.0,"kyc_year":2014},"geometry":{"type":"Polygon","coordinates":[[[36.84904933705989,-1.2887450232020146],[36.8487404909599,-1.2886502739997239],[36.848115569659896,-1.288483803695663],[36.848034014559886,-1.288409021393851],[36.848141438759896,-1.2881982098887172],[36.8482429110599,-1.2880822927858924],[36.84841414265989,-1.2879547052827947],[36.848506829159895,-1.2878521561802865],[36.848639801459896,-1.287761877878101],[36.848761129859895,-1.2876392471751266],[36.84883142655989,-1.2875982789741247],[36.8489930760599,-1.2877488558777839],[36.849086114559896,-1.2878551560803781],[36.8491768057599,-1.287896373481376],[36.8494079170599,-1.287995399683775],[36.849614973059886,-1.2879749273832717],[36.8496934868599,-1.288012108984185],[36.849912687559886,-1.2881196834868005],[36.8500327471599,-1.2880827287858951],[36.850173310159896,-1.2880458532850123],[36.85029720725989,-1.2880500973851066],[36.85049104065989,-1.2879515365827148],[36.85064745455989,-1.2878654493806236],[36.850820176559886,-1.2877958777789258],[36.85089386155989,-1.2877263774772363],[36.8510053152599,-1.2876890895763335],[36.85124972795989,-1.287663383075692],[36.851390660259895,-1.2876299469749006],[36.851569091159895,-1.287583991073758],[36.85174360515989,-1.2875379924726642],[36.85176210995989,-1.2879283881821535],[36.851833879459896,-1.2882886920909074],[36.85192106115989,-1.2886845801005502],[36.851988673259896,-1.2889517963070747],[36.852141329759895,-1.2893224802160863],[36.85195757525989,-1.289364005317099],[36.851694951359896,-1.2893306344162918],[36.85149776055989,-1.2893172849159638],[36.851283763359895,-1.2892577894145214],[36.85102857955989,-1.289223160313673],[36.85081603355989,-1.2892263801137531],[36.85060414445989,-1.2892506597143492],[36.8504506122599,-1.289237790814039],[36.850239277959886,-1.2892087638133178],[36.8501066658599,-1.2892004657131144],[36.84992009535989,-1.2891378318115914],[36.84977457085989,-1.2891857054127598],[36.849669531359886,-1.2893322334163164],[36.8494182109599,-1.2894607472194521],[36.849317990359886,-1.2894642312195457],[36.8491003591599,-1.289417277918401],[36.8489306970599,-1.289121111811172],[36.8488925646599,-1.2889169078062042],[36.8490199893599,-1.2888360542042332],[36.84904933705989,-1.2887450232020146]]]}},{"type":"Feature","properties":{"Id":124,"Country":"Kenya","City":"Nairobi","Settlement":"Kinyango","Date_updat":"31.03.2014","kyc_pop":7670.0,"kyc_area_a":"5","kyc_struct":560.0,"kyc_year":2014},"geometry":{"type":"Polygon","coordinates":[[[36.8523452144,-1.2892829314],[36.852292977,-1.2892639582],[36.8522859267,-1.2891933886],[36.8522063898,-1.2889359836],[36.8520960775,-1.288543109],[36.8522629146,-1.2885353175],[36.8525241758,-1.2884193532],[36.8526447977,-1.2883459525],[36.8528591808,-1.2883229494],[36.8530901357,-1.2882562502],[36.8530915206,-1.2880130356],[36.8533722247,-1.2879668341],[36.8536198025,-1.2879044514],[36.8536552836,-1.288144917],[36.8536876926,-1.2882419296],[36.8538305961,-1.2884463041],[36.85396045280001,-1.2885819908],[36.8541400289,-1.2884908359],[36.8542266086,-1.2885770454],[36.854114294,-1.2887438357],[36.8539837791,-1.2888523556],[36.8537957705,-1.2890190983],[36.8535723014,-1.2890512738],[36.8532887527,-1.2891502335],[36.8530469349,-1.2891961208],[36.8528750046,-1.2891969308],[36.8527172451,-1.2892492782],[36.8525135058,-1.2892697785],[36.8523452144,-1.2892829314]]]}},{"type":"Feature","properties":{"Id":99,"Country":"Kenya","City":"Nairobi","Settlement":"Gituamba","Date_updat":"05.03.2014","kyc_pop":1520.0,"kyc_area_a":"22","kyc_struct":1019.0,"kyc_year":2014},"geometry":{"type":"Polygon","coordinates":[[[36.9111098863,-1.2355233232],[36.9115380986,-1.2356913463],[36.91203921580001,-1.2358252393],[36.9122146825,-1.2358162844],[36.9126008541,-1.2359139765],[36.9130295329,-1.2360313478],[36.9134846397,-1.2361509215],[36.9137249838,-1.2362704546],[36.9138003338,-1.2363705249],[36.914030933,-1.2364920226],[36.9142948787,-1.2365998414],[36.9146210854,-1.2366914188],[36.9149706783,-1.2368047552],[36.9152042539,-1.2368730435],[36.9154541622,-1.236885702],[36.9156750743,-1.2369866113],[36.9160741488,-1.2371447363],[36.9165618441,-1.2373506635],[36.9168053697,-1.2374565818],[36.916731701,-1.2377059927],[36.9166500081,-1.2379683068],[36.9166004804,-1.2381110173],[36.9165585086,-1.2382881076],[36.9165363488,-1.2384180039],[36.9164889855,-1.2385459037],[36.9165861049,-1.2386591947],[36.9167144875,-1.2387753497],[36.9167826476,-1.2389041586],[36.9166380295,-1.239105918],[36.9166039207,-1.23928735],[36.9165111812,-1.2393362939],[36.9162992949,-1.2392956205],[36.9160962603,-1.2392185729],[36.9160229282,-1.2391692625],[36.9158425956,-1.2390190978],[36.9157101455,-1.2388847935],[36.9155073033,-1.2387372107],[36.9152483233,-1.2385225723],[36.9149979806,-1.2382259457],[36.9148233973,-1.2380398536],[36.9146121158,-1.2378773861],[36.9143303355,-1.238076505],[36.914131404,-1.2381251816],[36.9139570597,-1.2382172139],[36.91377337030001,-1.238059457],[36.9136141814,-1.2378859068],[36.9134627253,-1.2378860177],[36.9132648553,-1.2378829493],[36.9130873121,-1.2379522467],[36.912851255,-1.2379807665],[36.9126459771,-1.2380711843],[36.9124158657,-1.2381520874],[36.9122257055,-1.2382424904],[36.912097984,-1.2381500758],[36.9120727467,-1.2380467134],[36.9120477232,-1.2378452015],[36.9118381565,-1.2377440942],[36.9116509189,-1.237582331],[36.9114890232,-1.2374446853],[36.9113992576,-1.2373138874],[36.9112250077,-1.2371813923],[36.9112750877,-1.2370827702],[36.9113157554,-1.2368957896],[36.9110935311,-1.2366993173],[36.91100069050001,-1.236562058],[36.91079846240001,-1.2362980889],[36.9109414515,-1.2361182453],[36.9109739947,-1.2358663],[36.9111102346,-1.2357105837],[36.9111098863,-1.2355233232]]]}},{"type":"Feature","properties":{"Id":144,"Country":"Kenya","City":"Nairobi","Settlement":"Migingo","Date_updat":"05.03.2014","kyc_pop":3984.0,"kyc_area_a":"10","kyc_struct":233.0,"kyc_year":2014},"geometry":{"type":"Polygon","coordinates":[[[36.9205420815,-1.2430989115],[36.9204642877,-1.2430237834],[36.9204754152,-1.2428928191],[36.9204918226,-1.2428945041],[36.9205702816,-1.2427564946],[36.920513603,-1.242553324],[36.9204552473,-1.2423483787],[36.9206165832,-1.2422321766],[36.9207896851,-1.2420684176],[36.9209567051,-1.2419320058],[36.921136827,-1.2417870896],[36.9213815493,-1.2416788169],[36.9216200451,-1.2415306432],[36.9219413018,-1.2414724119],[36.9221444919,-1.2414108905],[36.9224525309,-1.2413628842],[36.9227663348,-1.2413523704],[36.9230181704,-1.2414112303],[36.9231600378,-1.2415007363],[36.9232901551,-1.2416127397],[36.9234472857,-1.2417312898],[36.9234808161,-1.2416393992],[36.923633557,-1.2415737649],[36.9236232045,-1.2418034075],[36.9237335711,-1.2419562065],[36.92391458660001,-1.2421016203],[36.923928333,-1.2421223031],[36.9239388178,-1.2421294785],[36.9241189262,-1.2422753339],[36.9241181018,-1.2424935708],[36.924121459,-1.2427341482],[36.9240161209,-1.2426977053],[36.9239218349,-1.2426366846],[36.9236322828,-1.2426891949],[36.92328990440001,-1.2425992752],[36.9228772907,-1.2425056299],[36.9226631019,-1.2425227768],[36.9220302593,-1.2424524667],[36.9217121399,-1.24255736],[36.9213350711,-1.2426119251],[36.9209164129,-1.2428038854],[36.9205420815,-1.2430989115]]]}},{"type":"Feature","properties":{"Id":106,"Country":"Kenya","City":"Nairobi","Settlement":"Jangwani Village","Date_updat":"31.03.2014","kyc_pop":5332.0,"kyc_area_a":"15","kyc_struct":219.0,"kyc_year":2014},"geometry":{"type":"Polygon","coordinates":[[[36.8752085962,-1.2496152752],[36.87506919210001,-1.2488696335],[36.8755056684,-1.2488183375],[36.8756124019,-1.2487617711],[36.8759059388,-1.2486034411],[36.87615477390001,-1.2484897398],[36.8763594201,-1.248239162],[36.875871663,-1.2479736224],[36.8760725613,-1.2474133678],[36.8765505608,-1.2476880766],[36.8769804479,-1.2479232652],[36.8772457557,-1.248193799],[36.8775307676,-1.2484267649],[36.87776756280001,-1.2487001365],[36.8772778872,-1.2490049858],[36.876838068,-1.249205643],[36.8764733246,-1.2493008447],[36.87610197400001,-1.2493978688],[36.8760949715,-1.2494050561],[36.8756135339,-1.2494529402],[36.8752085962,-1.2496152752]]]}},{"type":"Feature","properties":{"Id":112,"Country":"Kenya","City":"Nairobi","Settlement":"Kamwanya","Date_updat":"27.02.2014","kyc_pop":12000.0,"kyc_area_a":"4","kyc_struct":1173.0,"kyc_year":2014},"geometry":{"type":"Polygon","coordinates":[[[36.6893670555,-1.2884015693],[36.6896534139,-1.2884430294],[36.68974475270001,-1.2883099312],[36.6898300371,-1.2883028946],[36.6899728464,-1.2883019816],[36.6901233831,-1.2883209698],[36.6902902164,-1.2883238359],[36.6904540931,-1.2883363348],[36.6906215204,-1.2883488473],[36.6908248327,-1.2883678277],[36.6909508882,-1.2883968408],[36.691054387,-1.2884291128],[36.6912880342,-1.288464095],[36.691428585,-1.2884698084],[36.6914848499,-1.2884398919],[36.6914802559,-1.2883178452],[36.6915133524,-1.2883109401],[36.6917992864,-1.288283942],[36.6920798665,-1.2883107718],[36.6921341269,-1.2884822236],[36.6921016405,-1.2887143105],[36.6920496385,-1.2888343004],[36.6919826913,-1.2888859332],[36.6918851552,-1.2888955024],[36.6917503414,-1.2888599057],[36.6916057852,-1.2888113357],[36.69156810220001,-1.2888983856],[36.6914970776,-1.2890294348],[36.691394074,-1.2890227757],[36.6912336366,-1.2889872769],[36.6911151995,-1.2889678865],[36.6910483278,-1.2889232126],[36.690994114,-1.2889008409],[36.6908825651,-1.288872056],[36.6906852747,-1.2888464185],[36.6904855447,-1.2888558133],[36.6903937023,-1.2888462153],[36.6903860158,-1.288747449],[36.6901390067,-1.288747441],[36.6899708777,-1.2887346153],[36.6898728098,-1.2887345793],[36.6897433398,-1.2887377184],[36.6896037502,-1.2887026855],[36.6895226277,-1.2887059554],[36.6893950022,-1.2886803648],[36.6893030047,-1.288680274],[36.6893380821,-1.2884916285],[36.6893670555,-1.2884015693]]]}},{"type":"Feature","properties":{"Id":113,"Country":"Kenya","City":"Nairobi","Settlement":"Kandutu Village","Date_updat":"27.02.2014","kyc_pop":1200.0,"kyc_area_a":"3","kyc_struct":337.0,"kyc_year":2014},"geometry":{"type":"Polygon","coordinates":[[[36.6963383657,-1.2892501912],[36.6964610244,-1.2892630395],[36.69670782110001,-1.2892785061],[36.6969896199,-1.2892787802],[36.6973144974,-1.2892798551],[36.6974978021,-1.289270025],[36.6975354385,-1.2896198958],[36.6975466172,-1.2897760705],[36.6976041442,-1.2898111943],[36.6977470065,-1.2897868244],[36.6979083167,-1.2897565842],[36.698017107,-1.2897186111],[36.6981447669,-1.2896804727],[36.6981805447,-1.2898905868],[36.6982058919,-1.2899342907],[36.6983089134,-1.2899343907],[36.6983791824,-1.2898907796],[36.6985040373,-1.2898625702],[36.6985111147,-1.2899580491],[36.6985593952,-1.2900614485],[36.6986830131,-1.2900799326],[36.6987842949,-1.2901378799],[36.69880331140001,-1.2901835942],[36.6988217528,-1.2903211489],[36.698814324,-1.2904564086],[36.698661534,-1.2904518221],[36.6985332683,-1.2904311787],[36.6984819999,-1.2905366198],[36.6984186571,-1.2906302166],[36.6983065566,-1.2907752235],[36.6982223242,-1.2907320337],[36.6980312241,-1.2906072067],[36.6978051094,-1.2904499353],[36.6974774185,-1.2902139849],[36.6975328065,-1.2901201849],[36.6975353644,-1.2900610976],[36.6975304471,-1.2899887079],[36.6975294821,-1.2899193511],[36.69749198200001,-1.289863142],[36.6974135707,-1.2898306965],[36.6973471836,-1.28979518],[36.697263902,-1.2898124782],[36.6972196656,-1.2897895319],[36.6971520343,-1.2897739537],[36.6970966907,-1.2897838887],[36.6970841223,-1.2898442625],[36.69703562,-1.2898367228],[36.6969589094,-1.2898065089],[36.6968628813,-1.2897477802],[36.69674737450001,-1.2896852347],[36.6966498709,-1.289616019],[36.6965347852,-1.2895643885],[36.6964435695,-1.2895064828],[36.6963351591,-1.2894507276],[36.6962541304,-1.2893971097],[36.6961706083,-1.2893658576],[36.6960671055,-1.2893256639],[36.6959621557,-1.2892820544],[36.6958197785,-1.2892213306],[36.6957778306,-1.2891827305],[36.6957671781,-1.2891371776],[36.6958214128,-1.2891118225],[36.6959335182,-1.2890854576],[36.6960339063,-1.2890715624],[36.696122836,-1.2890420013],[36.6962050985,-1.2889738093],[36.6963140602,-1.2889661157],[36.6963076731,-1.289017871],[36.6963216922,-1.2890939202],[36.6963383657,-1.2892501912]]]}},{"type":"Feature","properties":{"Id":130,"Country":"Kenya","City":"Nairobi","Settlement":"Kuwinda","Date_updat":"23.02.2014","kyc_pop":7000.0,"kyc_area_a":"1.96","kyc_struct":288.0,"kyc_year":2014},"geometry":{"type":"Polygon","coordinates":[[[36.7437556724,-1.3351816286],[36.7437789089,-1.3350660771],[36.743849112,-1.3350539683],[36.7438441244,-1.3349716326],[36.7438570317,-1.334847713],[36.7438880882,-1.3346988983],[36.7440229959,-1.3341025248],[36.7440456299,-1.334115446],[36.7441636224,-1.334101254],[36.7443397431,-1.3340996615],[36.7445107022,-1.3340711063],[36.7446614476,-1.3340491152],[36.7447481447,-1.3342307583],[36.7448659097,-1.334400315],[36.74494558810001,-1.334538687],[36.7449727604,-1.3346338263],[36.7450029723,-1.3347608399],[36.7450103281,-1.3347849657],[36.7450100634,-1.3348377401],[36.7449919207,-1.3349046864],[36.745005959,-1.3350692295],[36.7448429303,-1.3350690249],[36.7447838139,-1.3351159416],[36.744680253,-1.3351297275],[36.7445638888,-1.335150301],[36.7444482651,-1.335154787],[36.7442805912,-1.3351734607],[36.7442336383,-1.3351983816],[36.744045023,-1.335218922],[36.7439248933,-1.3352169893],[36.7437556724,-1.3351816286]]]}},{"type":"Feature","properties":{"Id":121,"Country":"Kenya","City":"Nairobi","Settlement":"Kibagare","Date_updat":"27.02.2014","kyc_pop":30000.0,"kyc_area_a":"145","kyc_struct":1287.0,"kyc_year":2014},"geometry":{"type":"Polygon","coordinates":[[[36.75735779569999,-1.2584139102999643],[36.75732670230013,-1.2584388934000117],[36.757348635100016,-1.2584832050000045],[36.7574009539,-1.2585752169999864],[36.75742662599998,-1.2586962318999326],[36.757468912399986,-1.258734807299959],[36.75767110250001,-1.2586678214000244],[36.75817628260006,-1.2584699564999369],[36.7585151577,-1.2583282305000125],[36.758910199900015,-1.2581843867999396],[36.759387277800045,-1.258013423600005],[36.75957998199999,-1.2579158230999496],[36.759755727325114,-1.2578663207284535],[36.759717608100004,-1.2577513684998962],[36.759808555300026,-1.2577076968000256],[36.75994542380005,-1.2576595976000249],[36.759972212700006,-1.2577155024999342],[36.7600523210001,-1.2576967943999762],[36.7601755389,-1.257633207499964],[36.76027664190008,-1.257553158099995],[36.760403031500005,-1.2574991829000055],[36.76066335490003,-1.2573687673000222],[36.76074666249997,-1.257322796599965],[36.76090090380001,-1.2572402383999588],[36.76100140379998,-1.2571480528000052],[36.761134178500015,-1.257102897100026],[36.761217881899995,-1.2570256329000244],[36.76150028770007,-1.256887704099995],[36.76161598200008,-1.256803488599985],[36.761776349800016,-1.2567195909999214],[36.76189572380008,-1.2566520333999733],[36.76209042059992,-1.2565655986999218],[36.76223858909998,-1.2564951053000186],[36.76232299020012,-1.2564845603999402],[36.76238345070004,-1.2564178628999798],[36.762386030100004,-1.2562349566999274],[36.76247163650004,-1.2562560451999616],[36.76254729179999,-1.2564488775999507],[36.7626716936,-1.256454033099999],[36.762835390700104,-1.2564709209999592],[36.76306373500006,-1.2564867768999193],[36.76323681529999,-1.2565035947999945],[36.76349610800003,-1.2565018409000004],[36.76359691779999,-1.2565372419999221],[36.7636458165,-1.2565853347999791],[36.76369128359994,-1.2566570073000207],[36.76372700040014,-1.2566863086998978],[36.76372323999999,-1.256862187500019],[36.76362373439997,-1.2568808158999332],[36.763163115485554,-1.2568467216873955],[36.76288112510002,-1.2567916892999733],[36.7625097615001,-1.2567760281999085],[36.76225967340014,-1.2568654711000136],[36.76205717060003,-1.2570186953000189],[36.761866344400005,-1.2571269420998874],[36.76160239170014,-1.2572629768999377],[36.76132123310009,-1.2574518274998923],[36.761101830700056,-1.2575444452999704],[36.76086257760005,-1.2576855605999526],[36.7607239262,-1.2577572009998903],[36.76051331650001,-1.2578728509000143],[36.76022567087375,-1.2580804722189214],[36.76008349699998,-1.2581184970999288],[36.75989254633299,-1.2581994452692697],[36.75982116250293,-1.2582410858368007],[36.759678394842524,-1.2583065210145037],[36.75956537044465,-1.258360058887149],[36.75960184119998,-1.2584887445999016],[36.759702214300034,-1.258617555399951],[36.75974977867253,-1.2588537970458447],[36.75938691086935,-1.2590382052738391],[36.759137067463655,-1.2591214864090716],[36.758938300400075,-1.258569997699965],[36.75887244720002,-1.2586198431999378],[36.758666695800116,-1.2586980396000058],[36.758398799300096,-1.2588314358000048],[36.758150299900024,-1.2589791946999753],[36.7578419643001,-1.2591535782999017],[36.757513924299985,-1.2593622472999186],[36.757034921500065,-1.259550320799974],[36.756956646700075,-1.2593480503999217],[36.756864540100025,-1.2591564191000089],[36.756810666800106,-1.2591799944999593],[36.756534060000035,-1.259269204099951],[36.75629832390007,-1.2593280271000253],[36.756191923500126,-1.2593037939999476],[36.75611412340004,-1.2592347639999275],[36.756098135300135,-1.259065424399978],[36.7562302842,-1.2590271186999757],[36.75644660300003,-1.2589649554000175],[36.75656666340001,-1.2588864315000023],[36.75657816219996,-1.2587667007999812],[36.75658299579999,-1.2585967478999578],[36.756664890300044,-1.258425437699998],[36.756868146099976,-1.2583081117999768],[36.756989987300074,-1.2582031987000164],[36.75710952820009,-1.258131135899987],[36.757236924299946,-1.2580495388999111],[36.75741886690014,-1.257965044499997],[36.75755435570005,-1.25793508619995],[36.75771040519999,-1.257853462900016],[36.75776847660012,-1.257799171600027],[36.757818410200116,-1.2577356337000083],[36.757906438599946,-1.2577615867999725],[36.758004682800106,-1.2577062271999466],[36.758141405400124,-1.257622663999939],[36.75816813940003,-1.2576769890999913],[36.75828425410009,-1.2580584331000182],[36.75815824480003,-1.2581461844998785],[36.75798457640002,-1.2582042322999314],[36.75787653910004,-1.2580988655999477],[36.757799762499985,-1.258099705099994],[36.75772080770014,-1.2582563628998855],[36.757582702399986,-1.2583261365999192],[36.75735779569999,-1.2584139102999643]]]}},{"type":"Feature","properties":{"Id":98,"Country":"Kenya","City":"Nairobi","Settlement":"Githongori Village","Date_updat":"27.02.2014","kyc_pop":6000.0,"kyc_area_a":"30","kyc_struct":620.0,"kyc_year":2014},"geometry":{"type":"Polygon","coordinates":[[[36.820930293900034,-1.2188119283999868],[36.82102800710003,-1.2169676402000151],[36.8215264468728,-1.2164424532179512],[36.821928659700035,-1.2158599454999912],[36.822257973599996,-1.2154406118999919],[36.82241704450002,-1.21525119299999],[36.82261593730004,-1.2150689940999884],[36.82302263349999,-1.2147607488999506],[36.823421215300044,-1.2146147555000038],[36.82390051509999,-1.2144549413000094],[36.82448961460004,-1.2144831106000027],[36.82462426660002,-1.2145244205999621],[36.8245259789,-1.213981711299966],[36.82448424640004,-1.2133043301000117],[36.82471139700001,-1.2134988369999893],[36.82519294680001,-1.2137361684000298],[36.82541585500004,-1.2138955115999763],[36.82569412660001,-1.2140595494000033],[36.826347039500035,-1.2143879652999938],[36.82629036000004,-1.2145238451999498],[36.826114776500006,-1.2147208932999773],[36.826194301099996,-1.2148442885999642],[36.826349100200005,-1.2149680425999692],[36.826439832400006,-1.215181378299974],[36.826438445500045,-1.215351166399969],[36.82645967733897,-1.2154907810723663],[36.8264893873049,-1.2157462292748376],[36.82649532929808,-1.2162274223347038],[36.8274401062154,-1.2168452503352056],[36.82717271652177,-1.2179086270430075],[36.82643590936619,-1.2178195172791693],[36.825962568112715,-1.2185113135023038],[36.8256640937872,-1.2182892432940147],[36.82567103505056,-1.217657731039067],[36.82266096030002,-1.2177287083999941],[36.822108122699994,-1.217871605400001],[36.821666911934415,-1.2181661350671402],[36.820930293900034,-1.2188119283999868]]]}},{"type":"Feature","properties":{"Id":125,"Country":"Kenya","City":"Nairobi","Settlement":"Kisii Village","Date_updat":"24.02.2014","kyc_pop":7490.0,"kyc_area_a":"","kyc_struct":402.0,"kyc_year":2014},"geometry":{"type":"Polygon","coordinates":[[[36.8397431411,-1.311321101],[36.8397934134,-1.311229447],[36.8398416235,-1.311031225],[36.8399185149,-1.3106621084],[36.8399704602,-1.310426909],[36.8399995858,-1.3102659662],[36.8400356469,-1.3100590277],[36.8400651642,-1.3098982031],[36.8400677687,-1.3098262182],[36.8400631158,-1.3096592561],[36.84006856,-1.3095276895],[36.8400872616,-1.3095062447],[36.8401099212,-1.309492323],[36.8401309066,-1.3094918108],[36.84016733770001,-1.3095004851],[36.8402153443,-1.3095127181],[36.8402555877,-1.3095136672],[36.8402747584,-1.309513208],[36.840302531,-1.3094343759],[36.8403360931,-1.3094433482],[36.8403744669,-1.3093656332],[36.8404180995,-1.30938221],[36.8404563916,-1.3092805411],[36.8405197923,-1.3092787667],[36.8406628154,-1.3088354003],[36.8408817994,-1.3089094258],[36.840839955,-1.3090101011],[36.84081816090001,-1.3090622106],[36.8407892382,-1.3091438727],[36.840771313,-1.3092104685],[36.8407517685,-1.3093008578],[36.8407396677,-1.3093964167],[36.8407419089,-1.3094611617],[36.8407568036,-1.3095202327],[36.8407900694,-1.3096038439],[36.8408396534,-1.3096579778],[36.8408781593,-1.3097067142],[36.8409092771,-1.3097390609],[36.8409605412,-1.3097637224],[36.8410268544,-1.3097826689],[36.841083995,-1.3098036028],[36.8412013354,-1.3098186772],[36.8414199504,-1.3098518431],[36.8415725181,-1.3098656519],[36.84167184660001,-1.3098722857],[36.8418498661,-1.3099160142],[36.8422676473,-1.3101180638],[36.8425035842,-1.310232386],[36.842718229,-1.3103429981],[36.8428880226,-1.3104513079],[36.8430280304,-1.3105342051],[36.8431732604,-1.3106618465],[36.8431927555,-1.3106987695],[36.8433238578,-1.3108673446],[36.8433653361,-1.3110546323],[36.8433997342,-1.3111479282],[36.84345052,-1.3112353183],[36.8435120928,-1.3113113883],[36.8435516009,-1.3113658888],[36.8436300609,-1.3114417456],[36.8437130299,-1.3114622573],[36.8438178856,-1.3114768201],[36.8439782963,-1.3115453612],[36.8440680605,-1.3116156175],[36.84417634210001,-1.3118069108],[36.8442342658,-1.3119604516],[36.8442412364,-1.3120267377],[36.8440992358,-1.312175989],[36.844001407,-1.3123679066],[36.8438942668,-1.3125335917],[36.842460524,-1.3123477348],[36.8423290564,-1.3122039713],[36.8420377699,-1.3120196954],[36.8417475176,-1.3118872992],[36.8418906513,-1.3116189648],[36.8419561315,-1.3116434427],[36.8420955232,-1.3113826661],[36.8419289138,-1.3113047324],[36.8421119345,-1.3110812483],[36.8421277072,-1.3109879051],[36.8421787509,-1.3109141139],[36.8422035613,-1.310836303],[36.8421589991,-1.3107810028],[36.8420668872,-1.310743665],[36.8421350821,-1.3106351391],[36.84218215,-1.3105483078],[36.8421992351,-1.3105092541],[36.8421207394,-1.3104589255],[36.8419464014,-1.3103629068],[36.841823997,-1.3102832674],[36.841771702,-1.3102627062],[36.8416166994,-1.3103517935],[36.8415440962,-1.3104261961],[36.8414793116,-1.3104230722],[36.8413668043,-1.3103907843],[36.8412501378,-1.3103543077],[36.8411294411,-1.3103178633],[36.8409918092,-1.3102946057],[36.8408543733,-1.3102799368],[36.8406611047,-1.3102534227],[36.840497981,-1.3102306638],[36.8403266078,-1.3102082028],[36.8402111806,-1.310197565],[36.8401801833,-1.3102233838],[36.8400793242,-1.3106628816],[36.8399722011,-1.3111991758],[36.8399243268,-1.3113449347],[36.8397431411,-1.311321101]]]}},{"type":"Feature","properties":{"Id":102,"Country":"Kenya","City":"Nairobi","Settlement":"Hazina Village","Date_updat":"25.02.2014","kyc_pop":4765.0,"kyc_area_a":"","kyc_struct":305.0,"kyc_year":2014},"geometry":{"type":"Polygon","coordinates":[[[36.8471761534,-1.31404297],[36.8471516048,-1.3140108994],[36.8471730915,-1.3139836757],[36.8471870896,-1.313946834],[36.8471925617,-1.3138418684],[36.8472246078,-1.3137243182],[36.8472696182,-1.3136479008],[36.8473541865,-1.3136918211],[36.8474573897,-1.3136898351],[36.8476114264,-1.3136680921],[36.8478602509,-1.3135663805],[36.8480225523,-1.3135517396],[36.8482186873,-1.3135292545],[36.8483887645,-1.3134706306],[36.8485808898,-1.3134005177],[36.8487436664,-1.3133568874],[36.8488546597,-1.3133289975],[36.8489919715,-1.3133191738],[36.84908902880001,-1.3133434053],[36.8492156821,-1.3133597081],[36.8493424186,-1.3133797177],[36.8496178625,-1.3134008224],[36.8497299881,-1.3134209099],[36.84980487390001,-1.3134342285],[36.8497956854,-1.3135195807],[36.8497937596,-1.3136388244],[36.8497911453,-1.3137320949],[36.8497544217,-1.3137774983],[36.8496799312,-1.3137789071],[36.8496426028,-1.3137721666],[36.8495757009,-1.3137808784],[36.8495466816,-1.3138372377],[36.8495478786,-1.3139264356],[36.8495493729,-1.3140378009],[36.8495474517,-1.3141713114],[36.8494973711,-1.3143238917],[36.8494278039,-1.3144025712],[36.8493398833,-1.3144813693],[36.8492669083,-1.3145560718],[36.8491786896,-1.3145868092],[36.8491878546,-1.314447088],[36.8491603207,-1.3143259849],[36.8489944989,-1.3141330095],[36.8489124248,-1.3140937474],[36.8488415509,-1.3140616575],[36.848744932,-1.314041125],[36.8486814511,-1.3140125821],[36.8486145264,-1.3139989261],[36.8485805408,-1.3139661278],[36.8485469101,-1.3139518716],[36.8485024632,-1.3139526566],[36.84842492120001,-1.3139651638],[36.8483697762,-1.3139846954],[36.84831835240001,-1.3140041549],[36.8481267946,-1.3140483176],[36.8479381298,-1.3140737977],[36.8478192141,-1.3140721324],[36.8476963899,-1.3140668207],[36.8475266374,-1.3140772891],[36.8478893607,-1.3141968682],[36.8478725337,-1.3142600282],[36.847851275,-1.3142936521],[36.8477582728,-1.3142842249],[36.8475781971,-1.3142245382],[36.84739928850001,-1.3141610607],[36.8471761534,-1.31404297]]]}},{"type":"Feature","properties":{"Id":101,"Country":"Kenya","City":"Nairobi","Settlement":"Hazina Sokoni","Date_updat":"25.02.2014","kyc_pop":5782.0,"kyc_area_a":"","kyc_struct":255.0,"kyc_year":2014},"geometry":{"type":"Polygon","coordinates":[[[36.8446571219,-1.3126787033],[36.8447559283,-1.3124189377],[36.8448185941,-1.3124344673],[36.8449146726,-1.3124577251],[36.8449984219,-1.3124895168],[36.8451152904,-1.3125124083],[36.8452527305,-1.3125224624],[36.8453658076,-1.3125662123],[36.8454843585,-1.3126517856],[36.8456193968,-1.3127575474],[36.8457783642,-1.3128376346],[36.845883259,-1.3128939564],[36.8460297877,-1.3129454598],[36.8461266341,-1.3130144222],[36.84623642430001,-1.3130998819],[36.846354249,-1.3131726871],[36.84650144470001,-1.3132698249],[36.846627316,-1.3133382403],[36.8467572424,-1.3133982957],[36.8468959637,-1.3134790641],[36.8469927659,-1.3135315677],[36.8470722258,-1.3135427449],[36.84726204260001,-1.313639722],[36.8472458741,-1.3136691953],[36.847217165,-1.3136988663],[36.8471975258,-1.3137659589],[36.8471779572,-1.3138372304],[36.8471788398,-1.3138872606],[36.8471795022,-1.3139247835],[36.8471677137,-1.3139666761],[36.8471392296,-1.3140088316],[36.847096979,-1.3139803165],[36.846790578,-1.3138722541],[36.8464677148,-1.3137192878],[36.8461486482,-1.3135587297],[36.84614018,-1.3135505642],[36.8459056741,-1.3134382359],[36.8458805758,-1.313426206],[36.8456248932,-1.3132728399],[36.8454104286,-1.3131519283],[36.8452302945,-1.3130554411],[36.8450858638,-1.3129330817],[36.8446571219,-1.3126787033]]]}},{"type":"Feature","properties":{"Id":94,"Country":"Kenya","City":"Nairobi","Settlement":"Fuata Nyayo","Date_updat":"01.04.2014","kyc_pop":22388.0,"kyc_area_a":"3","kyc_struct":1393.0,"kyc_year":2014},"geometry":{"type":"Polygon","coordinates":[[[36.83780225450001,-1.3089660834],[36.8378296807,-1.3088381121],[36.8378498878,-1.3087717038],[36.8378830429,-1.3086398561],[36.8378928872,-1.3085873395],[36.83789246780001,-1.3085047106],[36.83789947290001,-1.3083994294],[36.8379251868,-1.3081395542],[36.8379348492,-1.3079884833],[36.8379365455,-1.3079029806],[36.8379387607,-1.3078468953],[36.837943727,-1.3077651409],[36.8379317557,-1.3077221165],[36.83789919550001,-1.3076922647],[36.83797428390001,-1.3076813345],[36.8380366197,-1.3076738311],[36.8381514849,-1.307647788],[36.8383272249,-1.3076222735],[36.8384581311,-1.307597549],[36.8385379107,-1.3075801308],[36.8386658121,-1.307566668],[36.8387743293,-1.3075439392],[36.838887537,-1.3075147223],[36.8389795975,-1.3074804183],[36.8391663081,-1.3073829394],[36.8394297607,-1.3072190573],[36.8397602316,-1.3069791212],[36.8398950132,-1.3068794926],[36.8399588014,-1.3068101096],[36.8400488579,-1.3067533297],[36.8401609748,-1.306657118],[36.840240731,-1.306571195],[36.8402535018,-1.3065579684],[36.8403395114,-1.3064589337],[36.84039339470001,-1.3063832205],[36.8404477946,-1.3063335136],[36.8405125675,-1.3063128803],[36.84063361440001,-1.3063432715],[36.8407512629,-1.3063899361],[36.8408592145,-1.306440006],[36.8409936422,-1.306518834],[36.8411873652,-1.3066485533],[36.841298771,-1.3067212007],[36.8413902361,-1.3068101682],[36.8414482353,-1.3069520834],[36.8414844467,-1.3071077567],[36.8415078986,-1.3074846507],[36.8414750345,-1.3077289989],[36.8414393755,-1.3078600431],[36.8414178563,-1.3080337789],[36.8413784408,-1.3081819239],[36.8413023707,-1.3082949024],[36.8412219269,-1.3083718125],[36.8411415344,-1.3084617413],[36.8410290544,-1.3085915745],[36.8409280591,-1.3088251061],[36.8408834487,-1.3089022759],[36.8406591289,-1.3088283746],[36.8405233106,-1.3092344408],[36.8405097963,-1.3092752488],[36.8404523896,-1.3092740341],[36.8404128808,-1.3093758793],[36.8403661402,-1.3093592056],[36.8403295998,-1.3094376616],[36.8402913105,-1.3094288879],[36.840267287,-1.3095067873],[36.8400962195,-1.3094745925],[36.840060256,-1.3095202912],[36.8398773615,-1.3094672872],[36.8397714799,-1.3094488994],[36.8395923779,-1.3094169626],[36.8394362348,-1.3093829021],[36.8393749399,-1.309374996],[36.83919669560001,-1.3093226937],[36.8391586894,-1.309334115],[36.8390816677,-1.3093462267],[36.83896189430001,-1.3093551914],[36.838864694,-1.3093579052],[36.838797528,-1.3093474591],[36.83780225450001,-1.3089660834]]]}},{"type":"Feature","properties":{"Id":138,"Country":"Kenya","City":"Nairobi","Settlement":"Mariguini","Date_updat":"28.02.2014","kyc_pop":30708.0,"kyc_area_a":"6.7","kyc_struct":1095.0,"kyc_year":2014},"geometry":{"type":"Polygon","coordinates":[[[36.835783861,-1.3087344074],[36.8359035474,-1.3084983541],[36.8359950908,-1.3082624347],[36.8360252692,-1.3080731782],[36.83614022100001,-1.3077857326],[36.8361892087,-1.3076422447],[36.8363328149,-1.3077416199],[36.8364587631,-1.3077901849],[36.8365620621,-1.3078280671],[36.8367508281,-1.3078472007],[36.8370365515,-1.3078416096],[36.837391079,-1.3078232401],[36.8375568577,-1.3078031305],[36.837773777,-1.307759218],[36.837881581,-1.307700046],[36.8379220732,-1.3077222417],[36.837934839,-1.3077964717],[36.8379218964,-1.3080372462],[36.8378981528,-1.3083360413],[36.8378843639,-1.3085424996],[36.8378310636,-1.3087779023],[36.8377939559,-1.3089554905],[36.8375124483,-1.3091652883],[36.8373677666,-1.3093437419],[36.8373074046,-1.3094581144],[36.8369404413,-1.3098431932],[36.8363547246,-1.3092932059],[36.8360931438,-1.3090478116],[36.835783861,-1.3087344074]]]}},{"type":"Feature","properties":{"Id":103,"Country":"Kenya","City":"Nairobi","Settlement":"Highridge","Date_updat":"12.03.2014","kyc_pop":2688.0,"kyc_area_a":"28.81","kyc_struct":365.0,"kyc_year":2014},"geometry":{"type":"Polygon","coordinates":[[[36.8891157382,-1.2508018983],[36.8896972488,-1.25061079],[36.8905319555,-1.2502731531],[36.8910902068,-1.2499413492],[36.8912127899,-1.2497135586],[36.8914211363,-1.2490533112],[36.8915685977,-1.2487496718],[36.8925099892,-1.2480487552],[36.8926488257,-1.2482540738],[36.8926596756,-1.2484368296],[36.8925630707,-1.2487352458],[36.8925055088,-1.2492884623],[36.8924367717,-1.249552152],[36.8925060065,-1.2498554399],[36.8926190748,-1.2499974359],[36.89274482670001,-1.2500962148],[36.8930026568,-1.2502575604],[36.8930274194,-1.2504518667],[36.8930840949,-1.2506770959],[36.8931023087,-1.2509276491],[36.8931519495,-1.2512154686],[36.8931956012,-1.2514593842],[36.8932764965,-1.2516655746],[36.8933323022,-1.2520215994],[36.8933824428,-1.2521904484],[36.893420055,-1.2523217924],[36.8934200607,-1.2524155582],[36.893393583,-1.2525327442],[36.8933529288,-1.2527098575],[36.8932519973,-1.252795299],[36.8931266351,-1.252868516],[36.8930018864,-1.252911337],[36.89281466170001,-1.2529717102],[36.89262852770001,-1.253009588],[36.89245494230001,-1.2530113449],[36.892355611,-1.2530123515],[36.8922127068,-1.2529087693],[36.8920943583,-1.2528217628],[36.8919884028,-1.2526486137],[36.8918326589,-1.2523673428],[36.8916213472,-1.2522226414],[36.8914477235,-1.2522525613],[36.8911875271,-1.2523134499],[36.8910506243,-1.252462867],[36.8909569529,-1.2526436967],[36.8908817292,-1.2528248676],[36.8902469401,-1.2522205411],[36.8898711315,-1.251748998],[36.8891157382,-1.2508018983]]]}},{"type":"Feature","properties":{"Id":100,"Country":"Kenya","City":"Nairobi","Settlement":"Grogan B","Date_updat":"10.09.2018","kyc_pop":2538.0,"kyc_area_a":"20","kyc_struct":451.0,"kyc_year":2018},"geometry":{"type":"Polygon","coordinates":[[[36.8871531956,-1.2515962994],[36.8871282378,-1.2515181065],[36.8871465281,-1.2512512583],[36.8872297471,-1.2510114301],[36.8872760001,-1.250674223],[36.8873643186,-1.2503495685],[36.8874389132,-1.2501960234],[36.887518388,-1.2500001002],[36.8875279321,-1.249859823],[36.8875654881,-1.2497473982],[36.8875469296,-1.2496536337],[36.8875610705,-1.249555153],[36.8876268012,-1.2493908127],[36.8877346302,-1.249310894],[36.8878098019,-1.2492073838],[36.8879084326,-1.2491226165],[36.8879787863,-1.2491084788],[36.88823274550001,-1.2490652075],[36.8884015441,-1.2490138109],[36.8885047497,-1.2489670681],[36.88857057460001,-1.2488126842],[36.8885707496,-1.2486393241],[36.8885567881,-1.248498555],[36.8885334029,-1.2483528988],[36.8884911446,-1.2482258746],[36.888519509,-1.248065699],[36.8885903498,-1.2479005585],[36.8887036197,-1.2477731013],[36.8888402702,-1.2476836454],[36.8889203493,-1.24762716],[36.8890239101,-1.2475142076],[36.8890287032,-1.2474528461],[36.8890759704,-1.2472782787],[36.8890947607,-1.247118107],[36.8891462929,-1.2469489571],[36.8892120347,-1.2468362626],[36.88932504050001,-1.2468080929],[36.8894525711,-1.2468264861],[36.8895464682,-1.2468834329],[36.8898084957,-1.2469238268],[36.8899168465,-1.2469049172],[36.8900345453,-1.246848399],[36.8901286682,-1.2467731051],[36.8902227621,-1.2465849234],[36.8904628274,-1.2462695798],[36.8906939717,-1.2459017182],[36.8907601553,-1.2457553067],[36.8908072015,-1.245750746],[36.8909151514,-1.2458031349],[36.8909571448,-1.2458882912],[36.8910130927,-1.2459781323],[36.8910914554,-1.2461106626],[36.8911649768,-1.2462285614],[36.8911823968,-1.2464021204],[36.8912469017,-1.2464863836],[36.8913157895,-1.2466358197],[36.8913197222,-1.2467803584],[36.8912726138,-1.2469481062],[36.8912437496,-1.2471061162],[36.8912760134,-1.2472223286],[36.8912303566,-1.2472977947],[36.8910957428,-1.247330298],[36.8908679767,-1.2474652956],[36.8905273844,-1.2477495106],[36.8902425678,-1.2479589756],[36.8899352531,-1.2481916843],[36.8897679723,-1.2483502677],[36.8896144559,-1.2485415686],[36.8895027811,-1.2486492337],[36.8894048637,-1.2488216431],[36.8892696429,-1.2490776748],[36.8891578463,-1.2492690884],[36.8890367955,-1.2494416001],[36.8888924399,-1.2495812598],[36.8886318934,-1.2498375071],[36.8881603135,-1.2504188868],[36.8880365859,-1.2506457774],[36.8879869304,-1.2508120374],[36.887983725,-1.2509732629],[36.888036468,-1.251175301],[36.8871531956,-1.2515962994]]]}},{"type":"Feature","properties":{"Id":128,"Country":"Kenya","City":"Nairobi","Settlement":"Korogocho B","Date_updat":"12.03.2014","kyc_pop":10000.0,"kyc_area_a":"38","kyc_struct":569.0,"kyc_year":2014},"geometry":{"type":"Polygon","coordinates":[[[36.8896992811,-1.2516180638],[36.8894120185,-1.2519738019],[36.88895157830001,-1.2525177177],[36.8883547095,-1.2530559653],[36.8881518287,-1.253273547],[36.8877223875,-1.2538334257],[36.8868566194,-1.2547353331],[36.8865586641,-1.255139279],[36.8862416422,-1.2556481526],[36.8860924696,-1.2559846511],[36.8860057118,-1.2563695416],[36.8854041286,-1.2558489943],[36.8854423541,-1.2558095538],[36.8870390782,-1.2540220671],[36.88591885370001,-1.2530551088],[36.8862038094,-1.2527484953],[36.8864192339,-1.2525215426],[36.8871619021,-1.2516141165],[36.8890632713,-1.250810751],[36.8896992811,-1.2516180638]]]}},{"type":"Feature","properties":{"Id":127,"Country":"Kenya","City":"Nairobi","Settlement":"Korogocho A","Date_updat":"10.09.2018","kyc_pop":3000.0,"kyc_area_a":"8.13","kyc_struct":630.0,"kyc_year":2018},"geometry":{"type":"Polygon","coordinates":[[[36.8891718818,-1.254432563],[36.8891518885,-1.2542728793],[36.8889126637,-1.2541383367],[36.8888182306,-1.2541085482],[36.8886055483,-1.2539153212],[36.8885069996,-1.2538066606],[36.888290978,-1.2535358724],[36.8881389354,-1.2534725878],[36.8882577704,-1.253206374],[36.8885510436,-1.2529524141],[36.8888264564,-1.2526898081],[36.88914670690001,-1.2523619257],[36.8894632007,-1.2519744707],[36.8897059325,-1.2516565383],[36.8899140163,-1.2518663612],[36.8902028452,-1.2522102915],[36.8905389416,-1.252525475],[36.890868071,-1.2528429309],[36.8907833558,-1.2530888438],[36.8906926534,-1.2533554791],[36.8906371002,-1.2535817535],[36.89056139830001,-1.2538228848],[36.8904452978,-1.2540081645],[36.8903445826,-1.2541380156],[36.8902139725,-1.2542224617],[36.8900485927,-1.2543065365],[36.8898385447,-1.2543410163],[36.8895788104,-1.2543903882],[36.8891718818,-1.254432563]]]}},{"type":"Feature","properties":{"Id":126,"Country":"Kenya","City":"Nairobi","Settlement":"Kisumu Ndogo","Date_updat":"10.09.2018","kyc_pop":1120.0,"kyc_area_a":"22.18","kyc_struct":341.0,"kyc_year":2018},"geometry":{"type":"Polygon","coordinates":[[[36.886005711799996,-1.2563695416000076],[36.886101459500004,-1.2560481844000058],[36.88622937030001,-1.2557776929999702],[36.88681000760003,-1.2548705530999789],[36.887487367700025,-1.254153133699929],[36.88812391320002,-1.2535012500000071],[36.888203242800046,-1.25352549089997],[36.88829261610003,-1.2535546473999775],[36.8883574418,-1.2536431626000073],[36.888462385699995,-1.2537860800999867],[36.88859773430002,-1.2539391943999818],[36.88788081157484,-1.254759853548526],[36.88742390725438,-1.2552103908072867],[36.88689815433772,-1.255660927988391],[36.886654054769224,-1.2558111070314781],[36.886466285870405,-1.2560113457422104],[36.88619089148549,-1.2562366142733878],[36.886005711799996,-1.2563695416000076]]]}},{"type":"Feature","properties":{"Id":131,"Country":"Kenya","City":"Nairobi","Settlement":"Laini Saba","Date_updat":"25.02.2014","kyc_pop":102240.0,"kyc_area_a":"","kyc_struct":5089.0,"kyc_year":2014},"geometry":{"type":"Polygon","coordinates":[[[36.7988261092,-1.3122732522],[36.7986204773,-1.3126053629],[36.7984949288,-1.3128123799],[36.798418983,-1.3128383415],[36.7983248045,-1.3128589418],[36.7982541925,-1.3129164112],[36.7982515805,-1.3129163979],[36.7982159242,-1.3129401134],[36.798212639,-1.3129422984],[36.798181007,-1.3129633373],[36.7981757822,-1.3129659373],[36.798133949,-1.3130051367],[36.7981287128,-1.3130129949],[36.7980555339,-1.3130730401],[36.7980529271,-1.3130730233],[36.797969158,-1.3131333301],[36.79794815270001,-1.3131543962],[36.7979166305,-1.3131860096],[36.797908736,-1.3131965512],[36.7978143077,-1.3132413748],[36.7975719262,-1.3132054572],[36.797446532,-1.3132079086],[36.7973263855,-1.3132235025],[36.7971204035,-1.3132485937],[36.79703932540001,-1.313272279],[36.7970864997,-1.3133168776],[36.7972020117,-1.3134430117],[36.79729937,-1.3135536258],[36.79736553970001,-1.3136436688],[36.7973708511,-1.3136516337],[36.7973761457,-1.3136569448],[36.7974768344,-1.3137473821],[36.7975836918,-1.313894271],[36.7975861474,-1.3140028424],[36.797618356,-1.3141716794],[36.7976236696,-1.3141822532],[36.7976407232,-1.314332714],[36.7976655627,-1.3144228225],[36.7976656239,-1.3144281339],[36.7976637958,-1.3144999787],[36.7976382153,-1.3145908462],[36.7975886228,-1.3147037288],[36.7975833708,-1.314714515],[36.79754424080001,-1.3148470434],[36.7975044037,-1.3149069456],[36.7974726566,-1.3150131995],[36.7974727042,-1.3150240976],[36.79745147600001,-1.3151033934],[36.797419646,-1.315262635],[36.7974196939,-1.3152763803],[36.7974144558,-1.3153287266],[36.7974135862,-1.3154118216],[36.7973902229,-1.3155313775],[36.7973318958,-1.3156995902],[36.7973306311,-1.3157032376],[36.7973300223,-1.3157037318],[36.7972235335,-1.3157901642],[36.79722078,-1.3157955925],[36.7970705933,-1.315868534],[36.7970216652,-1.3158685343],[36.796877574,-1.3157873425],[36.7967739953,-1.315741213],[36.7966153433,-1.315607746],[36.7964988655,-1.3155450544],[36.7964318892,-1.3155287865],[36.7964208594,-1.315526079],[36.7963988134,-1.3155206673],[36.7963767701,-1.3155125442],[36.7963657484,-1.3155071277],[36.7963547313,-1.3155017137],[36.7963409745,-1.3154963064],[36.7963299546,-1.3154881848],[36.7963216968,-1.3154827743],[36.7963107001,-1.3154773709],[36.796299695,-1.3154692594],[36.7962887085,-1.3154638616],[36.79627770120001,-1.3154530486],[36.7962639757,-1.3154449558],[36.7962502583,-1.3154368677],[36.796239283,-1.3154287772],[36.7962255801,-1.3154206982],[36.7962146055,-1.3154099121],[36.79620364790001,-1.3154018349],[36.7961954251,-1.3153937528],[36.79618720560001,-1.315385674],[36.7961709556,-1.3153721475],[36.796165547,-1.3153640266],[36.7961574315,-1.3153531995],[36.7961520277,-1.3153423693],[36.7961412143,-1.3153234168],[36.7961385169,-1.3153152917],[36.7961304145,-1.315296334],[36.7961277214,-1.3152854978],[36.796122316,-1.3152746643],[36.796116915,-1.3152611201],[36.7961142212,-1.3152502817],[36.79611153160001,-1.3152367316],[36.7961088329,-1.3152286027],[36.796106143,-1.3152150508],[36.796100736,-1.3152042136],[36.7960953245,-1.3151960876],[36.7960872048,-1.3151852542],[36.7960736485,-1.3151825653],[36.7960628091,-1.3151771604],[36.796054678,-1.3151744626],[36.7960438395,-1.3151690581],[36.7960275755,-1.315166375],[36.7960140277,-1.315160976],[36.7960113168,-1.3151609808],[36.795992349,-1.3151555919],[36.7959760904,-1.3151529101],[36.7959625465,-1.3151475123],[36.7959516788,-1.3151448786],[36.7959353729,-1.3151341889],[36.7959299365,-1.3151342403],[36.7959136368,-1.3151316854],[36.7959000644,-1.3151263979],[36.7958810754,-1.3151184584],[36.795870231,-1.3151131507],[36.7958621018,-1.3151078181],[36.7958431428,-1.3150944794],[36.7958296077,-1.3150865031],[36.7958187852,-1.315078502],[36.7958106724,-1.3150731717],[36.795797169,-1.315065111],[36.795789071,-1.3150570153],[36.7957809707,-1.3150516363],[36.7957728752,-1.3150408238],[36.7957647772,-1.315032728],[36.7957566809,-1.3150219145],[36.795753986,-1.315011061],[36.7957458868,-1.3150029642],[36.7957377897,-1.3149894287],[36.7957296914,-1.3149758915],[36.7957242919,-1.3149677724],[36.7957215929,-1.3149569105],[36.7957161927,-1.3149433463],[36.7957134924,-1.3149324797],[36.79570539,-1.314919072],[36.7956999915,-1.3149057697],[36.7956945954,-1.3148951427],[36.7956892048,-1.3148765223],[36.7956865093,-1.314871215],[36.795683818,-1.314857916],[36.795678434,-1.3148419859],[36.7956635893,-1.3148310901],[36.79565521530001,-1.3148176557],[36.7956358787,-1.3147988751],[36.7956163359,-1.3147640177],[36.795599616,-1.3147345683],[36.7956016126,-1.3146827879],[36.7956042142,-1.3146746994],[36.79560402580001,-1.3146612059],[36.7956093022,-1.3146504346],[36.795611864,-1.3146396565],[36.7956198131,-1.3146262036],[36.7956250857,-1.3146154404],[36.7956303571,-1.3146046797],[36.7956383403,-1.314593929],[36.7956408962,-1.3145831656],[36.7956434513,-1.3145724054],[36.7956460057,-1.3145616483],[36.7956512713,-1.3145509005],[36.7956511872,-1.3145374769],[36.7956511479,-1.3145267449],[36.7956484269,-1.3145160139],[36.7956430147,-1.3145026015],[36.795637613,-1.3144918726],[36.7956295302,-1.3144811447],[36.7956241391,-1.3144730994],[36.7956187292,-1.3144596919],[36.7956133389,-1.314451648],[36.7956052493,-1.3144382428],[36.7955944892,-1.3144275198],[36.7955864016,-1.3144141173],[36.7955836938,-1.3144060766],[36.795572927,-1.3143926765],[36.7955648419,-1.3143792779],[36.7955567663,-1.3143685602],[36.7955486827,-1.3143551644],[36.7955379289,-1.3143444488],[36.7955298557,-1.3143337342],[36.7955217749,-1.3143203422],[36.7955137114,-1.3143123078],[36.7955056486,-1.3143042739],[36.7954975782,-1.3142935629],[36.7954895085,-1.3142828529],[36.7954841186,-1.3142721438],[36.7954733713,-1.3142614357],[36.7954653115,-1.3142534052],[36.7954572524,-1.3142453753],[36.7954464847,-1.314237352],[36.7954383163,-1.3142293474],[36.7954301076,-1.3142186795],[36.7954192266,-1.3142080173],[36.79541111210001,-1.3142026884],[36.7954030419,-1.3142000245],[36.7953922145,-1.3141920348],[36.7953786762,-1.314181387],[36.79537053310001,-1.3141734049],[36.7953570071,-1.314162767],[36.7953489132,-1.3141547767],[36.7953381957,-1.3141467696],[36.7953344518,-1.314143051],[36.795332825,-1.3141414353],[36.7953247213,-1.3141281124],[36.7953193523,-1.31412278],[36.7953112522,-1.3141094627],[36.7953031547,-1.3140961495],[36.7953007104,-1.3140929242],[36.7952950827,-1.3140854982],[36.7952870125,-1.3140748493],[36.795278944,-1.3140642026],[36.7952708793,-1.3140562268],[36.7952627323,-1.3140456399],[36.7952519263,-1.3140377232],[36.7952438309,-1.3140324517],[36.79523039270001,-1.3140298569],[36.7952196423,-1.3140272517],[36.7952088959,-1.3140246475],[36.795198172,-1.3140246942],[36.7951874511,-1.3140247409],[36.7951740541,-1.3140247993],[36.7951633396,-1.3140248459],[36.795152628,-1.3140248926],[36.795141952,-1.3140302365],[36.795128585,-1.3140329424],[36.7951152512,-1.3140409449],[36.795104579,-1.3140462869],[36.7950912472,-1.3140542883],[36.7950832375,-1.3140569695],[36.795072555,-1.3140596608],[36.7950565286,-1.3140623725],[36.7950458392,-1.3140624141],[36.79503783560001,-1.3140650936],[36.7950244798,-1.3140651451],[36.7950137986,-1.3140651863],[36.7949977819,-1.3140652481],[36.7949844398,-1.3140652995],[36.7949711019,-1.314065351],[36.7949577687,-1.3140654025],[36.79494443990001,-1.3140654539],[36.7949284512,-1.3140655155],[36.794912469,-1.3140655772],[36.7949044745,-1.3140629641],[36.7948911591,-1.3140603727],[36.79488051,-1.3140577718],[36.7948698605,-1.3140525301],[36.7948592195,-1.3140499317],[36.794848576,-1.3140420536],[36.7948405977,-1.3140368077],[36.7948273102,-1.3140315866],[36.7948193397,-1.3140263449],[36.7948087164,-1.3140184803],[36.7947954518,-1.3140158172],[36.7947848395,-1.3140078436],[36.7947768796,-1.3140051788],[36.7947689194,-1.3140025138],[36.7947583047,-1.3139945387],[36.7947476891,-1.3139892159],[36.79473707250001,-1.3139812395],[36.7947238005,-1.3139732579],[36.7947131819,-1.3139679334],[36.7946999071,-1.3139572968],[36.7946945968,-1.3139493267],[36.7946866309,-1.313938698],[36.7946839755,-1.3139307321],[36.794673353,-1.3139147895],[36.79466272980001,-1.3139041533],[36.7946600738,-1.3138935323],[36.7946521055,-1.3138855541],[36.7946441368,-1.313869613],[36.7946388239,-1.3138642934],[36.7946281977,-1.313850999],[36.7946202272,-1.3138377095],[36.7946149134,-1.3138270796],[36.794606942,-1.3138111341],[36.7945989701,-1.3138004967],[36.7945909977,-1.3137898585],[36.7945830379,-1.3137819136],[36.7945724533,-1.3137660942],[36.7945592278,-1.3137476545],[36.7945460083,-1.3137318762],[36.7945354369,-1.3137213805],[36.7945275109,-1.3137188156],[36.7945169463,-1.3137136289],[36.7945063855,-1.3137110954],[36.7944931896,-1.3137032911],[36.7944879129,-1.3137007004],[36.79447208850001,-1.3136902816],[36.794458908,-1.3136851355],[36.7944483226,-1.3136798661],[36.7944377277,-1.313677225],[36.7944271093,-1.3136692385],[36.7944191355,-1.3136612431],[36.7944111732,-1.3136559204],[36.7944005389,-1.3136452573],[36.7943925619,-1.3136372588],[36.7943632078,-1.3136148842],[36.7943552957,-1.3136095999],[36.7943393896,-1.3136042993],[36.7943234836,-1.3135989988],[36.7943102415,-1.3135937034],[36.7943023272,-1.3135884182],[36.7942917483,-1.3135831276],[36.7942838329,-1.3135778417],[36.7942732909,-1.3135699147],[36.7942654493,-1.3135593552],[36.7942575139,-1.3135514099],[36.7942493331,-1.313543372],[36.79424109350001,-1.3135326648],[36.7942303806,-1.313529974],[36.7942196699,-1.3135272839],[36.7942090218,-1.3135272658],[36.7942010363,-1.3135272523],[36.7941850672,-1.3135272252],[36.7941664391,-1.3135271936],[36.7941591735,-1.3134792279],[36.7941589989,-1.3134601331],[36.7941683371,-1.3134410566],[36.7941681606,-1.3134219787],[36.7941585191,-1.313407667],[36.7941441282,-1.3133933565],[36.7941297009,-1.3133742891],[36.7941200733,-1.313359996],[36.7941056882,-1.3133409592],[36.794096189,-1.3133267314],[36.7940819491,-1.3133077641],[36.7940677251,-1.313293544],[36.7940487893,-1.313284076],[36.7940298519,-1.3132746071],[36.7940108989,-1.3132603912],[36.7939919587,-1.3132509207],[36.7939730031,-1.3132367033],[36.7939700208,-1.3132347149],[36.79396544700001,-1.3132316652],[36.7939587893,-1.3132272263],[36.7939398326,-1.3132130077],[36.793920875,-1.3131987885],[36.7939019281,-1.313189314],[36.7938828904,-1.3131750678],[36.7938638471,-1.3131608223],[36.7938400588,-1.3131465783],[36.7938210482,-1.3131418248],[36.7938020228,-1.3131275909],[36.7937877514,-1.3131133637],[36.7937734749,-1.3130944019],[36.7937639567,-1.3130801848],[36.7937544325,-1.3130612344],[36.793754391,-1.3130375548],[36.7937543497,-1.3130138806],[36.7937543639,-1.3129902081],[36.7937591122,-1.3129712686],[36.7937685922,-1.3129523285],[36.7937828049,-1.3129333886],[36.7937875541,-1.312914446],[36.7937970358,-1.3128955034],[36.7938017812,-1.3128812952],[36.793815956,-1.3128576316],[36.79382534,-1.3128387276],[36.7938347197,-1.3128198312],[36.7938440961,-1.3128009425],[36.7938487414,-1.3127820588],[36.7938533849,-1.3127631823],[36.7938533013,-1.3127443099],[36.7938531972,-1.3127207289],[36.7938530719,-1.3126924457],[36.7938529886,-1.3126735986],[36.7938387208,-1.3126500372],[36.7938291984,-1.3126311962],[36.7938196986,-1.3126170671],[36.793805481,-1.3126029365],[36.7937912302,-1.3125794016],[36.7937770018,-1.3125605771],[36.793767496,-1.3125417633],[36.793762711,-1.3125229608],[36.7937579271,-1.3125041647],[36.7937484288,-1.312485369],[36.7937342181,-1.312466573],[36.7937200414,-1.3124571677],[36.7937011508,-1.3124477573],[36.7936775594,-1.3124430333],[36.7936539554,-1.3124336173],[36.79363508080001,-1.3124241808],[36.7936256458,-1.3124194565],[36.7935759226,-1.3124271684],[36.793560845,-1.312427235],[36.7935495171,-1.3124158916],[36.7935344201,-1.3124045652],[36.7935230837,-1.3123856309],[36.79351175870001,-1.3123742906],[36.7935042048,-1.3123629359],[36.7934928777,-1.3123478033],[36.7934853181,-1.3123288653],[36.7934739943,-1.3123137379],[36.793466445,-1.3123023903],[36.7934588906,-1.3122834625],[36.7934475716,-1.3122683419],[36.7934400234,-1.3122532107],[36.7934287071,-1.3122380946],[36.793421165,-1.3122305434],[36.7934098499,-1.3122116433],[36.7934023082,-1.3122003075],[36.7933872287,-1.3121889953],[36.79337968860001,-1.3121776615],[36.7933646107,-1.3121625659],[36.79335330310001,-1.3121512451],[36.7933457671,-1.3121361318],[36.7933382311,-1.3121248036],[36.7933306989,-1.3121059134],[36.7933269359,-1.3120907993],[36.7933231771,-1.3120681303],[36.79331941770001,-1.3120492469],[36.7933194253,-1.3120341381],[36.7933156675,-1.3120152651],[36.793311909,-1.312000172],[36.7933119172,-1.3119850758],[36.7933081622,-1.3119662174],[36.7933081667,-1.3119586732],[36.7933044153,-1.3119360521],[36.7933006603,-1.3119209777],[36.7933006702,-1.3119059018],[36.7932931531,-1.311890839],[36.7932931666,-1.3118720041],[36.7932894148,-1.3118569445],[36.7932894261,-1.3118418849],[36.7932819168,-1.3118230721],[36.7932819322,-1.3118042588],[36.7932781871,-1.3117854539],[36.793274443,-1.3117666546],[36.7932706963,-1.3117516194],[36.7932669543,-1.3117328298],[36.793266965,-1.3117215583],[36.793266983,-1.3117027776],[36.7932632355,-1.3116915122],[36.7932595,-1.3116689872],[36.7932595156,-1.3116539756],[36.7932595348,-1.3116352167],[36.7932595502,-1.3116202142],[36.7932595733,-1.311597718],[36.7932595886,-1.3115827256],[36.7932596078,-1.3115639908],[36.79325962320001,-1.3115490074],[36.7932596385,-1.3115340281],[36.7932596538,-1.3115190528],[36.7932596728,-1.3115003394],[36.7932596827,-1.3114853639],[36.7932671919,-1.3114666459],[36.7932709474,-1.3114516709],[36.793278453,-1.3114367037],[36.7932822063,-1.311425477],[36.7932897154,-1.3114067867],[36.7933009697,-1.3113881057],[36.7933047257,-1.3113731654],[36.7933122263,-1.3113582291],[36.7933159798,-1.3113432968],[36.7933197321,-1.3113283686],[36.7933234837,-1.3113134443],[36.7933234887,-1.3113022538],[36.7932905505,-1.3112141705],[36.7932867514,-1.3111953051],[36.793282965,-1.3111802175],[36.7932791569,-1.3111575935],[36.7932716346,-1.311142516],[36.7932603652,-1.3111236749],[36.7932490896,-1.3111010742],[36.7932415851,-1.3110897773],[36.7932378286,-1.3110822472],[36.79322282610001,-1.3110596632],[36.7932115694,-1.311040837],[36.7932040581,-1.3110332397],[36.7931927788,-1.3110143291],[36.7931815144,-1.3109991877],[36.793170264,-1.310987811],[36.7931590189,-1.3109764397],[36.793147772,-1.3109613199],[36.7931365249,-1.3109424564],[36.7931327689,-1.3109311696],[36.7931215313,-1.3109123239],[36.7931215133,-1.3109010774],[36.79311403210001,-1.3108860642],[36.7931102821,-1.310867346],[36.7931102708,-1.3108561306],[36.7931065221,-1.3108374207],[36.79310277470001,-1.3108187164],[36.79310275990001,-1.310800048],[36.7930990241,-1.3107851139],[36.7930990156,-1.3107664727],[36.7930952808,-1.3107515432],[36.7930952738,-1.3107366335],[36.793095267,-1.3107217251],[36.7930952568,-1.3106993652],[36.79309525,-1.3106844603],[36.7930952396,-1.3106621054],[36.7930952344,-1.310650929],[36.7930952243,-1.3106285786],[36.7930914899,-1.3106099424],[36.7930914815,-1.3105913221],[36.7930840228,-1.3105726801],[36.793080292,-1.3105577766],[36.7930728376,-1.3105428646],[36.7930691098,-1.3105316881],[36.7930616568,-1.3105130606],[36.7930579278,-1.3104944469],[36.7930542019,-1.3104832768],[36.793050474,-1.3104646688],[36.793046748,-1.3104497832],[36.7930430229,-1.3104348999],[36.793039298,-1.3104200191],[36.7930318543,-1.3104051343],[36.7930244112,-1.3103865358],[36.7930169708,-1.3103716583],[36.7930095323,-1.3103567841],[36.7930058112,-1.3103382021],[36.79300580970001,-1.3103233438],[36.79299838190001,-1.3103047774],[36.7929983849,-1.3102862113],[36.792994672,-1.3102676426],[36.7929946741,-1.3102527868],[36.7929946763,-1.3102379296],[36.7929946784,-1.310223071],[36.7929946825,-1.3101970653],[36.7929946846,-1.3101822031],[36.7929946863,-1.3101710556],[36.7929946893,-1.3101487582],[36.7929946928,-1.3101264579],[36.7929946882,-1.3101078878],[36.7929946814,-1.3100930424],[36.7929909568,-1.3100744928],[36.7929909507,-1.3100596565],[36.7929872295,-1.3100448262],[36.7929835091,-1.3100300002],[36.7929835025,-1.3100114708],[36.7929797831,-1.3099929503],[36.7929760647,-1.3099744363],[36.7929723487,-1.3099596305],[36.7929686337,-1.309944829],[36.7929612096,-1.3099300351],[36.7929537876,-1.3099152458],[36.7929500774,-1.3099041551],[36.7929389507,-1.3098856811],[36.7929278279,-1.3098709096],[36.7929241229,-1.309856135],[36.7929167127,-1.3098413688],[36.7929130096,-1.309830295],[36.7929056042,-1.3098118458],[36.7929056094,-1.3097970839],[36.792898208,-1.3097786469],[36.7928908091,-1.3097602171],[36.7928908148,-1.3097454558],[36.7928871179,-1.3097269991],[36.7928871241,-1.3097085467],[36.7928871266,-1.3097011667],[36.7929085835,-1.3096496297],[36.7929121673,-1.3096310816],[36.7929120735,-1.3096162461],[36.7929119327,-1.309593998],[36.7929118389,-1.3095791692],[36.792911745,-1.3095643431],[36.7929116512,-1.3095495196],[36.7929115341,-1.309530994],[36.7929114168,-1.3095124726],[36.7929112996,-1.3094939554],[36.7929111825,-1.3094754423],[36.7929110655,-1.3094569334],[36.7929109717,-1.3094421293],[36.792920512,-1.3093163283],[36.792920276,-1.3092978587],[36.7929200873,-1.309283089],[36.7929162096,-1.3092683246],[36.7929160217,-1.3092535655],[36.7929121463,-1.3092388118],[36.7929082721,-1.3092240633],[36.7929192387,-1.309216691],[36.7929229253,-1.309216691],[36.7936187313,-1.3093196026],[36.7944424667,-1.3095752109],[36.7947521352,-1.3096565074],[36.794840855,-1.3096567499],[36.7958957239,-1.3101775869],[36.7990079621,-1.3117572962],[36.7988667659,-1.3120156851],[36.7988878693,-1.3120910368],[36.7988828814,-1.3121430401],[36.7988829132,-1.3121508455],[36.7988261092,-1.3122732522]]]}},{"type":"Feature","properties":{"Id":111,"Country":"Kenya","City":"Nairobi","Settlement":"Kambi Muru","Date_updat":"25.02.2014","kyc_pop":3591.0,"kyc_area_a":"43","kyc_struct":549.0,"kyc_year":2014},"geometry":{"type":"Polygon","coordinates":[[[36.7892549255,-1.3104843407],[36.7892706655,-1.3104960302],[36.7892903382,-1.3104959508],[36.7893060827,-1.3104958873],[36.7893257716,-1.3104958078],[36.7893415287,-1.3104957442],[36.7893572868,-1.3104917582],[36.7893730498,-1.3104877709],[36.7893888177,-1.3104837823],[36.7894085421,-1.3104837001],[36.7894282967,-1.3104835915],[36.7894480756,-1.310483468],[36.7894639232,-1.310487289],[36.7894758497,-1.3104989795],[36.7894917484,-1.3105106548],[36.7895036935,-1.3105223618],[36.7895156634,-1.3105380044],[36.7895236721,-1.3105536791],[36.7895356583,-1.3105693447],[36.7895476722,-1.3105889567],[36.789559658,-1.3106007118],[36.7895676728,-1.310612491],[36.7895876364,-1.3106242307],[36.7896036337,-1.310635996],[36.7896156347,-1.3106438402],[36.7896316545,-1.3106556218],[36.7896476874,-1.3106674129],[36.7896597385,-1.3106792252],[36.78967182200001,-1.3106949979],[36.7896798911,-1.3107068378],[36.78968793930001,-1.3107147285],[36.7897040728,-1.3107344788],[36.7897121849,-1.3107503013],[36.7897323249,-1.3107661168],[36.7897404527,-1.3107819626],[36.789752542,-1.3107898812],[36.7897646382,-1.3107978044],[36.7897807526,-1.3108136733],[36.7897966738,-1.3108255877],[36.7898086157,-1.3108375032],[36.7898245395,-1.3108454472],[36.7898364831,-1.3108573644],[36.7898524095,-1.3108692825],[36.7898603731,-1.3108812011],[36.7898763015,-1.3109010669],[36.7898882488,-1.3109090147],[36.7899041798,-1.3109169637],[36.7899201121,-1.3109288868],[36.789936046,-1.3109368375],[36.7899519812,-1.3109487626],[36.7899599493,-1.3109527386],[36.7899798714,-1.3109686406],[36.7899958105,-1.3109805686],[36.790007766,-1.3109924961],[36.7900276933,-1.3110084025],[36.7900396507,-1.311020332],[36.790047623,-1.3110362351],[36.7900595817,-1.3110481662],[36.7900675547,-1.3110680458],[36.7900755283,-1.3110839513],[36.7900835019,-1.3110958822],[36.7900954632,-1.3111157672],[36.79011141290001,-1.3111316813],[36.79011938830001,-1.3111436145],[36.790131615,-1.3111596092],[36.7901357764,-1.3111676212],[36.7901603657,-1.3111877456],[36.7901607902,-1.3111879973],[36.7901808128,-1.3111998676],[36.7901891066,-1.3112119272],[36.7901974666,-1.3112280008],[36.7902099564,-1.3112481233],[36.7902110377,-1.3112495252],[36.7902223958,-1.3112642527],[36.7902348462,-1.3112803963],[36.79024311,-1.3112884886],[36.7902555781,-1.3113046539],[36.7902679919,-1.3113168114],[36.7902845581,-1.3113330358],[36.7903011413,-1.3113492768],[36.790317673,-1.3113615038],[36.7903301333,-1.3113737054],[36.7903470419,-1.3114061343],[36.7903555055,-1.3114223667],[36.7903640465,-1.3114426536],[36.790368284,-1.3114507814],[36.7903891323,-1.3114712224],[36.7904018052,-1.311495616],[36.7904139665,-1.3115157452],[36.7904261594,-1.3115318794],[36.7904384716,-1.3115440642],[36.7904549167,-1.3115563134],[36.7904712609,-1.3115725277],[36.7904874261,-1.3115806118],[36.79050359350001,-1.3115886971],[36.7905157126,-1.3115967665],[36.7905359189,-1.3116088806],[36.790548041,-1.3116169519],[36.7905682524,-1.3116290692],[36.7905803776,-1.3116371425],[36.7906006105,-1.3116452525],[36.790624868,-1.3116614034],[36.7906450917,-1.3116735279],[36.7906734136,-1.3116897032],[36.7906895705,-1.311705824],[36.7907017066,-1.3117139044],[36.79072196,-1.3117220251],[36.7907340993,-1.3117301075],[36.7907421625,-1.3117421819],[36.7907583265,-1.311758309],[36.7907744547,-1.3117824602],[36.790782519,-1.3117945361],[36.7907905649,-1.3118106234],[36.7907945507,-1.3118266885],[36.7908067103,-1.3118468514],[36.7908108488,-1.3118549645],[36.7908232674,-1.3118793106],[36.7908356914,-1.3119036666],[36.7908398534,-1.311915824],[36.7908563697,-1.311936207],[36.7908687472,-1.3119484718],[36.790881129,-1.311960741],[36.790893515,-1.3119730142],[36.7909100566,-1.3119934267],[36.7909225145,-1.3120178377],[36.7909390499,-1.3120342265],[36.7909514775,-1.3120505673],[36.7909639096,-1.3120669142],[36.79097632480001,-1.312079221],[36.7909804857,-1.3120873707],[36.7910011687,-1.3121038469],[36.7910176973,-1.3121121757],[36.7910301092,-1.3121204495],[36.791046672,-1.3121328354],[36.7910591154,-1.3121451671],[36.791075691,-1.3121575633],[36.7910840602,-1.3121779497],[36.7910964574,-1.3121902549],[36.7911129799,-1.3122026197],[36.7911253549,-1.3122108719],[36.7911376603,-1.3122150361],[36.7911581599,-1.3122192747],[36.791178578,-1.3122234557],[36.7911949342,-1.3122235803],[36.7912153836,-1.312223736],[36.7912317701,-1.3122198334],[36.7912481837,-1.3122119027],[36.7912605083,-1.3122039393],[36.79128104640001,-1.3121920069],[36.7912933282,-1.3121920982],[36.7913138018,-1.3121922504],[36.7913301591,-1.3121964021],[36.7913424225,-1.3122005237],[36.7913669032,-1.3122168289],[36.79137912,-1.3122290128],[36.7913995341,-1.3122412607],[36.7914158523,-1.3122534787],[36.79142399920001,-1.3122616034],[36.791440268,-1.3122818842],[36.7914565642,-1.3122981363],[36.7914728883,-1.3123103595],[36.791472809,-1.3123224504],[36.7915715792,-1.3124366045],[36.791579753,-1.3124528124],[36.7915920663,-1.3124649963],[36.7916084929,-1.3124812506],[36.7916208361,-1.312497504],[36.7916331523,-1.3125056514],[36.791645508,-1.3125219189],[36.79165787,-1.3125381949],[36.7916702386,-1.3125544794],[36.7916785294,-1.3125748195],[36.7916909094,-1.3125911216],[36.7916991723,-1.3126033494],[36.7917074569,-1.3126196479],[36.791708587,-1.3126211362],[36.7917198524,-1.3126359722],[36.7917199461,-1.3126563135],[36.7917199514,-1.312657465],[36.7917200397,-1.3126766593],[36.7917160056,-1.3126929169],[36.7917119712,-1.3127091757],[36.7917120455,-1.3127254597],[36.7917121383,-1.312745819],[36.79170806580001,-1.3127539381],[36.79166902190001,-1.3127543238],[36.7913661824,-1.3129057859],[36.7912455083,-1.3130959176],[36.7910704727,-1.3132969304],[36.7909752046,-1.3134600659],[36.7909556526,-1.3134935464],[36.7909507302,-1.3134919276],[36.790906385,-1.3134773443],[36.7907310789,-1.3133960623],[36.7905395993,-1.3134287588],[36.7903693541,-1.3135173511],[36.7903637877,-1.3135284585],[36.79021830960001,-1.3136264593],[36.7900905125,-1.3138242193],[36.7900271921,-1.3139607534],[36.7898839822,-1.3144142566],[36.7897328168,-1.3147143001],[36.78972719530001,-1.3147199735],[36.7896821325,-1.3148673604],[36.7895300879,-1.3148452605],[36.7895244631,-1.3148396107],[36.7894906833,-1.3148227255],[36.7894681766,-1.3148057995],[36.7894456724,-1.3147888749],[36.7894231696,-1.3147719519],[36.789406322,-1.3147493455],[36.7893838416,-1.3147267631],[36.7893669839,-1.3147098288],[36.7893501286,-1.3146928969],[36.7893332757,-1.3146759674],[36.7893164448,-1.3146533813],[36.7892996177,-1.3146308001],[36.7892828161,-1.3146025691],[36.7892716107,-1.3145856378],[36.7892548403,-1.3145517699],[36.7892380303,-1.314529213],[36.7892212479,-1.314501014],[36.7892043955,-1.3144897608],[36.7891763017,-1.3144728882],[36.7891594515,-1.3144616361],[36.7891369666,-1.3144503967],[36.7890975735,-1.3144391937],[36.7890695479,-1.3144278915],[36.7890471283,-1.3144222256],[36.7890190679,-1.3144221966],[36.7889966907,-1.3144108912],[36.7889742489,-1.3144108685],[36.7889462358,-1.3144052005],[36.78891822160001,-1.314405154],[36.7889014544,-1.3144051035],[36.788862404,-1.3143993379],[36.7888344816,-1.3143992547],[36.7888120863,-1.3144048344],[36.78879521090001,-1.3144160775],[36.7887783341,-1.3144273212],[36.788761322,-1.314449866],[36.7887443041,-1.3144724184],[36.7887327947,-1.3145006547],[36.7887212789,-1.3145289063],[36.7887153427,-1.314557195],[36.78859714900001,-1.3145804587],[36.7885689885,-1.3145916803],[36.7885462552,-1.3145916273],[36.7885179742,-1.3145972034],[36.7884955043,-1.3146084353],[36.7884672313,-1.3146140091],[36.7884447638,-1.3146252398],[36.7884279735,-1.3146364853],[36.7884055051,-1.3146477165],[36.7883830367,-1.3146589476],[36.7883605685,-1.3146701787],[36.7883381002,-1.3146814098],[36.7883155187,-1.3146869923],[36.7882873798,-1.3146982057],[36.7882649137,-1.3147094356],[36.7882424478,-1.3147206656],[36.7882198752,-1.3147262448],[36.7882029741,-1.3147318413],[36.7881748427,-1.3147430516],[36.7881467132,-1.3147542612],[36.7881241511,-1.3147598372],[36.7881072563,-1.3147654316],[36.7880790362,-1.3147709868],[36.7880563877,-1.3147709093],[36.78802817950001,-1.3147764626],[36.7879999771,-1.3147820148],[36.7879716907,-1.314781916],[36.7879377601,-1.3147817975],[36.7879151474,-1.3147817185],[36.7878812399,-1.3147816001],[36.7878586564,-1.3147815278],[36.787830485,-1.3147814623],[36.7878079528,-1.3147814099],[36.787779793,-1.3147813444],[36.7877572699,-1.314781292],[36.7877347508,-1.3147812396],[36.7877178523,-1.3147811936],[36.7876894779,-1.3147753951],[36.7876498655,-1.314775167],[36.7876158828,-1.3147693425],[36.7875763312,-1.314769117],[36.7875311681,-1.3147688596],[36.7874915897,-1.3147573924],[36.7874634094,-1.3147572349],[36.7874296141,-1.3147570461],[36.7874127251,-1.3147569517],[36.7873789238,-1.3147511494],[36.78735635190001,-1.3147398021],[36.7873338716,-1.3147396804],[36.7873112908,-1.3147227368],[36.7872831517,-1.3147113814],[36.787260643,-1.3147000631],[36.7872438628,-1.3146944417],[36.7872159197,-1.314688804],[36.7871935799,-1.3146887603],[36.7871712328,-1.3146831353],[36.7871489017,-1.3146830922],[36.7871265538,-1.3146718893],[36.7870986521,-1.3146718366],[36.7870763257,-1.3146662161],[36.7870539956,-1.3146550196],[36.7870316755,-1.3146493974],[36.7870092865,-1.3146325531],[36.7869813266,-1.3146156924],[36.7869533964,-1.3146044144],[36.7869254814,-1.3145875784],[36.7868975942,-1.3145763201],[36.7868753031,-1.314570657],[36.7868418846,-1.3145538293],[36.7868140619,-1.3145425968],[36.7867862602,-1.3145313729],[36.7867640333,-1.314520179],[36.786736282,-1.3145145628],[36.786714093,-1.314508981],[36.7866974551,-1.3145034107],[36.7866752756,-1.3144978315],[36.7866531016,-1.3144922537],[36.7866198508,-1.3144811207],[36.7865976896,-1.3144700097],[36.7865755345,-1.3144644377],[36.7865644573,-1.3144533479],[36.7865312376,-1.3144422271],[36.78650356280001,-1.3144311179],[36.7864814283,-1.3144200192],[36.7864592985,-1.3144089231],[36.7864371714,-1.314392296],[36.7864205798,-1.3143812113],[36.7863929363,-1.3143701171],[36.7863874069,-1.3143645793],[36.7864593765,-1.3142223648],[36.7864756037,-1.3141358094],[36.7865097925,-1.3140677977],[36.7865329554,-1.31397885],[36.786559488,-1.313890444],[36.7865956663,-1.3137675691],[36.7865934531,-1.3136561353],[36.7865995817,-1.3136145722],[36.786622556,-1.3135490022],[36.7868233069,-1.3135247915],[36.7870633455,-1.3135349872],[36.7871069895,-1.313493686],[36.7871645999,-1.3134558935],[36.7872445943,-1.3134523387],[36.7872648545,-1.3134386139],[36.7872897095,-1.3133771294],[36.78731064160001,-1.3133091516],[36.7873175608,-1.3132347166],[36.7872912853,-1.31270455],[36.7872918664,-1.3125916094],[36.7872730354,-1.3124796484],[36.78723744,-1.3123580785],[36.7871918508,-1.3122269882],[36.7871476196,-1.3121533454],[36.7870687706,-1.3122304847],[36.7870257507,-1.3122540486],[36.7869777082,-1.3121634458],[36.7869396934,-1.3120431339],[36.78686886,-1.3119598696],[36.7868616597,-1.3119000635],[36.7868277571,-1.3118271306],[36.7867154305,-1.3116729455],[36.7876386462,-1.3111807542],[36.7891368213,-1.3103714521],[36.7892470522,-1.3104687067],[36.7892549255,-1.3104843407]]]}},{"type":"Feature","properties":{"Id":120,"Country":"Kenya","City":"Nairobi","Settlement":"Kianda","Date_updat":"25.02.2014","kyc_pop":60000.0,"kyc_area_a":"43","kyc_struct":20100.0,"kyc_year":2014},"geometry":{"type":"Polygon","coordinates":[[[36.77288137790009,-1.307912181499944],[36.77305464350002,-1.308190118500022],[36.77306507920014,-1.3082110708999153],[36.773159449300124,-1.3084155119999537],[36.773159426300026,-1.3084259935999967],[36.773232716500104,-1.3087038539999298],[36.773273717300015,-1.3090294169999765],[36.77329397080001,-1.309253624099938],[36.77335631390014,-1.3094892372000118],[36.77343476780004,-1.3097517403999746],[36.773576707400025,-1.3100146748000157],[36.773576707400025,-1.3100199359999465],[36.77376594580011,-1.3103303160999644],[36.77403966989999,-1.3105619930000216],[36.77427370000004,-1.3107618248000108],[36.774514979,-1.310850763000019],[36.774709738500064,-1.3109296321999864],[36.77495202770001,-1.3109926528999267],[36.77529007689998,-1.3110086195000008],[36.77531122860012,-1.3110086519000106],[36.775596247000124,-1.3110402953000175],[36.775649033000036,-1.3110402956999678],[36.7759657254,-1.3110718732999658],[36.776007953999965,-1.311082400700002],[36.77602906970009,-1.3110876646999827],[36.77622975090014,-1.3111348217999534],[36.77640954139997,-1.311197856099966],[36.776436009099996,-1.311213647499983],[36.776451894200136,-1.3112241791000088],[36.77658963690004,-1.3112979229999837],[36.77677008009999,-1.3114192976000254],[36.77679678520002,-1.3114880346999485],[36.77670162729993,-1.3115992005999146],[36.776633053000126,-1.3117475424999157],[36.77644251800007,-1.3120147308998753],[36.77638426499993,-1.3121468258000277],[36.77634219700002,-1.3123096426999155],[36.77631047850002,-1.3123938019999741],[36.776246855800025,-1.3125945213000136],[36.77624154360012,-1.3126157187999183],[36.77623088029998,-1.3126369293999574],[36.77622566350004,-1.3128074630000128],[36.7762256753,-1.3128288340000154],[36.77622569010009,-1.3128555557999562],[36.7762045691,-1.313166157000012],[36.77619920880005,-1.313187684500008],[36.77619941240005,-1.3134253503000082],[36.77619942060005,-1.3134415879999892],[36.77625901799996,-1.3136799430999986],[36.77626986209998,-1.3137124928999242],[36.77627546400009,-1.3138540872000135],[36.776210537099985,-1.3138929698000084],[36.7761182663001,-1.313906204499915],[36.77602021639996,-1.3139754536999817],[36.7759709038001,-1.314105085699964],[36.77593246570012,-1.3141863128000182],[36.7758720544,-1.3142786684999237],[36.775800651400004,-1.3143713477999768],[36.775668531500116,-1.314490490799983],[36.77553049360006,-1.314586817400027],[36.775403085599976,-1.3146890906999715],[36.77529843130003,-1.3148153119000199],[36.775237928500076,-1.314958296499924],[36.77523154380003,-1.315078344299991],[36.775252055300086,-1.3152255829999717],[36.77532654100003,-1.315482877099953],[36.77543627590012,-1.3157037324999692],[36.775558474399986,-1.3158755538000264],[36.7756915507,-1.3160195295000108],[36.775829807200125,-1.3161524437999788],[36.775934973500114,-1.3162633151999898],[36.776079119299936,-1.3163683391999825],[36.77621191970013,-1.3164949816999183],[36.77613450370012,-1.3164619446999382],[36.7760515467001,-1.3164618728999358],[36.77589680369999,-1.31645062369995],[36.77570851170003,-1.3164067060999969],[36.77554170500002,-1.3163296848999266],[36.77550446230009,-1.3161951265999505],[36.77550442059993,-1.316183988799935],[36.775493277700036,-1.316167283699997],[36.77547671350004,-1.3161452082999858],[36.775465671900065,-1.3161231072999158],[36.77546015080003,-1.3160954374998823],[36.7754491079001,-1.3160677930999327],[36.775443585700145,-1.316051200000004],[36.77543806370005,-1.3160290661999738],[36.77542149570013,-1.3160014415000205],[36.77541044930007,-1.3159848697999905],[36.77538835339999,-1.3159628041999554],[36.775371778600004,-1.3159517940999308],[36.77536072770005,-1.3159296750999943],[36.77534400029998,-1.3159184580999295],[36.77532727189998,-1.3159016958999814],[36.77531054780002,-1.3158793986999626],[36.775299401100085,-1.315862690900019],[36.77528268510014,-1.3158348658000136],[36.77527711400012,-1.3158182084000032],[36.7752604036001,-1.315795931499963],[36.775243698099985,-1.3157681242000194],[36.775232563100076,-1.315745899499916],[36.77522139439998,-1.3157236306999494],[36.775210221500004,-1.315701359000002],[36.775204622499984,-1.3156791398999985],[36.77519345530004,-1.3156568811999705],[36.775193414000114,-1.3156236330999604],[36.77519332950004,-1.31560140269994],[36.775193120899985,-1.3155679761999863],[36.77519291279992,-1.3155345727000167],[36.77519280860008,-1.3155178792999322],[36.77519256580001,-1.3154789504999371],[36.775192427200125,-1.3154567193000162],[36.7751922888001,-1.3154344982999646],[36.77518659309999,-1.315412256899947],[36.77518086690003,-1.3153844800999082],[36.77516955970003,-1.315351151400023],[36.77516394270003,-1.3153400397000041],[36.775147135499935,-1.3153122648000135],[36.77514152640009,-1.31530116670001],[36.775119229100085,-1.3152789361998884],[36.77510248959999,-1.3152567472999976],[36.7750912991001,-1.3152345964999768],[36.775085621400024,-1.3152069570999743],[36.77507444909992,-1.315179339599922],[36.77506331220002,-1.3151572564999583],[36.77505768190002,-1.3151296866000166],[36.775052096900026,-1.3151131475999591],[36.77504095340004,-1.3150855926999157],[36.775040891500055,-1.3150690785999473],[36.775040767099995,-1.3150360637999938],[36.77504068450014,-1.3150140637999357],[36.77504056060013,-1.314981078799974],[36.77504047800005,-1.314959098700001],[36.77504586550009,-1.3149261456998715],[36.77504584960013,-1.3149096772999656],[36.77505133479997,-1.3148822327999596],[36.775062332100106,-1.3148547879000034],[36.775073335100046,-1.314832829899899],[36.77507883179999,-1.314816361499993],[36.77508983090013,-1.3147889118999956],[36.775100830400106,-1.3147614604999944],[36.775111830900016,-1.314734007200002],[36.775128348100054,-1.3147065443998827],[36.77513935069993,-1.3146790861999875],[36.775139325700025,-1.314657134000015],[36.77515032220009,-1.3146241868000175],[36.77516133209991,-1.314602212900013],[36.77516682430007,-1.314580250400013],[36.77526044090001,-1.314383315499981],[36.775254900999926,-1.3143721961999972],[36.77524934770008,-1.3143500520000089],[36.775249377700106,-1.3143281708999552],[36.775265942500084,-1.314300944299987],[36.7752825037,-1.3142791833999468],[36.77529906860002,-1.314257417799979],[36.77532114129997,-1.314241162500025],[36.77533207790003,-1.3142245434999609],[36.77534851230001,-1.3142079373000115],[36.77537028770013,-1.3141854978999845],[36.77537562030011,-1.3141686627000126],[36.77538635180008,-1.3141461477999883],[36.77539707670013,-1.3141236472999367],[36.77541322590014,-1.314101046299868],[36.775418468000055,-1.3140731290999383],[36.775434559900134,-1.314045006899903],[36.77543979210009,-1.314017126299916],[36.7754504423001,-1.3139891553000211],[36.775455745300064,-1.3139724033999869],[36.77545554860001,-1.313944671599927],[36.77545539150003,-1.3139224950999733],[36.775455195099994,-1.313894785900004],[36.77545499909996,-1.3138670892000164],[36.77545484190006,-1.313844940699937],[36.775449271799914,-1.3138228955999693],[36.77544907700002,-1.313795229200025],[36.775443548,-1.3137787279000008],[36.7754379429,-1.313751170200021],[36.77543237769993,-1.313729147999993],[36.77541598880009,-1.3137073062999889],[36.77540505050007,-1.3136909025998875],[36.77538862459994,-1.3136635348999448],[36.77536685360002,-1.3136472987999355],[36.77534481720011,-1.3136197056999777],[36.77532825800006,-1.3136030583999627],[36.775306313700014,-1.3135865391000152],[36.77528992000009,-1.313575620799952],[36.7752680671,-1.3135647150999716],[36.775246228000015,-1.3135647671999777],[36.77521346560013,-1.3135648449999735],[36.775191621200065,-1.3135648968999476],[36.775164313100106,-1.3135649618998855],[36.77514247090005,-1.3135704942999382],[36.77510970600008,-1.3135815342999422],[36.775098779100006,-1.3135815607000154],[36.77507694050007,-1.3135980582000002],[36.77506055800012,-1.3136090624999497],[36.77503871340002,-1.3136255643000254],[36.77501686080012,-1.313636585499978],[36.77498954760006,-1.313658589900001],[36.77495675220007,-1.3136696434999635],[36.774923947800005,-1.3136752136999235],[36.774902075899945,-1.3136807561999717],[36.77487472900009,-1.3136808276000238],[36.77482549949997,-1.3136864429999946],[36.77479814360004,-1.3136865146999526],[36.774770784700024,-1.3136865865998857],[36.77434189046363,-1.3136368853951126],[36.77400876592287,-1.3133156581594108],[36.77382044000001,-1.3128936080000244],[36.773798568100005,-1.3128774685000053],[36.77378217070009,-1.3128667060999533],[36.773755227400045,-1.3128449343999478],[36.77373362020012,-1.312834056399936],[36.773712075700075,-1.3128177337999318],[36.77367968030012,-1.3128014252999947],[36.77365802540004,-1.312795998800027],[36.77364729360005,-1.3127851212000223],[36.77360412509995,-1.3127633891999153],[36.7735717586001,-1.3127470954000273],[36.77354489920003,-1.3127253664999898],[36.77351790660009,-1.31271451409998],[36.77349641880011,-1.312698227399892],[36.773474804600085,-1.3126819790999207],[36.7734472826001,-1.3126604308999958],[36.77342524890008,-1.3126388471000041],[36.77328303031595,-1.3125780252475465],[36.77301534095284,-1.3122746439693174],[36.77281308676737,-1.3119593653860875],[36.77248591087903,-1.3117154706329757],[36.77214667650014,-1.3109681075999333],[36.772130361999984,-1.310941519699952],[36.772114003299976,-1.3109095895999872],[36.772103128000026,-1.3108936227999948],[36.772086790100104,-1.3108669967999163],[36.77207586869997,-1.3108456820999663],[36.77205951680003,-1.3108190317000208],[36.772048661999975,-1.3108083755999473],[36.77203818840002,-1.3107812002999708],[36.77202230820012,-1.3107594532999656],[36.772006436300046,-1.3107377185999667],[36.77199573040008,-1.310721559000001],[36.77197952130001,-1.3106947631999333],[36.77196872830012,-1.3106733023999482],[36.77195251460006,-1.3106464984999775],[36.771936275200005,-1.3106250810999995],[36.77193092150014,-1.310603564599944],[36.771920338800044,-1.3105765757999848],[36.771909831799974,-1.3105602963000251],[36.771899375299995,-1.3105332544000134],[36.7718995103001,-1.310500948900028],[36.77188908330004,-1.3104685540999412],[36.771889151700066,-1.3104524116999983],[36.77188400920011,-1.310420088800015],[36.771878823600105,-1.3103985339000133],[36.77187891500006,-1.3103770274000226],[36.771873777600035,-1.3103447368999923],[36.77186859660003,-1.310323205799989],[36.7718687121,-1.3102963446999638],[36.771868827599974,-1.310269489599932],[36.77186891989999,-1.3102480097999774],[36.771874306899974,-1.310221192399922],[36.771874421600046,-1.3101943514999448],[36.77187978440003,-1.3101729057999592],[36.77189035150013,-1.3101514969999926],[36.771895476800125,-1.3101300983000215],[36.771900789000085,-1.3101032905999546],[36.77190085710009,-1.3100871876999918],[36.77191165430003,-1.3100657238999815],[36.77191711930004,-1.3100388961000249],[36.7719225611001,-1.3100174380999192],[36.77192804810011,-1.3099906182999348],[36.7719390635001,-1.3099691566999923],[36.771950050399994,-1.3099530668999932],[36.771961052800066,-1.3099316286999851],[36.77196659489999,-1.3099102026999958],[36.77196668160008,-1.3098887821000176],[36.77196676829993,-1.309867365499997],[36.77196687640014,-1.3098406002998786],[36.77196698490002,-1.3098138412000253],[36.77195616580008,-1.3097924128999239],[36.77195082139997,-1.3097656438000058],[36.77193454269997,-1.3097441900998774],[36.77191843610001,-1.3097227619999785],[36.77189712240005,-1.30970671879993],[36.77188115760009,-1.3096906768000167],[36.771865242899935,-1.3096639417000233],[36.77185999390014,-1.3096425549999822],[36.77189816470002,-1.3094612972000164],[36.77194219200004,-1.3092838413999175],[36.771942258800095,-1.3092731060999654],[36.771890252400055,-1.3090106854999704],[36.77184389950003,-1.3087383093999847],[36.77184049360011,-1.3085252879000109],[36.771868413400114,-1.3083819393999647],[36.771923106700115,-1.3081860996999808],[36.77208363850008,-1.3080287398000223],[36.77226886710014,-1.307909047799967],[36.772441724800046,-1.3078632785999957],[36.77259200690003,-1.3078645923999943],[36.77288137790009,-1.307912181499944]]]}},{"type":"Feature","properties":{"Id":136,"Country":"Kenya","City":"Nairobi","Settlement":"Makina","Date_updat":"26.02.2014","kyc_pop":15008.0,"kyc_area_a":"76","kyc_struct":275.0,"kyc_year":2014},"geometry":{"type":"Polygon","coordinates":[[[36.7854278556,-1.3057944469],[36.7856257253,-1.3058533585],[36.7858410951,-1.3059078904],[36.7859890961,-1.3059968896],[36.786195996,-1.3060514336],[36.78644085900001,-1.3061493749],[36.7866244664,-1.3062323014],[36.7866338264,-1.3062384637],[36.7868583139,-1.306278462],[36.7870138793,-1.3062505764],[36.7871513337,-1.3061879948],[36.7872684221,-1.3062680292],[36.7873541497,-1.3063236193],[36.7874963469,-1.3064796146],[36.787412676,-1.3065791151],[36.7874032955,-1.3065916274],[36.7872880049,-1.3067383533],[36.7872848986,-1.3067414661],[36.7871481876,-1.3068878998],[36.7869885572,-1.3069911467],[36.7868671934,-1.3070660155],[36.7868410152,-1.3070821647],[36.7868228738,-1.3070886089],[36.7866724717,-1.3071420348],[36.7866817547,-1.3071513616],[36.7866910163,-1.3071638124],[36.7866971601,-1.3071762781],[36.7867064042,-1.3071918617],[36.7867125292,-1.3072074617],[36.7867187281,-1.3072136927],[36.7867342779,-1.3072230241],[36.7867436292,-1.3072261237],[36.786756108,-1.3072292153],[36.78677477730001,-1.3072416734],[36.786784094,-1.3072510336],[36.7867965425,-1.307260389],[36.7868027791,-1.307263503],[36.7868183643,-1.3072728555],[36.786830845,-1.3072790876],[36.7868464419,-1.3072884468],[36.7868651781,-1.3072978028],[36.7868776554,-1.3073071771],[36.7868995417,-1.3073165347],[36.7869057945,-1.3073196572],[36.7869245758,-1.3073258904],[36.786946486,-1.3073352578],[36.7869621453,-1.3073415032],[36.7869778252,-1.3073446114],[36.7869935098,-1.3073477204],[36.7870123259,-1.3073539651],[36.7870342807,-1.3073633495],[36.7870499902,-1.3073664679],[36.7870688207,-1.3073727144],[36.7870782599,-1.3073758533],[36.7870908556,-1.3073821464],[36.78711289,-1.3073884243],[36.7871191893,-1.3073915715],[36.7871380893,-1.307401014],[36.7871475308,-1.3074009992],[36.7871664294,-1.3074072857],[36.7871758855,-1.3074135874],[36.7871884854,-1.3074167268],[36.787207396,-1.307426174],[36.787223159,-1.3074356266],[36.7872452207,-1.3074419141],[36.7872609841,-1.3074482107],[36.7872704461,-1.3074545157],[36.7872830573,-1.3074576591],[36.7872988228,-1.3074607993],[36.7873145914,-1.3074639401],[36.78733351660001,-1.307467078],[36.7873461346,-1.3074670641],[36.7873587565,-1.3074702098],[36.7873713814,-1.3074765154],[36.7873840066,-1.3074796621],[36.7874029481,-1.3074891224],[36.7874187342,-1.3074891075],[36.7874313654,-1.3074954159],[36.78749502,-1.3075310915],[36.7875361276,-1.307613275],[36.7875582628,-1.3076954151],[36.7876275646,-1.307783512],[36.7876685915,-1.3078718759],[36.7877158977,-1.3079348965],[36.7877758991,-1.3080169584],[36.7878391056,-1.3081401821],[36.7878740147,-1.3083015448],[36.7879151663,-1.3084531827],[36.787915172,-1.3084594976],[36.7879310062,-1.3085446997],[36.7879374097,-1.3086770553],[36.7879374662,-1.3087588747],[36.7879563803,-1.3088376092],[36.7880130975,-1.3090045742],[36.7880163951,-1.3092067883],[36.7880417322,-1.3093296938],[36.7880772715,-1.3093577177],[36.7880865576,-1.3093650401],[36.78810117120001,-1.3093765634],[36.7881981706,-1.3094137223],[36.7883234742,-1.3094601132],[36.78843001230001,-1.3095127778],[36.7884867747,-1.3095219681],[36.7885316829,-1.309529239],[36.7885553673,-1.3095330737],[36.78869730190001,-1.3096200075],[36.7887416538,-1.3096926671],[36.7887797351,-1.3098197811],[36.788814754,-1.3098833816],[36.788869023,-1.3099886356],[36.7889202688,-1.3100846318],[36.7890361149,-1.3101456631],[36.7891072652,-1.3101908461],[36.7891655543,-1.3102264171],[36.7892013098,-1.3102846417],[36.7891301233,-1.3103393928],[36.7885089876,-1.310680757],[36.7875471528,-1.3111729743],[36.7860983988,-1.3119046034],[36.7840153354,-1.3129539233],[36.78395078400001,-1.3129145367],[36.7839115216,-1.3127885132],[36.7839518241,-1.3126326774],[36.7852397807,-1.312028774],[36.7851363914,-1.3118251583],[36.785538596,-1.311638373],[36.7854871442,-1.311429967],[36.78543704930001,-1.3112896306],[36.7853366198,-1.3111433476],[36.7853334652,-1.311143319],[36.7852759612,-1.3106102906],[36.7852106807,-1.3105855803],[36.7850613906,-1.3105331255],[36.7850496301,-1.3101552129],[36.7847730055,-1.3101514022],[36.78476360650001,-1.3096404666],[36.7838795581,-1.3096622079],[36.783855951,-1.3088258457],[36.783118679,-1.3088320668],[36.7831310977,-1.3093820564],[36.7830173352,-1.3093820559],[36.7830081112,-1.3093820559],[36.782992738,-1.3093851297],[36.7828451724,-1.3094066062],[36.7827529351,-1.3094127626],[36.7827313916,-1.3094466062],[36.7827160179,-1.3094957879],[36.7826852711,-1.3095634129],[36.78266682290001,-1.3096002992],[36.7826483747,-1.3096279641],[36.7826207026,-1.3096464071],[36.7826084039,-1.309649481],[36.7825561344,-1.3096648502],[36.7824946409,-1.3096894411],[36.7823747284,-1.3097447705],[36.7822855628,-1.3097878046],[36.7822053647,-1.3097911258],[36.7820868532,-1.3096499513],[36.7822022513,-1.3095743796],[36.7822147034,-1.3095742018],[36.78232553440001,-1.3095156287],[36.7824946418,-1.3094510776],[36.7825070128,-1.3093956389],[36.7821878203,-1.3091392338],[36.7820550935,-1.3090043345],[36.7817316123,-1.3086755582],[36.7817984269,-1.3083854668],[36.7817220396,-1.3083341771],[36.78172234980001,-1.3082697937],[36.7819369107,-1.3079851163],[36.7822047291,-1.3077308419],[36.7824395541,-1.3073853669],[36.7826688694,-1.3071852207],[36.7829971047,-1.3069193534],[36.7833081294,-1.3066704012],[36.78365133620001,-1.30646978],[36.7840864723,-1.306194149],[36.7843123852,-1.306091741],[36.7845480961,-1.3059836417],[36.7847402552,-1.3059189877],[36.7849693697,-1.3058451716],[36.7851332657,-1.3058241725],[36.7851363561,-1.3058241825],[36.7852938372,-1.3058062755],[36.7854185802,-1.3057913493],[36.7854278556,-1.3057944469]]]}},{"type":"Feature","properties":{"Id":87,"Country":"Kenya","City":"Nairobi","Settlement":"Dam Village","Date_updat":"27.02.2014","kyc_pop":1480.0,"kyc_area_a":"6","kyc_struct":306.0,"kyc_year":2014},"geometry":{"type":"Polygon","coordinates":[[[36.7357753839,-1.2641371802],[36.7360375943,-1.263508377],[36.7361376498,-1.2635616224],[36.7362449547,-1.2636812263],[36.7364905274,-1.2637079643],[36.7367745172,-1.263687985],[36.7369992255,-1.2636614054],[36.7373235242,-1.2635690501],[36.7376211076,-1.2634501252],[36.7376277192,-1.2634501326],[36.7378127737,-1.2634503354],[36.7380573255,-1.2633908984],[36.7383353289,-1.2633046243],[36.7389954912,-1.2630893813],[36.7390956528,-1.2631354783],[36.7390576785,-1.2634097535],[36.738976407,-1.2635427922],[36.7387768537,-1.2635697219],[36.7387429209,-1.2636888708],[36.7387819201,-1.2638869124],[36.7389008141,-1.2640320038],[36.7388804977,-1.2642034492],[36.7386218452,-1.2642493694],[36.7383506677,-1.2642622756],[36.7383308551,-1.2642688312],[36.7379558828,-1.2643345006],[36.7379427519,-1.2643345117],[36.7375614485,-1.2642887775],[36.7371598773,-1.2643282285],[36.7366270273,-1.264314954],[36.7366073483,-1.2643149376],[36.7362205771,-1.2642883843],[36.736181337,-1.2642817827],[36.7357753839,-1.2641371802]]]}},{"type":"Feature","properties":{"Id":115,"Country":"Kenya","City":"Nairobi","Settlement":"Kaptagat","Date_updat":"27.02.2014","kyc_pop":1600.0,"kyc_area_a":"","kyc_struct":239.0,"kyc_year":2014},"geometry":{"type":"Polygon","coordinates":[[[36.74520059490001,-1.2639971567],[36.7436029065,-1.2640551084],[36.7438954943,-1.2638740865],[36.7471973211,-1.2626326549],[36.7475886131,-1.2625950902],[36.7483914476,-1.2627397392],[36.7491959937,-1.2630767306],[36.7497197573,-1.2630375332],[36.7502355413,-1.2627604901],[36.7502631389,-1.2627329034],[36.7504371218,-1.2624946629],[36.75057471750001,-1.2621551454],[36.7506651944,-1.261862993],[36.7507298726,-1.2618624779],[36.7507586262,-1.2620814415],[36.7508039975,-1.2623940533],[36.7509050811,-1.2625041284],[36.7509601694,-1.2625041289],[36.7514205105,-1.2624023619],[36.7514389417,-1.2624023247],[36.7514945145,-1.2623744888],[36.7521063586,-1.2620956947],[36.7521615768,-1.2620956951],[36.7528939432,-1.2618720424],[36.7529315604,-1.2618532135],[36.753523595,-1.2616816367],[36.7535518555,-1.2616628895],[36.7535801226,-1.2616441383],[36.7536459197,-1.2616158638],[36.7540687604,-1.261436863],[36.7542700355,-1.2616411991],[36.7542091702,-1.262139351],[36.7541882629,-1.2625075457],[36.7545748017,-1.2625258483],[36.7546208387,-1.2625350525],[36.7548421318,-1.2627377667],[36.75438306810001,-1.2640451266],[36.751754152,-1.263956895],[36.7505352313,-1.2638750301],[36.7495670437,-1.2639547654],[36.7486865793,-1.2639950594],[36.7470250117,-1.2639480903],[36.74520059490001,-1.2639971567]]]}},{"type":"Feature","properties":{"Id":88,"Country":"Kenya","City":"Nairobi","Settlement":"Deepsea","Date_updat":"10.09.2018","kyc_pop":12000.0,"kyc_area_a":"10","kyc_struct":1013.0,"kyc_year":2018},"geometry":{"type":"Polygon","coordinates":[[[36.81230992147241,-1.2545242646459391],[36.812292403200026,-1.2543145202999897],[36.81246669950003,-1.254091463000003],[36.812971517499996,-1.2533451890999485],[36.812940349700014,-1.2530305036000031],[36.81335413380002,-1.2529251218999866],[36.81411717930003,-1.252849815599959],[36.81473231160002,-1.2527746463000218],[36.81509596370004,-1.2529102245999997],[36.81506884420001,-1.2530604668000098],[36.81484411370004,-1.253090445699998],[36.81491935190003,-1.253911551199953],[36.814888726826055,-1.2539526691932232],[36.8146200891419,-1.2540158516026216],[36.81442884413748,-1.2540321734855053],[36.81413264760636,-1.2540927976211398],[36.81396472516353,-1.2541324364782958],[36.81337932886966,-1.2542210409803372],[36.81230992147241,-1.2545242646459391]]]}},{"type":"Feature","properties":{"Id":104,"Country":"Kenya","City":"Nairobi","Settlement":"Kombimoto","Date_updat":"20.03.2014","kyc_pop":2088.0,"kyc_area_a":"1.29","kyc_struct":255.0,"kyc_year":2014},"geometry":{"type":"Polygon","coordinates":[[[36.8765827129,-1.2607996313],[36.8766403996,-1.2594817591],[36.87693221880001,-1.2594775607],[36.8770152173,-1.2595131139],[36.8769551236,-1.2606487106],[36.8768967656,-1.2608221834],[36.8765827129,-1.2607996313]]]}},{"type":"Feature","properties":{"Id":91,"Country":"Kenya","City":"Nairobi","Settlement":"Ex-Grogan","Date_updat":"19.03.2014","kyc_pop":1284.0,"kyc_area_a":"11.9","kyc_struct":221.0,"kyc_year":2014},"geometry":{"type":"Polygon","coordinates":[[[36.8750284803,-1.2595922258],[36.8750662303,-1.2590595461],[36.8757310842,-1.2591021336],[36.8762291,-1.2591270039],[36.876212407,-1.2593850201],[36.87614484310001,-1.2594315297],[36.87614062120001,-1.2594315304],[36.8760773015,-1.259494926],[36.8760773011,-1.2594991517],[36.8760519703,-1.2596766243],[36.8750284803,-1.2595922258]]]}},{"type":"Feature","properties":{"Id":134,"Country":"Kenya","City":"Nairobi","Settlement":"Mahiira","Date_updat":"19.03.2014","kyc_pop":4040.0,"kyc_area_a":"1","kyc_struct":161.0,"kyc_year":2014},"geometry":{"type":"Polygon","coordinates":[[[36.8757588984,-1.254669148],[36.8764824709,-1.2542205008],[36.8767934705,-1.2546364765],[36.8766912276,-1.2547062511],[36.8764127767,-1.2548734114],[36.8764128198,-1.2548780408],[36.8762459851,-1.2549568029],[36.8759741355,-1.2551228772],[36.8757588984,-1.254669148]]]}},{"type":"Feature","properties":{"Id":135,"Country":"Kenya","City":"Nairobi","Settlement":"Maili Saba Central Zone","Date_updat":"06.03.2014","kyc_pop":7515.0,"kyc_area_a":"14","kyc_struct":298.0,"kyc_year":2014},"geometry":{"type":"Polygon","coordinates":[[[36.9120074809,-1.248930476],[36.9122831032,-1.2487923829],[36.9125365645,-1.2486806881],[36.9129189044,-1.2485818811],[36.9132862086,-1.2485192318],[36.91371473,-1.2485450075],[36.913843487,-1.2485438681],[36.9139000982,-1.2486726487],[36.9139757093,-1.2488446504],[36.9146402954,-1.250432354],[36.9128967435,-1.2513082869],[36.9120074809,-1.248930476]]]}},{"type":"Feature","properties":{"Id":78,"Country":"Kenya","City":"Nairobi","Settlement":"Biafra Zone","Date_updat":"06.03.2014","kyc_pop":2595.0,"kyc_area_a":"13","kyc_struct":168.0,"kyc_year":2014},"geometry":{"type":"Polygon","coordinates":[[[36.9111691819,-1.24937376],[36.91058519750001,-1.2478757743],[36.9104830731,-1.2476257456],[36.9105208201,-1.2475448594],[36.9105624757,-1.2474750496],[36.9105888586,-1.2474340095],[36.910641161,-1.247381707],[36.9107144789,-1.2473150008],[36.9107536504,-1.2472875808],[36.9108334876,-1.2472422733],[36.9108996035,-1.2472290501],[36.9109530171,-1.2472187702],[36.9109818818,-1.247213215],[36.9110413665,-1.2472223665],[36.911087124,-1.2472543967],[36.9111511844,-1.2472910027],[36.9111832146,-1.2473230329],[36.911265578,-1.2473825176],[36.9113432022,-1.2473792833],[36.9114348806,-1.2473733661],[36.9114943653,-1.2473733661],[36.9115996075,-1.2473916691],[36.9116781815,-1.2474077497],[36.9117466865,-1.2474011643],[36.9118175345,-1.2473892171],[36.9118878795,-1.2473825176],[36.9119382127,-1.2473504874],[36.9119885459,-1.2472818512],[36.9120114246,-1.247268124],[36.9120388791,-1.2472406695],[36.9120663335,-1.2472223665],[36.9121212425,-1.2472086393],[36.912192486,-1.2472140548],[36.9122452826,-1.2472071683],[36.91230974220001,-1.2472021559],[36.912351139,-1.2472021559],[36.9124087575,-1.2471877512],[36.9124994726,-1.2471598952],[36.9125811859,-1.2471228294],[36.9126168828,-1.2471029977],[36.9126486134,-1.2470593681],[36.9126637374,-1.247009675],[36.9126763777,-1.2469681427],[36.9126843103,-1.2469086478],[36.9126843103,-1.2468491529],[36.9126962093,-1.2468253549],[36.9127215297,-1.2468084747],[36.9127438052,-1.2467936243],[36.9127438052,-1.2467420621],[36.9127517379,-1.2467023989],[36.9127715695,-1.246642904],[36.9128072664,-1.2466111734],[36.9128310644,-1.2465635775],[36.912850896,-1.2465358132],[36.9129222899,-1.2465358132],[36.91304947540001,-1.2472680585],[36.9131819078,-1.2478905904],[36.9132100904,-1.2480124583],[36.91323009670001,-1.2480920457],[36.9132499412,-1.2481709896],[36.9132537748,-1.2482997716],[36.9132559325,-1.2483722555],[36.913256623,-1.2483954498],[36.9132888427,-1.2485178845],[36.9132031595,-1.248532499],[36.9130994713,-1.2485501846],[36.9129681649,-1.248572581],[36.9129215385,-1.2485805338],[36.9125391986,-1.2486793407],[36.9122700332,-1.2487989037],[36.912010115,-1.2489291287],[36.9117238337,-1.2490804958],[36.9113540098,-1.2492760349],[36.9111691819,-1.24937376]]]}},{"type":"Feature","properties":{"Id":83,"Country":"Kenya","City":"Nairobi","Settlement":"Bosnia","Date_updat":"06.03.2014","kyc_pop":5144.0,"kyc_area_a":"40","kyc_struct":309.0,"kyc_year":2014},"geometry":{"type":"Polygon","coordinates":[[[36.9145889974,-1.2460668181],[36.9146164411,-1.2460725957],[36.9146347002,-1.2460764398],[36.9146484805,-1.2460793409],[36.9146715,-1.2460793409],[36.9146860487,-1.2460793409],[36.9147110942,-1.2460887329],[36.9147235103,-1.2460912161],[36.914736279,-1.2460937699],[36.9147624357,-1.2460949943],[36.91481872930001,-1.2460949943],[36.9148497496,-1.2460935233],[36.9148690514,-1.2460907659],[36.9148924454,-1.2460887329],[36.9149505453,-1.2460902931],[36.9149646799,-1.2460918636],[36.9149886325,-1.2460994276],[36.9150101112,-1.2461062103],[36.91502416300001,-1.2461106477],[36.9150525474,-1.2461153785],[36.9150889544,-1.2461219578],[36.915116827,-1.2461282925],[36.9151322504,-1.2461317978],[36.91514939050001,-1.2461356932],[36.9151684362,-1.2461427101],[36.9151945956,-1.2461523478],[36.9152088735,-1.246157608],[36.9152207812,-1.2461635619],[36.9152334473,-1.2461698949],[36.9152412418,-1.2461737922],[36.9152502541,-1.2461782984],[36.9152656785,-1.2461801126],[36.9152772522,-1.2461806387],[36.9152851798,-1.2461809991],[36.9153009797,-1.2461817172],[36.9153125534,-1.2461822433],[36.9153215782,-1.2461826535],[36.9153318347,-1.2461802867],[36.9153496686,-1.2461761712],[36.9153622772,-1.2461732615],[36.9153752795,-1.2461635098],[36.9153846328,-1.2461564947],[36.9153949605,-1.246148749],[36.9153998454,-1.2461450853],[36.91541549890001,-1.2461106477],[36.9154248909,-1.246048034],[36.9154012639,-1.2459617849],[36.9153885716,-1.2459258234],[36.9153835415,-1.2459069099],[36.91537166920001,-1.2457944483],[36.91537166920001,-1.2457600108],[36.9153873227,-1.245697397],[36.9154468057,-1.245597215],[36.9154654244,-1.2455767345],[36.9155125502,-1.2455283399],[36.9155814481,-1.2454982266],[36.9156293925,-1.245473329],[36.9156614396,-1.2454599836],[36.9156878686,-1.2454500727],[36.9157071135,-1.2454351046],[36.9157160448,-1.2454281579],[36.9157347804,-1.2454195107],[36.9157616466,-1.2454066995],[36.9157911813,-1.2453905897],[36.91581348450001,-1.2453698796],[36.9158350109,-1.2453498908],[36.9158495977,-1.2453183386],[36.9158610299,-1.2452922079],[36.9158685607,-1.24528056],[36.9158887598,-1.2452553111],[36.9159007554,-1.2452403167],[36.9159346202,-1.2451750059],[36.9160197215,-1.2450305607],[36.9160854659,-1.2449429014],[36.9161230342,-1.2449084639],[36.9161598286,-1.2448888402],[36.9162018164,-1.2448652344],[36.9162277282,-1.2448530252],[36.916254523,-1.2448427194],[36.9162947197,-1.2448210557],[36.9163327902,-1.2448020205],[36.9163891426,-1.2447707136],[36.9164348492,-1.2446578193],[36.9164580177,-1.2446079179],[36.9164674098,-1.2445438298],[36.9164674098,-1.244517128],[36.91643444160001,-1.2444088314],[36.916402408,-1.2443115368],[36.9163922733,-1.2442760651],[36.9163797505,-1.2441790138],[36.9163797505,-1.2441351841],[36.9163990633,-1.2440859466],[36.9164205654,-1.2440357752],[36.9164517563,-1.2439880418],[36.916496996,-1.2439554248],[36.9165081087,-1.2439473429],[36.9165465426,-1.2439391071],[36.916584987,-1.243930869],[36.9166070681,-1.2439233795],[36.9166709044,-1.2438941212],[36.9166961088,-1.2438885202],[36.9167272568,-1.2438815985],[36.9167586794,-1.2438716755],[36.9167867398,-1.2438628143],[36.9168213123,-1.2438441984],[36.9168578953,-1.2438189031],[36.9168837911,-1.2438002006],[36.9169276208,-1.243756371],[36.916965189,-1.2437125414],[36.9169996266,-1.2436687117],[36.9178935728,-1.2448974932],[36.9180669262,-1.245111904],[36.9182950228,-1.2456274024],[36.9179528779,-1.2461246531],[36.918285899,-1.2469184294],[36.9186417297,-1.2478627495],[36.9188698264,-1.2483782479],[36.9168808237,-1.2492450151],[36.9164884975,-1.2495369788],[36.9162428676,-1.2496868105],[36.9162183455,-1.2496069537],[36.9161870669,-1.2495347725],[36.91624311340001,-1.2494980875],[36.9161014687,-1.2491567137],[36.9161187922,-1.2491251239],[36.9159431837,-1.2487443733],[36.9160315903,-1.2486989421],[36.9160194248,-1.2486256976],[36.9159018636,-1.248310592],[36.9157836892,-1.2480706786],[36.9158795698,-1.2480165604],[36.9155347276,-1.2473537665],[36.9152313955,-1.2470597893],[36.9151121846,-1.2469568765],[36.9150890851,-1.246936935],[36.9149956869,-1.2468918462],[36.9149036228,-1.246801741],[36.9148443175,-1.2467436974],[36.9147670224,-1.2465794455],[36.9146330784,-1.2461505049],[36.9145938048,-1.2460733229],[36.9145889974,-1.2460668181]]]}},{"type":"Feature","properties":{"Id":81,"Country":"Kenya","City":"Nairobi","Settlement":"Bondeni","Date_updat":"30.03.2014","kyc_pop":10344.0,"kyc_area_a":"24.513","kyc_struct":308.0,"kyc_year":2014},"geometry":{"type":"Polygon","coordinates":[[[36.9129222899,-1.2465358132],[36.9129500541,-1.2465199479],[36.9129857511,-1.2465040826],[36.9130174817,-1.2464882173],[36.9130375208,-1.246479311],[36.9130531786,-1.246472352],[36.9130789779,-1.2464700066],[36.9130968082,-1.2464683857],[36.9131233025,-1.2464683857],[36.9131325051,-1.2464683857],[36.9131631163,-1.2464656028],[36.9131761347,-1.2464644193],[36.9132051829,-1.246470229],[36.9132157979,-1.246472352],[36.9132484278,-1.2464995436],[36.9132871918,-1.2465318469],[36.9133168833,-1.2465546865],[36.913338754,-1.2465715101],[36.9133794428,-1.2466162678],[36.9134012901,-1.2466402998],[36.9134237438,-1.2466624337],[36.9134448856,-1.2466761137],[36.9134789548,-1.2466981585],[36.9134904527,-1.2467073435],[36.9135169756,-1.2467338664],[36.9135333656,-1.2467458861],[36.9135720062,-1.2467639184],[36.9136385721,-1.2467934102],[36.9136481274,-1.2467975907],[36.9136683473,-1.246802084],[36.9136838243,-1.2468055233],[36.9137197974,-1.2468055233],[36.9137522745,-1.2468055233],[36.9137948814,-1.2468055233],[36.9138120274,-1.2468033801],[36.9138250848,-1.2468017479],[36.9138453372,-1.2467992163],[36.9138583427,-1.2467975907],[36.9138721378,-1.2467922259],[36.9138917677,-1.2467845921],[36.9139093699,-1.2467777467],[36.9139249739,-1.2467716785],[36.9139430625,-1.2467625577],[36.9139679788,-1.246748967],[36.9140088944,-1.2467266493],[36.9140549053,-1.2466999307],[36.9140769666,-1.2466869535],[36.9140916759,-1.2466792705],[36.9141005765,-1.2466752248],[36.9141149368,-1.2466686974],[36.9141280528,-1.2466627356],[36.9141549001,-1.2466410846],[36.9142510089,-1.2465635775],[36.9143292317,-1.24641883],[36.9143422344,-1.2463771602],[36.9143422344,-1.2462542041],[36.9143699986,-1.2462066082],[36.9143937966,-1.2461986755],[36.9144084173,-1.2461913652],[36.9144232755,-1.2461839361],[36.9144334598,-1.2461788439],[36.9144477094,-1.2461560446],[36.9144532915,-1.2461471133],[36.9144622363,-1.2461269874],[36.9144691568,-1.2461114164],[36.9144863746,-1.246098503],[36.9145076726,-1.2460841886],[36.9145176394,-1.2460791506],[36.9145363472,-1.2460696943],[36.9145420371,-1.2460668181],[36.9145620015,-1.2460668181],[36.9145889974,-1.2460668181],[36.9145960766,-1.2460777877],[36.9146344299,-1.2461548331],[36.9147670224,-1.2465794455],[36.9148443175,-1.2467436974],[36.9149956869,-1.2468918462],[36.9150381521,-1.2469123466],[36.9150890851,-1.246936935],[36.9152313955,-1.2470597893],[36.9155347276,-1.2473537665],[36.9156322737,-1.247541252],[36.9158795698,-1.2480165604],[36.9157836892,-1.2480706786],[36.9159018636,-1.248310592],[36.9160194248,-1.2486256976],[36.9160315903,-1.2486989421],[36.9159431837,-1.2487443733],[36.9161187922,-1.2491251239],[36.9161014687,-1.2491567137],[36.91624311340001,-1.2494980875],[36.9161870669,-1.2495347725],[36.91622506230001,-1.2496288271],[36.9162428676,-1.2496868105],[36.9146429295,-1.2504310067],[36.9145060831,-1.2501040792],[36.9142807513,-1.2495657591],[36.9141197751,-1.2491811851],[36.9139334151,-1.2487410991],[36.9138461211,-1.2485425207],[36.9137490912,-1.2485433794],[36.9136388742,-1.248538939],[36.9135063272,-1.2485309662],[36.9133929565,-1.2485241469],[36.9132888427,-1.2485178845],[36.913256623,-1.2483954498],[36.9132499412,-1.2481709896],[36.9132181486,-1.2480445146],[36.9131707433,-1.2478381088],[36.9131091567,-1.2475486053],[36.9130574122,-1.2473053672],[36.9130087569,-1.2470336299],[36.912939995,-1.2466377472],[36.9129222899,-1.2465358132]]]}}]}